_primaryKey,_firstSeenAt,_lastSeenAt,listingId,vin,stockType,year,make,model,trim,price,msrp,mileage,bodyStyle,exteriorColor,interiorColor,drivetrain,transmission,engine,fuelType,mpg,stockNumber,sellerType,sellerName,sellerCity,sellerState,images,imagesCount,options,optionsCount,description,listingUrl
54f7aba1-09ee-4f16-aab9-f7635cb06a1a,2026-04-24 23:52:59.669,2026-04-27 23:53:10.164,54f7aba1-09ee-4f16-aab9-f7635cb06a1a,[PREMIUM],Used,2023,Ferrari,812 GTS,EXTRACAMPIONARIO BIANCO CERVINO FULL PPF SCRAPE ARMOR 7 YR WTY,[PREMIUM],[PREMIUM],2991,Convertible,Bianco Cervino,Nero,Rear-wheel Drive,,,Gasoline,,,dealership,[PREMIUM],St Clair Shores,MI,/vehicles/vehicle-type-4.webp,,[],,,[PREMIUM]
d10cee80-3ca1-451e-8183-05ebd975ccec,2026-04-24 23:44:18.677,2026-04-27 23:44:23.704,d10cee80-3ca1-451e-8183-05ebd975ccec,[PREMIUM],Used,2023,Lamborghini,Urus,Performante,[PREMIUM],[PREMIUM],5123,SUV,Verde Viper,Nero Cosmus with Arancio Leonis,All-wheel Drive,,,Gasoline,,,dealership,[PREMIUM],Costa Mesa,CA,/vehicles/vehicle-type-7.webp,,[],,,[PREMIUM]
f8908abe-08d3-4a83-8e12-69bf6e15224c,2026-04-24 23:36:17.123,2026-04-24 23:36:17.123,f8908abe-08d3-4a83-8e12-69bf6e15224c,[PREMIUM],New,2026,Chevrolet,Corvette,Z06,[PREMIUM],[PREMIUM],,Convertible,Rip Tide Blue,Jet Black,RWD,,,Gasoline,,,dealership,[PREMIUM],Clearwater,FL,/vehicles/vehicle-type-3.webp,,[],,,[PREMIUM]
c282bade-7c25-4b7b-9c8a-918f2c609750,2026-04-24 23:36:17.110,2026-04-27 23:36:23.406,c282bade-7c25-4b7b-9c8a-918f2c609750,[PREMIUM],New,2026,GMC,HUMMER EV Pickup,3X,[PREMIUM],[PREMIUM],0,Truck,Black,Granite,All-wheel Drive,,,Electric,,,dealership,[PREMIUM],Olathe,KS,/vehicles/vehicle-type-6.webp,,[],,,[PREMIUM]
a989d4ce-be3a-4057-b7ee-dd0ac88f4db3,2026-04-24 23:28:35.294,2026-04-24 23:28:35.294,a989d4ce-be3a-4057-b7ee-dd0ac88f4db3,[PREMIUM],Used,2007,Lamborghini,Gallardo,Spyder,[PREMIUM],[PREMIUM],19700,Convertible,Grey,Red,All-wheel Drive,,,Gasoline,,,dealership,[PREMIUM],Rochester,NY,/vehicles/vehicle-type-4.webp,,[],,,[PREMIUM]
67139df7-8a68-484f-8c57-692d40a7176d,2026-04-24 23:27:15.000,2026-04-24 23:27:15.000,67139df7-8a68-484f-8c57-692d40a7176d,[PREMIUM],Used,2017,Ferrari,California,T,[PREMIUM],[PREMIUM],20500,Convertible,White,Beige,Rear-wheel Drive,,,Gasoline,,,private,[PREMIUM],,,/vehicles/vehicle-type-6.webp,,[],,,[PREMIUM]
969c6fce-524c-4409-8b0d-6e0aa330d0d5,2026-04-24 23:25:14.089,2026-04-24 23:25:14.089,969c6fce-524c-4409-8b0d-6e0aa330d0d5,[PREMIUM],New,2026,BMW,740,740i,[PREMIUM],[PREMIUM],0,Sedan,Alpine White,Tartufo,Rear-wheel Drive,,,Gasoline,,,dealership,[PREMIUM],Alpharetta,GA,/vehicles/vehicle-type-5.webp,,[],,,[PREMIUM]
5f872c0b-f4e1-492f-ac1b-dc41027c1eea,2026-04-24 23:25:04.243,2026-04-24 23:25:04.243,5f872c0b-f4e1-492f-ac1b-dc41027c1eea,[PREMIUM],New,2026,GMC,Yukon XL,Denali,[PREMIUM],[PREMIUM],2,SUV,Glacier White Tricoat,Jet Black,Four Wheel Drive,,,Premium unleaded,,,dealership,[PREMIUM],San Jose,CA,/vehicles/vehicle-type-3.webp,,[],,,[PREMIUM]
d800aea2-0823-437b-a337-06ef0dd4951f,2026-04-24 23:25:04.187,2026-04-27 23:25:24.502,d800aea2-0823-437b-a337-06ef0dd4951f,[PREMIUM],New,2026,Cadillac,Escalade,Sport Platinum,[PREMIUM],[PREMIUM],3,SUV,Black Raven,Jet Black,Four-wheel Drive,,,Gasoline,,,dealership,[PREMIUM],West Covina,CA,/vehicles/vehicle-type-7.webp,,[],,,[PREMIUM]
4e81e1b2-a8cf-4239-9b73-1e8229ebea43,2026-04-24 23:22:23.658,2026-04-27 23:22:30.101,4e81e1b2-a8cf-4239-9b73-1e8229ebea43,[PREMIUM],New,2026,Ford,F-250,Platinum,[PREMIUM],[PREMIUM],10,Truck,Avalanche,Black Onyx,Four-wheel Drive,,,Diesel,,,dealership,[PREMIUM],High Point,NC,/vehicles/vehicle-type-7.webp,,[],,,[PREMIUM]
242bedff-0f9c-4fe0-83a3-c7360dba1dfc,2026-04-24 23:22:23.591,2026-04-24 23:22:23.591,242bedff-0f9c-4fe0-83a3-c7360dba1dfc,[PREMIUM],New,2026,Ford,F-150,Raptor,[PREMIUM],[PREMIUM],50,Truck,Shelter Green,Black,Four Wheel Drive,,,Regular unleaded,,,dealership,[PREMIUM],San Jose,CA,/vehicles/vehicle-type-3.webp,,[],,,[PREMIUM]
af20924b-f6dc-42dc-addd-503d295b9357,2026-04-24 23:22:23.530,2026-04-24 23:22:23.530,af20924b-f6dc-42dc-addd-503d295b9357,[PREMIUM],New,2026,Jeep,Grand Wagoneer,Summit,[PREMIUM],[PREMIUM],3,SUV,Bright White Clearcoat,Global Black,4WD,,,Gasoline,,,dealership,[PREMIUM],Appleton,WI,/vehicles/vehicle-type-6.webp,,[],,,[PREMIUM]
a951b213-6b1d-47ce-815c-e54cbe05dfd9,2026-04-24 23:21:53.319,2026-04-24 23:21:53.319,a951b213-6b1d-47ce-815c-e54cbe05dfd9,[PREMIUM],Used,2003,Ferrari,360 Spider,,[PREMIUM],[PREMIUM],42387,Convertible,Red,Blue,Rear-wheel Drive,,,Gasoline,,,dealership,[PREMIUM],San Juan Capistrano,CA,/vehicles/vehicle-type-5.webp,,[],,,[PREMIUM]
db00ca98-a60e-45e9-a728-3f07dc6c0fbf,2026-04-24 23:21:02.814,2026-04-24 23:21:02.814,db00ca98-a60e-45e9-a728-3f07dc6c0fbf,[PREMIUM],Used,2013,Rolls-Royce,Ghost,,[PREMIUM],[PREMIUM],33917,Sedan,Brown,Tan,Rear-wheel Drive,,,Gasoline,,,dealership,[PREMIUM],Boca Raton,FL,/vehicles/vehicle-type-4.webp,,[],,,[PREMIUM]
1a34e56e-aaa2-4abc-b171-599070f327f5,2026-04-24 23:19:42.534,2026-04-24 23:19:42.534,1a34e56e-aaa2-4abc-b171-599070f327f5,[PREMIUM],Used,2025,GMC,Yukon XL,4WD AT4,[PREMIUM],[PREMIUM],9449,SUV,Onyx Black,Forest Storm w/Mahogany Accents,Four-wheel Drive,,,Diesel,,,dealership,[PREMIUM],Katy,TX,/vehicles/vehicle-type-4.webp,,[],,,[PREMIUM]
ff821f9b-729e-4185-aebc-aa61aa1463d8,2026-04-24 23:19:32.734,2026-04-24 23:19:32.734,ff821f9b-729e-4185-aebc-aa61aa1463d8,[PREMIUM],New,2026,Ford,F-150,Raptor,[PREMIUM],[PREMIUM],2,Truck,Ruby Red Metallic Tinted Clearcoat,Black,4WD,,,Gasoline,,,dealership,[PREMIUM],Durand,IL,/vehicles/vehicle-type-5.webp,,[],,,[PREMIUM]
ff4b9470-bad4-43a5-8c68-4bf58c596dc8,2026-04-24 23:18:42.451,2026-04-27 23:18:57.036,ff4b9470-bad4-43a5-8c68-4bf58c596dc8,[PREMIUM],Used,2004,Lamborghini,Gallardo,Base AWD 2dr Coupe,[PREMIUM],[PREMIUM],46950,Coupe,Orange,Orange,All-wheel Drive,,,Gasoline,,,dealership,[PREMIUM],West Chester,OH,/vehicles/vehicle-type-2.webp,,[],,,[PREMIUM]
5b8a52f5-1b4a-46de-85d5-ae8423e34ca9,2026-04-24 23:16:41.808,2026-04-27 23:16:54.666,5b8a52f5-1b4a-46de-85d5-ae8423e34ca9,[PREMIUM],Used,2023,Ford,F-250,Lariat,[PREMIUM],[PREMIUM],25800,Truck,Black Metallic,Black Onyx,Four-wheel Drive,,,Diesel,,,dealership,[PREMIUM],Alcoa,TN,/vehicles/vehicle-type-6.webp,,[],,,[PREMIUM]
6299728c-4b30-4efb-bbc9-f313acb9eef5,2026-04-24 23:15:51.500,2026-04-27 23:16:13.547,6299728c-4b30-4efb-bbc9-f313acb9eef5,[PREMIUM],New,2026,Dodge,Durango,SRT Hellcat,[PREMIUM],[PREMIUM],17,SUV,Destroyer Gray Clearcoat,Demonic Red / Black,All-wheel Drive,,,Gasoline,,,dealership,[PREMIUM],Henderson,NV,/vehicles/vehicle-type-6.webp,,[],,,[PREMIUM]
746eec5c-be6d-411a-b4fd-32a3006b9824,2026-04-24 23:15:51.468,2026-04-24 23:15:51.468,746eec5c-be6d-411a-b4fd-32a3006b9824,[PREMIUM],New,2026,BMW,X5 PHEV,xDrive50e Plug-In Hybrid,[PREMIUM],[PREMIUM],10,SUV,Skyscraper Grey Metallic,Tartufo,AWD,,,Hybrid,,,dealership,[PREMIUM],Santa Monica,CA,/vehicles/vehicle-type-6.webp,,[],,,[PREMIUM]
b7a665fa-afe5-46b8-99b5-dc535c9c43c2,2026-04-24 23:15:51.213,2026-04-24 23:15:51.213,b7a665fa-afe5-46b8-99b5-dc535c9c43c2,[PREMIUM],New,2026,Chevrolet,Silverado 2500,"Crew Cab, Standard Bed, XR2, 4WD",[PREMIUM],[PREMIUM],0,Truck,Summit White,Jet Black/Graystone,Four-wheel Drive,,,Diesel,,,dealership,[PREMIUM],Buellton,CA,/vehicles/vehicle-type-7.webp,,[],,,[PREMIUM]
9b9c4c3b-7071-4e47-8f03-ba99004f84f6,2026-04-24 23:15:51.171,2026-05-03 23:16:46.613,9b9c4c3b-7071-4e47-8f03-ba99004f84f6,[PREMIUM],New,2026,Ford,F-250,Lariat,[PREMIUM],[PREMIUM],10,Truck,Carbonized Gray Metallic,Black Onyx,Four-wheel Drive,,,Diesel,,,dealership,[PREMIUM],High Point,NC,/vehicles/vehicle-type-4.webp,,[],,,[PREMIUM]
11bd946d-ada6-4078-936b-e4ebfeac9883,2026-04-24 23:13:29.810,2026-04-24 23:13:29.810,11bd946d-ada6-4078-936b-e4ebfeac9883,[PREMIUM],Used,2025,Lexus,GX 550,PREMIUM+,[PREMIUM],[PREMIUM],7385,SUV,Caviar,,Four-wheel Drive,,,Gasoline,,,dealership,[PREMIUM],Cheyenne,WY,/vehicles/vehicle-type-7.webp,,[],,,[PREMIUM]
55513a0b-912d-487d-b92b-02b7bef5d884,2026-04-24 23:13:29.759,2026-04-24 23:13:29.759,55513a0b-912d-487d-b92b-02b7bef5d884,[PREMIUM],New,2025,Ford,Expedition Max,Platinum,[PREMIUM],[PREMIUM],312,SUV,Star White,Mojave,4WD,,,Gasoline,,,dealership,[PREMIUM],High Point,NC,/vehicles/vehicle-type-5.webp,,[],,,[PREMIUM]
a23df1d9-2664-45ad-a3fc-77d720fc3d05,2026-04-24 23:13:19.531,2026-04-24 23:13:19.531,a23df1d9-2664-45ad-a3fc-77d720fc3d05,[PREMIUM],New,2026,Chevrolet,Corvette,Stingray w/1LT,[PREMIUM],[PREMIUM],0,Convertible,Green Metallic,Jet Black,RWD,,,Gasoline,,,dealership,[PREMIUM],Nashua,NH,/vehicles/vehicle-type-6.webp,,[],,,[PREMIUM]
fbd4840d-2af7-4c6a-9c39-4dd225a859dd,2026-04-24 23:13:19.420,2026-04-24 23:13:19.420,fbd4840d-2af7-4c6a-9c39-4dd225a859dd,[PREMIUM],New,2026,Ford,Bronco,Raptor,[PREMIUM],[PREMIUM],0,SUV,Shadow Black,Black Onyx,Four-wheel Drive,,,Gasoline,,,dealership,[PREMIUM],Fort Worth,TX,/vehicles/vehicle-type-4.webp,,[],,,[PREMIUM]
e1ae9455-1106-47db-8ec8-709f83b49d8d,2026-04-24 23:12:49.098,2026-04-24 23:12:49.098,e1ae9455-1106-47db-8ec8-709f83b49d8d,[PREMIUM],New,2026,Ford,F-350,Lariat Super Duty,[PREMIUM],[PREMIUM],10,Truck,Avalanche,Black Onyx,Four-wheel Drive,,,Diesel,,,dealership,[PREMIUM],High Point,NC,/vehicles/vehicle-type-3.webp,,[],,,[PREMIUM]
1f00774f-cc8f-40ee-b678-7163537fc195,2026-04-24 23:12:49.076,2026-04-24 23:12:49.076,1f00774f-cc8f-40ee-b678-7163537fc195,[PREMIUM],New,2026,Chevrolet,Silverado 3500,High Country,[PREMIUM],[PREMIUM],1,Truck,Black,Jet Black,Four-wheel Drive,,,Diesel,,,dealership,[PREMIUM],Batesburg-Leesville,SC,/vehicles/vehicle-type-3.webp,,[],,,[PREMIUM]
309a2e37-064b-4ea0-b0a6-ba7d273681c2,2026-04-24 23:12:49.048,2026-04-24 23:12:49.048,309a2e37-064b-4ea0-b0a6-ba7d273681c2,[PREMIUM],New,2026,Ford,F-250,,[PREMIUM],[PREMIUM],18,Truck,Gray,,Four-wheel Drive,,,Diesel,,,dealership,[PREMIUM],Andalusia,AL,/vehicles/vehicle-type-7.webp,,[],,,[PREMIUM]
b215721e-2845-44ea-8a6a-394fae2d9bc3,2026-04-24 23:12:49.046,2026-04-27 23:13:02.115,b215721e-2845-44ea-8a6a-394fae2d9bc3,[PREMIUM],New,2026,Mercedes-Benz,CLE 450,4MATIC,[PREMIUM],[PREMIUM],11,Convertible,Obsidian Black Metallic,Macchiato Beige,All-wheel Drive,,,Gasoline,,,dealership,[PREMIUM],Scottsdale,AZ,/vehicles/vehicle-type-4.webp,,[],,,[PREMIUM]
130dac1e-ca9b-4c53-b101-01b8f62e27f7,2026-04-24 23:12:49.019,2026-04-24 23:12:49.019,130dac1e-ca9b-4c53-b101-01b8f62e27f7,[PREMIUM],New,2026,Ford,Expedition Max,King Ranch,[PREMIUM],[PREMIUM],4,SUV,Dark Matter Gray Metallic,,Four-wheel Drive,,,Gasoline,,,dealership,[PREMIUM],Tallahassee,FL,/vehicles/vehicle-type-7.webp,,[],,,[PREMIUM]
e828cb28-c5b7-49f4-93fc-6cb4f9fecd76,2026-04-24 23:11:08.069,2026-04-24 23:11:08.069,e828cb28-c5b7-49f4-93fc-6cb4f9fecd76,[PREMIUM],Used,2012,Ferrari,California,Base,[PREMIUM],[PREMIUM],29164,Convertible,Argento Nurburgring Metallic,Crema,Rear-wheel Drive,,,Gasoline,,,dealership,[PREMIUM],Atlanta,GA,/vehicles/vehicle-type-7.webp,,[],,,[PREMIUM]
955723f3-3be4-46e5-9303-73d063cb9109,2026-04-24 23:09:18.146,2026-04-24 23:09:18.146,955723f3-3be4-46e5-9303-73d063cb9109,[PREMIUM],New,2026,Mercedes-Benz,Sprinter 2500,Standard Roof,[PREMIUM],[PREMIUM],0,Cargo Van,Tenorite Gray Metallic,Artico Man-Made Leather Black,All-wheel Drive,,,Diesel,,,dealership,[PREMIUM],Riverside,CA,/vehicles/vehicle-type-4.webp,,[],,,[PREMIUM]
6e1bc36a-7a48-4a17-9d9b-d999aec35766,2026-04-24 23:09:08.029,2026-04-24 23:09:08.029,6e1bc36a-7a48-4a17-9d9b-d999aec35766,[PREMIUM],New,2026,GMC,Yukon XL,Elevation,[PREMIUM],[PREMIUM],8,SUV,Metallic,,Rear-wheel Drive,,,Gasoline,,,dealership,[PREMIUM],Plano,TX,/vehicles/vehicle-type-1.webp,,[],,,[PREMIUM]
4ad344d5-c5ec-44e6-8929-fe6add807a57,2026-04-24 23:09:07.980,2026-04-24 23:09:07.980,4ad344d5-c5ec-44e6-8929-fe6add807a57,[PREMIUM],New,2026,GMC,Yukon XL,4WD Elevation,[PREMIUM],[PREMIUM],1,SUV,Onyx Black,Jet Black,Four-wheel Drive,,,Gasoline,,,dealership,[PREMIUM],Lincolnwood,IL,/vehicles/vehicle-type-1.webp,,[],,,[PREMIUM]
1d21331e-0962-4671-b414-16503a8c3989,2026-04-24 23:05:47.235,2026-04-24 23:05:47.235,1d21331e-0962-4671-b414-16503a8c3989,[PREMIUM],Used,2023,Cadillac,Escalade,Premium Luxury,[PREMIUM],[PREMIUM],15377,SUV,White,TAN,Four-wheel Drive,,,Gasoline,,,dealership,[PREMIUM],Irving,TX,/vehicles/vehicle-type-2.webp,,[],,,[PREMIUM]
9d5b2228-9e95-4937-b5dc-39afcd1a3936,2026-04-24 23:04:57.078,2026-04-24 23:04:57.078,9d5b2228-9e95-4937-b5dc-39afcd1a3936,[PREMIUM],Used,2024,Dodge,Durango,SRT Hellcat Premium AWD,[PREMIUM],[PREMIUM],3434,SUV,Vapor Gray,Demonic Red/Black,All-wheel Drive,,,Gasoline,,,dealership,[PREMIUM],Republic,MO,/vehicles/vehicle-type-5.webp,,[],,,[PREMIUM]
207389b4-0fae-4f57-8732-23a87b467a44,2026-04-24 23:04:46.763,2026-04-24 23:04:46.763,207389b4-0fae-4f57-8732-23a87b467a44,[PREMIUM],Used,2024,Lexus,GX 550,Premium+,[PREMIUM],[PREMIUM],7485,SUV,White,BLACK,Four-wheel Drive,,,Gasoline,,,dealership,[PREMIUM],Indianapolis,IN,/vehicles/vehicle-type-3.webp,,[],,,[PREMIUM]
1913cfea-17d0-4f1c-b7c2-e7e2efe5b2bc,2026-04-24 23:04:26.915,2026-04-24 23:04:26.915,1913cfea-17d0-4f1c-b7c2-e7e2efe5b2bc,[PREMIUM],New,2026,Chevrolet,Silverado 2500,LTZ,[PREMIUM],[PREMIUM],10,Truck,Summit White,Hve,Four-wheel Drive,,,Diesel,,,dealership,[PREMIUM],Forest Lake,MN,/vehicles/vehicle-type-1.webp,,[],,,[PREMIUM]
f34b0999-8197-4863-a912-d916df132b1f,2026-04-24 23:04:26.618,2026-05-06 23:05:21.781,f34b0999-8197-4863-a912-d916df132b1f,[PREMIUM],New,2026,Audi,S5,Premium Plus,[PREMIUM],[PREMIUM],15,Hatchback,Mythos,Black,All-wheel Drive,,,Gasoline,,,dealership,[PREMIUM],Highland Park,IL,/vehicles/vehicle-type-4.webp,,[],,,[PREMIUM]
c70e1019-2c64-4f1c-9c10-7dc1ce0cc390,2026-04-24 23:04:26.612,2026-04-30 23:04:56.807,c70e1019-2c64-4f1c-9c10-7dc1ce0cc390,[PREMIUM],New,2026,GMC,Sierra 1500,Denali,[PREMIUM],[PREMIUM],2,Truck,Onyx Black,Jet Black,Four-wheel Drive,,,Diesel,,,dealership,[PREMIUM],Boerne,TX,/vehicles/vehicle-type-7.webp,,[],,,[PREMIUM]
de5a1f17-5176-4954-aea6-f8633b11ab8d,2026-04-24 23:04:26.607,2026-04-27 23:04:47.557,de5a1f17-5176-4954-aea6-f8633b11ab8d,[PREMIUM],New,2026,Chevrolet,Tahoe,RST,[PREMIUM],[PREMIUM],,SUV,Radiant Red,Jet Black,Four-wheel Drive,,,Gasoline,,,dealership,[PREMIUM],Frankfort,IL,/vehicles/vehicle-type-1.webp,,[],,,[PREMIUM]
4ba73baf-120c-4302-8e22-505e74ed060d,2026-04-24 23:04:26.606,2026-04-24 23:04:26.606,4ba73baf-120c-4302-8e22-505e74ed060d,[PREMIUM],New,2026,Chevrolet,Suburban,Z71,[PREMIUM],[PREMIUM],,SUV,Summit White,Jet Black,Four-wheel Drive,,,Gasoline,,,dealership,[PREMIUM],Frankfort,IL,/vehicles/vehicle-type-7.webp,,[],,,[PREMIUM]
71a148ee-7aea-4b5d-a30f-2deab4de98fe,2026-04-24 23:04:26.600,2026-04-24 23:04:26.600,71a148ee-7aea-4b5d-a30f-2deab4de98fe,[PREMIUM],New,2026,Jeep,Grand Wagoneer,Limited,[PREMIUM],[PREMIUM],2,SUV,Fathom Blue Pearlcoat,Global Black,Four-wheel Drive,,,Gasoline,,,dealership,[PREMIUM],Libertyville,IL,/vehicles/vehicle-type-3.webp,,[],,,[PREMIUM]
2afd1a49-634f-422f-9aea-9b3333472d25,2026-04-24 23:04:26.537,2026-04-24 23:04:26.537,2afd1a49-634f-422f-9aea-9b3333472d25,[PREMIUM],New,2026,Ford,F-150,Raptor,[PREMIUM],[PREMIUM],0,Truck,Carbonized Gray Metallic,Black,Four-wheel Drive,,,Gasoline,,,dealership,[PREMIUM],Corsicana,TX,/vehicles/vehicle-type-5.webp,,[],,,[PREMIUM]
4e2f5590-2df0-4454-ae42-c859ef4d45e9,2026-04-24 23:04:16.342,2026-04-30 23:04:46.910,4e2f5590-2df0-4454-ae42-c859ef4d45e9,[PREMIUM],New,2026,Chevrolet,Silverado 2500,LTZ,[PREMIUM],[PREMIUM],10,Truck,Sterling Gray Metallic,Jet Black,Four-wheel Drive,,,Diesel,,,dealership,[PREMIUM],Forest Lake,MN,/vehicles/vehicle-type-2.webp,,[],,,[PREMIUM]
a5a18212-b5d8-41e6-a72f-2eafe7ed93ea,2026-04-24 23:04:16.277,2026-04-24 23:04:16.277,a5a18212-b5d8-41e6-a72f-2eafe7ed93ea,[PREMIUM],New,2026,Chevrolet,Silverado 2500,LT,[PREMIUM],[PREMIUM],3,Truck,Summit White,Gideon/Very Dark Atmosphere,Four-wheel Drive,,,Diesel,,,dealership,[PREMIUM],Richardson,TX,/vehicles/vehicle-type-1.webp,,[],,,[PREMIUM]
5133f982-6625-4f20-99e6-cf3352e67f83,2026-04-24 23:04:16.053,2026-04-24 23:04:16.053,5133f982-6625-4f20-99e6-cf3352e67f83,[PREMIUM],New,2026,Ford,F-150,Platinum,[PREMIUM],[PREMIUM],10,Truck,Avalanche,Gray,4WD,,,Gasoline,,,dealership,[PREMIUM],High Point,NC,/vehicles/vehicle-type-1.webp,,[],,,[PREMIUM]
4960e321-f38b-4d23-8953-7f2a6d815065,2026-04-24 23:04:16.048,2026-04-24 23:04:16.048,4960e321-f38b-4d23-8953-7f2a6d815065,[PREMIUM],New,2026,Ford,F-350,4X4 CREW CAB PICKUP/,[PREMIUM],[PREMIUM],41,Truck,AGATE BLACK,,Four-wheel Drive,,,Gasoline,,,dealership,[PREMIUM],Mukwonago,WI,/vehicles/vehicle-type-7.webp,,[],,,[PREMIUM]
0ca24032-ee52-49bb-b43f-44df1a2dc40c,2026-04-24 23:04:16.029,2026-04-27 23:04:27.213,0ca24032-ee52-49bb-b43f-44df1a2dc40c,[PREMIUM],New,2026,GMC,Sierra 1500,Denali,[PREMIUM],[PREMIUM],0,Truck,Glacier White Tricoat,Jet Black,Four-wheel Drive,,,Gasoline,,,dealership,[PREMIUM],Dayton,OH,/vehicles/vehicle-type-7.webp,,[],,,[PREMIUM]
f287e3a2-e2ff-4dc4-8010-1e02fc091d15,2026-04-24 23:02:05.480,2026-04-24 23:02:05.480,f287e3a2-e2ff-4dc4-8010-1e02fc091d15,[PREMIUM],Used,2021,Lexus,LX 570,Base,[PREMIUM],[PREMIUM],65938,SUV,Eminent White Pearl,Black,Four-wheel Drive,,,Gasoline,,,dealership,[PREMIUM],Brighton,MA,/vehicles/vehicle-type-6.webp,,[],,,[PREMIUM]
b3568230-48ae-4b86-b505-3e6a4195b158,2026-04-24 23:01:55.373,2026-04-27 23:02:05.356,b3568230-48ae-4b86-b505-3e6a4195b158,[PREMIUM],Used,2021,Chevrolet,Corvette,Stingray w/3LT,[PREMIUM],[PREMIUM],18575,Convertible,Accelerate Yellow Metallic,Jet Black,Rear-wheel Drive,,,Gasoline,,,dealership,[PREMIUM],Scottsdale,AZ,/vehicles/vehicle-type-4.webp,,[],,,[PREMIUM]
349d23ab-0786-4a11-bae4-c491837fdf7f,2026-04-24 23:01:55.277,2026-04-27 23:02:05.259,349d23ab-0786-4a11-bae4-c491837fdf7f,[PREMIUM],Used,2021,Mercedes-Benz,S-Class,4MATIC,[PREMIUM],[PREMIUM],44126,Sedan,Rubellite Red,Black,All-wheel Drive,,,Gasoline,,,dealership,[PREMIUM],Chicopee,MA,/vehicles/vehicle-type-5.webp,,[],,,[PREMIUM]
9f5c9972-a382-4bf1-81c8-09c1881c446b,2026-04-24 23:01:35.021,2026-04-24 23:01:35.021,9f5c9972-a382-4bf1-81c8-09c1881c446b,[PREMIUM],Used,2022,BMW,X5,M,[PREMIUM],[PREMIUM],15622,SUV,White,RED,Four-wheel Drive,,,Gasoline,,,dealership,[PREMIUM],St. Peters,MO,/vehicles/vehicle-type-4.webp,,[],,,[PREMIUM]
24117070-54be-45c7-acb0-06ea19cb3d81,2026-04-24 23:00:54.230,2026-04-27 23:01:14.621,24117070-54be-45c7-acb0-06ea19cb3d81,[PREMIUM],New,2026,Ford,F-150,Lariat,[PREMIUM],[PREMIUM],36,Truck,Avalanche,Black,Four-wheel Drive,,,Gasoline,,,dealership,[PREMIUM],High Point,NC,/vehicles/vehicle-type-7.webp,,[],,,[PREMIUM]
b0d09918-29e6-4157-b311-446034d396e7,2026-04-24 23:00:54.206,2026-04-30 23:01:15.425,b0d09918-29e6-4157-b311-446034d396e7,[PREMIUM],Used,2025,Chevrolet,Silverado 2500,High Country,[PREMIUM],[PREMIUM],18987,Truck,Summit White,Jet Black,Four-wheel Drive,,,Diesel,,,dealership,[PREMIUM],Junction City,KS,/vehicles/vehicle-type-4.webp,,[],,,[PREMIUM]
cd3fe8c7-bf76-4e77-9547-6bdc40baf4ca,2026-04-24 23:00:54.194,2026-04-27 23:01:04.500,cd3fe8c7-bf76-4e77-9547-6bdc40baf4ca,[PREMIUM],New,2025,Ford,F-150,Tremor,[PREMIUM],[PREMIUM],0,Truck,Carbonized Gray Metallic,Black,Four-wheel Drive,,,Gasoline,,,dealership,[PREMIUM],Richmond,VA,/vehicles/vehicle-type-6.webp,,[],,,[PREMIUM]
d417f0af-7a8f-4d01-98bc-d740e291d772,2026-04-24 23:00:54.186,2026-04-24 23:00:54.186,d417f0af-7a8f-4d01-98bc-d740e291d772,[PREMIUM],Used,2024,GMC,Yukon XL,Denali,[PREMIUM],[PREMIUM],25563,SUV,Midnight Blue Metallic,Jet Black,Four-wheel Drive,,,Gasoline,,,dealership,[PREMIUM],Hartford,VT,/vehicles/vehicle-type-1.webp,,[],,,[PREMIUM]
eff8aeca-db45-46be-b75e-29f6a3dad342,2026-04-24 23:00:33.927,2026-04-24 23:00:33.927,eff8aeca-db45-46be-b75e-29f6a3dad342,[PREMIUM],New,2026,Chevrolet,Silverado 1500,High Country,[PREMIUM],[PREMIUM],3,Truck,Radiant Red Tintcoat,Jet Black,Four-wheel Drive,,,Gasoline,,,dealership,[PREMIUM],Richardson,TX,/vehicles/vehicle-type-1.webp,,[],,,[PREMIUM]
90c33268-972f-44f1-a290-e4c7b6584867,2026-04-24 23:00:33.872,2026-04-24 23:00:33.872,90c33268-972f-44f1-a290-e4c7b6584867,[PREMIUM],New,2026,Toyota,Land Cruiser,Base,[PREMIUM],[PREMIUM],0,SUV,Meteor Shower,Black,Four-wheel Drive,,,Gasoline,,,dealership,[PREMIUM],Bend,OR,/vehicles/vehicle-type-5.webp,,[],,,[PREMIUM]
b4d2a62f-5adb-4f0f-a0f2-33916965f5db,2026-04-24 23:00:33.853,2026-04-24 23:00:33.853,b4d2a62f-5adb-4f0f-a0f2-33916965f5db,[PREMIUM],New,2026,Jaguar,F-PACE,R-Dynamic S P250 AWD Automatic,[PREMIUM],[PREMIUM],42,SUV,Santorini Black,Siena Tan Windsor leather seats,All-wheel Drive,,,Gasoline,,,dealership,[PREMIUM],Solon,OH,/vehicles/vehicle-type-2.webp,,[],,,[PREMIUM]
b1da4460-5128-42db-b03b-06451da63bbf,2026-04-24 23:00:23.925,2026-04-24 23:00:23.925,b1da4460-5128-42db-b03b-06451da63bbf,[PREMIUM],New,2026,Toyota,Tundra,1794 Edition,[PREMIUM],[PREMIUM],0,Truck,Pearl,Saddle Tan,Four-wheel Drive,,,Gasoline,,,dealership,[PREMIUM],San Marcos,TX,/vehicles/vehicle-type-3.webp,,[],,,[PREMIUM]
a57115a6-202c-490a-8735-e0db744ea91b,2026-04-24 23:00:14.219,2026-04-24 23:00:14.219,a57115a6-202c-490a-8735-e0db744ea91b,[PREMIUM],New,2026,RAM,1500,Laramie,[PREMIUM],[PREMIUM],2,Truck,Silver Zynith,Black,Four-wheel Drive,,,Gasoline,,,dealership,[PREMIUM],Corydon,IN,/vehicles/vehicle-type-2.webp,,[],,,[PREMIUM]
4de0bc36-02cf-42ce-8e2f-a82670a76195,2026-04-24 23:00:14.097,2026-04-24 23:00:14.097,4de0bc36-02cf-42ce-8e2f-a82670a76195,[PREMIUM],New,2026,Chevrolet,Tahoe,LT,[PREMIUM],[PREMIUM],0,SUV,Sterling Gray Metallic,Gideon/Very Dark Atmosphere,Four-wheel Drive,,,Gasoline,,,dealership,[PREMIUM],Buellton,CA,/vehicles/vehicle-type-7.webp,,[],,,[PREMIUM]
6f7d41f1-954f-4c48-bc42-a2398d2198a8,2026-04-24 23:00:13.990,2026-04-24 23:00:13.990,6f7d41f1-954f-4c48-bc42-a2398d2198a8,[PREMIUM],New,2026,GMC,Sierra 1500,SLT,[PREMIUM],[PREMIUM],100,Truck,Onyx Black,Dark Walnut,Four-wheel Drive,,,Gasoline,,,dealership,[PREMIUM],Devils Lake,ND,/vehicles/vehicle-type-6.webp,,[],,,[PREMIUM]
5d34073d-baf0-4554-b94a-5f86aab08878,2026-04-24 22:56:31.520,2026-04-30 22:56:52.633,5d34073d-baf0-4554-b94a-5f86aab08878,[PREMIUM],Used,2022,GMC,Sierra 2500,Denali,[PREMIUM],[PREMIUM],36740,Truck,Ebony Twilight Metallic,Jet Black,Four-wheel Drive,,,Diesel,,,dealership,[PREMIUM],Norco,CA,/vehicles/vehicle-type-3.webp,,[],,,[PREMIUM]
63e1a41d-c9b8-4245-b004-70d89423b0b4,2026-04-24 22:56:01.506,2026-04-27 22:56:11.973,63e1a41d-c9b8-4245-b004-70d89423b0b4,[PREMIUM],Used,2023,Ford,F-150,Raptor,[PREMIUM],[PREMIUM],39198,Truck,Black,BLACK,Four-wheel Drive,,,Gasoline,,,dealership,[PREMIUM],Richmond,TX,/vehicles/vehicle-type-7.webp,,[],,,[PREMIUM]
f0f980c2-10ed-4099-8231-efafc48ab8d7,2026-04-24 22:55:11.224,2026-04-27 22:55:21.075,f0f980c2-10ed-4099-8231-efafc48ab8d7,[PREMIUM],New,2026,Audi,Q5,Prestige,[PREMIUM],[PREMIUM],6,SUV,Black,Black,All-wheel Drive,,,Gasoline,,,dealership,[PREMIUM],Highland Park,IL,/vehicles/vehicle-type-5.webp,,[],,,[PREMIUM]
d3c8bd7b-10be-4078-8b64-10848938f482,2026-04-24 22:55:11.209,2026-04-24 22:55:11.209,d3c8bd7b-10be-4078-8b64-10848938f482,[PREMIUM],Used,2025,Ford,Expedition Max,Platinum,[PREMIUM],[PREMIUM],22103,SUV,Black,,Four-wheel Drive,,,Gasoline,,,dealership,[PREMIUM],Webster,TX,/vehicles/vehicle-type-6.webp,,[],,,[PREMIUM]
0f4c86ef-2f27-4f67-bcf8-e1e0cc286e96,2026-04-24 22:55:11.197,2026-04-24 22:55:11.197,0f4c86ef-2f27-4f67-bcf8-e1e0cc286e96,[PREMIUM],New,2026,Chevrolet,Tahoe,LT,[PREMIUM],[PREMIUM],0,SUV,Gray,"Gideon/Very Dark Atmosphere, Leather-Appointed seating surfaces",Rear-wheel Drive,,,Gasoline,,,dealership,[PREMIUM],Cocoa,FL,/vehicles/vehicle-type-2.webp,,[],,,[PREMIUM]
52803302-6550-4153-b95f-534b6a3681b0,2026-04-24 22:54:41.018,2026-04-24 22:54:41.018,52803302-6550-4153-b95f-534b6a3681b0,[PREMIUM],New,2026,Ford,Mustang,Dark Horse,[PREMIUM],[PREMIUM],10,Coupe,Oxford White,Black / Blue,RWD,,,Gasoline,,,dealership,[PREMIUM],High Point,NC,/vehicles/vehicle-type-2.webp,,[],,,[PREMIUM]
789605c6-483b-4258-aef4-989446ff4261,2026-04-24 22:54:41.009,2026-04-30 22:55:01.372,789605c6-483b-4258-aef4-989446ff4261,[PREMIUM],New,2026,Chevrolet,Silverado 1500,LTZ,[PREMIUM],[PREMIUM],3,Truck,Cypress Gray,Jet Black,Four-wheel Drive,,,Gasoline,,,dealership,[PREMIUM],Richardson,TX,/vehicles/vehicle-type-1.webp,,[],,,[PREMIUM]
3605833d-1d08-400f-956e-ed6c22e73608,2026-04-24 22:54:40.980,2026-05-03 22:55:21.220,3605833d-1d08-400f-956e-ed6c22e73608,[PREMIUM],New,2026,Jeep,Wrangler,Rubicon,[PREMIUM],[PREMIUM],40,SUV,Bright White Clearcoat,Black,Four-wheel Drive,,,Gasoline,,,dealership,[PREMIUM],Gilroy,CA,/vehicles/vehicle-type-4.webp,,[],,,[PREMIUM]
1dac6e75-7959-4175-8ef3-9a6e86dffe26,2026-04-24 22:54:40.979,2026-04-24 22:54:40.979,1dac6e75-7959-4175-8ef3-9a6e86dffe26,[PREMIUM],New,2026,Ford,Transit-350,XLT,[PREMIUM],[PREMIUM],10,,Oxford White,Gray,Rear-wheel Drive,,,E85 Flex Fuel,,,dealership,[PREMIUM],High Point,NC,/vehicles/vehicle-type-1.webp,,[],,,[PREMIUM]
15b324d3-dba3-41ef-801e-8cfa5bec1e8e,2026-04-24 22:54:00.664,2026-04-24 22:54:00.664,15b324d3-dba3-41ef-801e-8cfa5bec1e8e,[PREMIUM],New,2026,Chevrolet,Silverado 2500,LT,[PREMIUM],[PREMIUM],,Truck,Lakeshore Blue Metallic,Jet Black,4WD,,,Gasoline,,,dealership,[PREMIUM],Frankfort,IL,/vehicles/vehicle-type-4.webp,,[],,,[PREMIUM]
2e6961d8-c786-4af1-a3aa-e8410f8c4965,2026-04-24 22:54:00.574,2026-05-03 22:54:30.682,2e6961d8-c786-4af1-a3aa-e8410f8c4965,[PREMIUM],Used,2026,BMW,X5,sDrive40i,[PREMIUM],[PREMIUM],6565,SUV,Mineral White Metallic,Black,Rear-wheel Drive,,,Gasoline,,,dealership,[PREMIUM],Houston,TX,/vehicles/vehicle-type-2.webp,,[],,,[PREMIUM]
e0a36745-1349-45cb-8da5-1735a353123f,2026-04-24 22:51:59.467,2026-04-24 22:51:59.467,e0a36745-1349-45cb-8da5-1735a353123f,[PREMIUM],Used,2020,Chevrolet,Corvette,Stingray 3LT,[PREMIUM],[PREMIUM],14415,Coupe,Orange,BLACK,Rear-wheel Drive,,,Gasoline,,,dealership,[PREMIUM],Austin,TX,/vehicles/vehicle-type-4.webp,,[],,,[PREMIUM]
6a5f946d-c5c0-47ec-b579-a829c0e20254,2026-04-24 22:51:59.461,2026-05-03 22:52:29.911,6a5f946d-c5c0-47ec-b579-a829c0e20254,[PREMIUM],Used,2021,Mercedes-Benz,AMG GLE 53,4MATIC+ Coupe,[PREMIUM],[PREMIUM],33305,SUV,Polar White,Black,All-wheel Drive,,,Gasoline,,,dealership,[PREMIUM],Peoria,AZ,/vehicles/vehicle-type-6.webp,,[],,,[PREMIUM]
a029f3d3-0d26-4b60-89d2-5d7b8873bc92,2026-04-24 22:51:59.431,2026-04-24 22:51:59.431,a029f3d3-0d26-4b60-89d2-5d7b8873bc92,[PREMIUM],Used,2021,Mercedes-Benz,AMG GLS 63,,[PREMIUM],[PREMIUM],48365,SUV,White,BLACK,Four-wheel Drive,,,Gasoline,,,dealership,[PREMIUM],Boynton Beach,FL,/vehicles/vehicle-type-7.webp,,[],,,[PREMIUM]
f1fcf482-f67c-41e7-973e-17ae793e4ad5,2026-04-24 22:51:59.382,2026-04-24 22:51:59.382,f1fcf482-f67c-41e7-973e-17ae793e4ad5,[PREMIUM],Used,2021,Mercedes-Benz,S-Class,,[PREMIUM],[PREMIUM],39367,Sedan,White,TAN,Four-wheel Drive,,,Gasoline,,,dealership,[PREMIUM],Garland,TX,/vehicles/vehicle-type-3.webp,,[],,,[PREMIUM]
7e035c3c-812e-43cc-b2cd-f3ff5c19eebd,2026-04-24 22:51:49.239,2026-04-24 22:51:49.239,7e035c3c-812e-43cc-b2cd-f3ff5c19eebd,[PREMIUM],Used,2023,Lexus,GX 460,Premium,[PREMIUM],[PREMIUM],9294,SUV,Tan,RED,4WD,,,Gas,,,dealership,[PREMIUM],Irvine,CA,/vehicles/vehicle-type-5.webp,,[],,,[PREMIUM]
d2fc9071-6a95-46fa-8720-c5a2bbe80c0c,2026-04-24 22:51:49.192,2026-04-24 22:51:49.192,d2fc9071-6a95-46fa-8720-c5a2bbe80c0c,[PREMIUM],Used,2022,Mercedes-Benz,S-Class,,[PREMIUM],[PREMIUM],23538,Sedan,Pearl,BLACK,Four-wheel Drive,,,Gasoline,,,dealership,[PREMIUM],Franklin,TN,/vehicles/vehicle-type-6.webp,,[],,,[PREMIUM]
a637677e-5be6-49c1-b26c-be7ec00ea02c,2026-04-24 22:51:49.170,2026-04-24 22:51:49.170,a637677e-5be6-49c1-b26c-be7ec00ea02c,[PREMIUM],Used,2022,Tesla,Model X,Plaid,[PREMIUM],[PREMIUM],21800,SUV,Silver,Beige,All-wheel Drive,,,Electric,,,dealership,[PREMIUM],Jacksonville,FL,/vehicles/vehicle-type-2.webp,,[],,,[PREMIUM]
b101c8fd-b2ae-4723-b6d0-c77c4d3263af,2026-04-24 22:51:14.164,2026-04-27 22:51:29.063,b101c8fd-b2ae-4723-b6d0-c77c4d3263af,[PREMIUM],New,2025,Volkswagen,ID. Buzz,1st Edition with 4MOTION,[PREMIUM],[PREMIUM],0,Passenger Van,Pomelo Yellow,Dune,All-wheel Drive,,,Electric,,,dealership,[PREMIUM],Burnsville,MN,/vehicles/vehicle-type-3.webp,,[],,,[PREMIUM]
954a18e4-32f0-4452-89d3-8bdbf62c5440,2026-04-24 22:51:14.032,2026-05-03 22:52:09.414,954a18e4-32f0-4452-89d3-8bdbf62c5440,[PREMIUM],Used,2024,Toyota,GR Supra,45th Anniversary Edition,[PREMIUM],[PREMIUM],10700,Coupe,Orange,,Rear-wheel Drive,,,Gasoline,,,private,[PREMIUM],,,/vehicles/vehicle-type-3.webp,,[],,,[PREMIUM]
a192a49a-ebea-4515-b33a-c4ab0625c6f5,2026-04-24 22:51:14.017,2026-04-24 22:51:14.017,a192a49a-ebea-4515-b33a-c4ab0625c6f5,[PREMIUM],Used,2024,Toyota,Supra,45th Anniversary Edition,[PREMIUM],[PREMIUM],5654,Coupe,Orange,BLACK,Rear-wheel Drive,,,Gasoline,,,dealership,[PREMIUM],Akron,OH,/vehicles/vehicle-type-7.webp,,[],,,[PREMIUM]
a81bf9ed-869f-4e4a-8411-ff33b8f9727b,2026-04-24 22:51:14.017,2026-04-24 22:51:14.017,a81bf9ed-869f-4e4a-8411-ff33b8f9727b,[PREMIUM],Used,2024,Mercedes-Benz,GLC 300,,[PREMIUM],[PREMIUM],7840,SUV,Silver,BURGUNDY,Four-wheel Drive,,,Gasoline,,,dealership,[PREMIUM],Fredericksburg,VA,/vehicles/vehicle-type-2.webp,,[],,,[PREMIUM]
4edaf1a9-c9c2-4822-9496-8fc39e55d4b5,2026-04-24 22:51:03.587,2026-04-24 22:51:03.587,4edaf1a9-c9c2-4822-9496-8fc39e55d4b5,[PREMIUM],Used,2025,RAM,2500,Big Horn,[PREMIUM],[PREMIUM],64,Truck,Gray,Black,Four-wheel Drive,,,Diesel,,,dealership,[PREMIUM],East Dubuque,IL,/vehicles/vehicle-type-3.webp,,[],,,[PREMIUM]
55cf3de2-c144-44dc-9bfd-2c28aa323ddd,2026-04-24 22:50:43.419,2026-04-30 22:51:14.727,55cf3de2-c144-44dc-9bfd-2c28aa323ddd,[PREMIUM],New,2026,Toyota,Grand Highlander Hybrid,Platinum MAX,[PREMIUM],[PREMIUM],0,SUV,Wind Chill Pearl,Portobello,All-wheel Drive,,,Hybrid,,,dealership,[PREMIUM],West Palm Beach,FL,/vehicles/vehicle-type-4.webp,,[],,,[PREMIUM]
1ca4d9c0-05a8-4590-928b-ebbbf91d59fb,2026-04-24 22:50:43.357,2026-05-06 22:51:48.092,1ca4d9c0-05a8-4590-928b-ebbbf91d59fb,[PREMIUM],New,2026,Chevrolet,Silverado 1500,RST,[PREMIUM],[PREMIUM],12,Truck,Summit White,,Four-wheel Drive,,,Gasoline,,,dealership,[PREMIUM],Fairfield,IL,/vehicles/vehicle-type-6.webp,,[],,,[PREMIUM]
92bf9bd1-010e-402a-87ef-9cae5f17763c,2026-04-24 22:50:43.343,2026-04-30 22:51:14.743,92bf9bd1-010e-402a-87ef-9cae5f17763c,[PREMIUM],New,2026,Chevrolet,Silverado 1500,LT Trail Boss,[PREMIUM],[PREMIUM],3,Truck,Cypress Gray,Gideon/Very Dark Atmosphere,Four-wheel Drive,,,Gasoline,,,dealership,[PREMIUM],Richardson,TX,/vehicles/vehicle-type-5.webp,,[],,,[PREMIUM]
a12795f6-9ae4-4f25-a138-c7cc8f0eb2cc,2026-04-24 22:50:43.309,2026-04-24 22:50:43.309,a12795f6-9ae4-4f25-a138-c7cc8f0eb2cc,[PREMIUM],New,2026,RAM,1500,Big Horn/Lone Star,[PREMIUM],[PREMIUM],17,Truck,Forged Blue Metallic,Black,Four-wheel Drive,,,Gasoline,,,dealership,[PREMIUM],Kingston,NY,/vehicles/vehicle-type-2.webp,,[],,,[PREMIUM]
1e504c9d-c061-420f-ad21-212201f56946,2026-04-24 22:50:43.306,2026-04-30 22:51:15.107,1e504c9d-c061-420f-ad21-212201f56946,[PREMIUM],New,2026,GMC,Sierra 1500,SLE,[PREMIUM],[PREMIUM],0,Truck,Summit White,Jet Black,Four-wheel Drive,,,Gasoline,,,dealership,[PREMIUM],Devils Lake,ND,/vehicles/vehicle-type-6.webp,,[],,,[PREMIUM]
14fc6a1d-8d84-4424-a9a4-a7c004bf88f5,2026-04-24 22:50:43.300,2026-04-24 22:50:43.300,14fc6a1d-8d84-4424-a9a4-a7c004bf88f5,[PREMIUM],New,2026,Chevrolet,Traverse,RS,[PREMIUM],[PREMIUM],0,SUV,Polar White Tricoat,Jet Black w/Torch Red Accents,All-wheel Drive,,,Gasoline,,,dealership,[PREMIUM],Aurora,OH,/vehicles/vehicle-type-2.webp,,[],,,[PREMIUM]
029a5629-7507-4704-8cab-1592bba7ab4f,2026-04-24 22:50:43.274,2026-04-24 22:50:43.274,029a5629-7507-4704-8cab-1592bba7ab4f,[PREMIUM],New,2026,Ford,F-150,XLT,[PREMIUM],[PREMIUM],63415,Truck,Silver Metallic,Black,Four-wheel Drive,,,Gasoline,,,dealership,[PREMIUM],Ann Arbor,MI,/vehicles/vehicle-type-5.webp,,[],,,[PREMIUM]
5ce734db-b82f-4b45-91e9-90d2399b5a15,2026-04-24 22:50:43.258,2026-04-24 22:50:43.258,5ce734db-b82f-4b45-91e9-90d2399b5a15,[PREMIUM],New,2026,Chevrolet,Silverado 1500,RST,[PREMIUM],[PREMIUM],,Truck,Black,Black,Four-wheel Drive,,,Diesel,,,dealership,[PREMIUM],Frankfort,IL,/vehicles/vehicle-type-5.webp,,[],,,[PREMIUM]
873a4be0-60ba-4c73-b648-214ef67e1c2b,2026-04-24 22:50:43.232,2026-04-24 22:50:43.232,873a4be0-60ba-4c73-b648-214ef67e1c2b,[PREMIUM],New,2026,Chevrolet,Silverado 2500,LT,[PREMIUM],[PREMIUM],50,Truck,Summit White,Jet Black,Four-wheel Drive,,,Gasoline,,,dealership,[PREMIUM],Willoughby Hills,OH,/vehicles/vehicle-type-3.webp,,[],,,[PREMIUM]
9ce7a94b-3fd2-48d6-b666-115cff60f9a5,2026-04-24 22:50:23.026,2026-04-24 22:50:23.026,9ce7a94b-3fd2-48d6-b666-115cff60f9a5,[PREMIUM],New,2026,Chevrolet,Silverado 1500,LT Trail Boss,[PREMIUM],[PREMIUM],10,Truck,Black,H0y,Four-wheel Drive,,,Gasoline,,,dealership,[PREMIUM],Forest Lake,MN,/vehicles/vehicle-type-2.webp,,[],,,[PREMIUM]
66e1ad42-3fe3-4f2f-929c-39c13e81cfaf,2026-04-24 22:50:22.789,2026-04-24 22:50:22.789,66e1ad42-3fe3-4f2f-929c-39c13e81cfaf,[PREMIUM],New,2026,Ford,Explorer,Tremor,[PREMIUM],[PREMIUM],63465,SUV,Black,Onyx,Four-wheel Drive,,,Gasoline,,,dealership,[PREMIUM],Ann Arbor,MI,/vehicles/vehicle-type-7.webp,,[],,,[PREMIUM]
da624266-acf0-4d57-8f0c-97f21c091579,2026-04-24 22:50:22.679,2026-04-24 22:50:22.679,da624266-acf0-4d57-8f0c-97f21c091579,[PREMIUM],New,2026,Ford,F-150,XLT,[PREMIUM],[PREMIUM],64010,Truck,Blue,Black Sport,Four-wheel Drive,,,Gasoline,,,dealership,[PREMIUM],Ann Arbor,MI,/vehicles/vehicle-type-3.webp,,[],,,[PREMIUM]
1c781574-33c8-4673-9c52-55a75eca5670,2026-04-24 22:50:22.667,2026-05-03 22:50:53.271,1c781574-33c8-4673-9c52-55a75eca5670,[PREMIUM],New,2026,Ford,F-150,XLT,[PREMIUM],[PREMIUM],63415,Truck,Black Metallic,Black,Four-wheel Drive,,,Gasoline,,,dealership,[PREMIUM],Ann Arbor,MI,/vehicles/vehicle-type-1.webp,,[],,,[PREMIUM]
e5d3b771-9010-4852-bd79-51762c710979,2026-04-24 22:50:22.666,2026-04-24 22:50:22.666,e5d3b771-9010-4852-bd79-51762c710979,[PREMIUM],New,2026,Chevrolet,Silverado 1500,LT Trail Boss,[PREMIUM],[PREMIUM],10,Truck,Cypress Gray,Jet Black,Four-wheel Drive,,,Gasoline,,,dealership,[PREMIUM],Forest Lake,MN,/vehicles/vehicle-type-6.webp,,[],,,[PREMIUM]
c84d5ce0-351a-4ae5-9624-5a50ac38e2ab,2026-04-24 22:50:22.663,2026-04-24 22:50:22.663,c84d5ce0-351a-4ae5-9624-5a50ac38e2ab,[PREMIUM],New,2026,Ford,F-150,XLT,[PREMIUM],[PREMIUM],64010,Truck,Blue,Black Sport,Four-wheel Drive,,,Gasoline,,,dealership,[PREMIUM],Ann Arbor,MI,/vehicles/vehicle-type-2.webp,,[],,,[PREMIUM]
d26cb323-7198-40d6-b0a1-db17ec0a37a9,2026-04-24 22:50:22.637,2026-04-24 22:50:22.637,d26cb323-7198-40d6-b0a1-db17ec0a37a9,[PREMIUM],New,2026,Lexus,NX 350,Luxury,[PREMIUM],[PREMIUM],1,SUV,,,All-wheel Drive,,,Gasoline,,,dealership,[PREMIUM],Mechanicsburg,PA,/vehicles/vehicle-type-1.webp,,[],,,[PREMIUM]
8a7eaf0e-2be8-4492-9259-a0a487f643c2,2026-04-24 22:50:22.635,2026-04-30 22:50:54.263,8a7eaf0e-2be8-4492-9259-a0a487f643c2,[PREMIUM],New,2026,Ford,F-150,XLT,[PREMIUM],[PREMIUM],63615,Truck,Oxford White,Black,Four-wheel Drive,,,Gasoline,,,dealership,[PREMIUM],Ann Arbor,MI,/vehicles/vehicle-type-2.webp,,[],,,[PREMIUM]
0b10d377-71fe-4a49-a753-a90ea427bec6,2026-04-24 22:50:22.610,2026-04-24 22:50:22.610,0b10d377-71fe-4a49-a753-a90ea427bec6,[PREMIUM],New,2026,Lexus,NX 450h+,,[PREMIUM],[PREMIUM],140,SUV,,,All-wheel Drive,,,Gasoline,,,dealership,[PREMIUM],Ephrata,PA,/vehicles/vehicle-type-2.webp,,[],,,[PREMIUM]
8e51f7ab-5cc4-489e-abdd-53d36c892854,2026-04-24 22:48:31.298,2026-04-24 22:48:31.298,8e51f7ab-5cc4-489e-abdd-53d36c892854,[PREMIUM],Used,2020,GMC,Sierra 3500,Denali,[PREMIUM],[PREMIUM],34633,Truck,Summit White,Dark Walnut/Dark Ash Grey,Four-wheel Drive,,,Diesel,,,dealership,[PREMIUM],Clanton,AL,/vehicles/vehicle-type-7.webp,,[],,,[PREMIUM]
1709c4b2-b5de-407d-94ad-f1a02c13157e,2026-04-24 22:48:21.162,2026-04-27 22:48:29.687,1709c4b2-b5de-407d-94ad-f1a02c13157e,[PREMIUM],Used,2021,GMC,Yukon XL,Denali,[PREMIUM],[PREMIUM],58867,SUV,White,BLACK,Four-wheel Drive,,,Gasoline,,,dealership,[PREMIUM],Oklahoma City,OK,/vehicles/vehicle-type-7.webp,,[],,,[PREMIUM]
bcfc2876-07a0-4f66-b2df-c9b901ff2e3e,2026-04-24 22:48:11.060,2026-04-24 22:48:11.060,bcfc2876-07a0-4f66-b2df-c9b901ff2e3e,[PREMIUM],Used,2022,Mercedes-Benz,S-Class,,[PREMIUM],[PREMIUM],37755,Sedan,Black,BLACK,Four-wheel Drive,,,Gasoline,,,dealership,[PREMIUM],Tampa,FL,/vehicles/vehicle-type-6.webp,,[],,,[PREMIUM]
1adb0ede-82ed-4bcc-af47-bb22ed97afb4,2026-04-24 22:48:11.038,2026-04-30 22:48:32.081,1adb0ede-82ed-4bcc-af47-bb22ed97afb4,[PREMIUM],Used,2023,Chevrolet,Tahoe,4WD Z71,[PREMIUM],[PREMIUM],50863,SUV,Sterling Gray Metallic,Jet Black,Four-wheel Drive,,,Gasoline,,,dealership,[PREMIUM],Pelham,AL,/vehicles/vehicle-type-5.webp,,[],,,[PREMIUM]
dbba9ff7-9c7b-410b-b371-d84071d26776,2026-04-24 22:48:10.980,2026-04-24 22:48:10.980,dbba9ff7-9c7b-410b-b371-d84071d26776,[PREMIUM],Used,2022,Ford,Expedition Max,Limited,[PREMIUM],[PREMIUM],28410,SUV,Star White Metallic Tri-Coat,Black Onyx,Four-wheel Drive,,,Gasoline,,,dealership,[PREMIUM],Wesley Chapel,FL,/vehicles/vehicle-type-2.webp,,[],,,[PREMIUM]
52b6fab7-20f4-4d34-aebb-32e801a7e324,2026-04-24 22:48:00.782,2026-04-24 22:48:00.782,52b6fab7-20f4-4d34-aebb-32e801a7e324,[PREMIUM],New,2026,Toyota,Tundra,SR5,[PREMIUM],[PREMIUM],5,Truck,Lunar Rock,Black,Four-wheel Drive,,,Gasoline,,,dealership,[PREMIUM],Riverside,CA,/vehicles/vehicle-type-5.webp,,[],,,[PREMIUM]
0a5c0157-85f3-4ec7-af3b-f7063efe893c,2026-04-24 22:48:00.723,2026-04-24 22:48:00.723,0a5c0157-85f3-4ec7-af3b-f7063efe893c,[PREMIUM],Used,2025,Toyota,4Runner Hybrid,TRD,[PREMIUM],[PREMIUM],6178,SUV,Off Road Gray,Black,Four-wheel Drive,,,Hybrid,,,dealership,[PREMIUM],Evansville,IN,/vehicles/vehicle-type-4.webp,,[],,,[PREMIUM]
344569db-1aff-45ae-bef1-632af06235c9,2026-04-24 22:47:50.656,2026-04-27 22:47:58.977,344569db-1aff-45ae-bef1-632af06235c9,[PREMIUM],Used,2025,Toyota,4Runner,Limited,[PREMIUM],[PREMIUM],4236,SUV,Wind Chill Pearl,Black,Four-wheel Drive,,,Gasoline,,,dealership,[PREMIUM],Peoria,AZ,/vehicles/vehicle-type-5.webp,,[],,,[PREMIUM]
53325014-8c4c-4dd9-bb11-43af364737b0,2026-04-24 22:47:50.607,2026-05-03 22:48:22.371,53325014-8c4c-4dd9-bb11-43af364737b0,[PREMIUM],New,2026,Ford,Explorer,Platinum,[PREMIUM],[PREMIUM],1,SUV,Star White,Onyx,Four-wheel Drive,,,Gasoline,,,dealership,[PREMIUM],Macomb,MI,/vehicles/vehicle-type-5.webp,,[],,,[PREMIUM]
df6909d4-ac3f-4093-a021-799ba691cc7c,2026-04-24 22:47:50.560,2026-05-03 22:48:32.662,df6909d4-ac3f-4093-a021-799ba691cc7c,[PREMIUM],Used,2025,Toyota,4Runner,TRD Off Road Premium,[PREMIUM],[PREMIUM],10386,SUV,Underground,Black,Four-wheel Drive,,,Gasoline,,,dealership,[PREMIUM],Peoria,AZ,/vehicles/vehicle-type-5.webp,,[],,,[PREMIUM]
f48d5a14-33ec-4208-b893-a4bba202268b,2026-04-24 22:47:50.557,2026-04-27 22:47:59.086,f48d5a14-33ec-4208-b893-a4bba202268b,[PREMIUM],New,2026,Toyota,Tacoma Hybrid,TRD Off Road,[PREMIUM],[PREMIUM],,Truck,Ice,Black,Four-wheel Drive,,,Hybrid,,,dealership,[PREMIUM],Knoxville,TN,/vehicles/vehicle-type-1.webp,,[],,,[PREMIUM]
4b8026b3-536d-4499-b568-0aa1b31b5536,2026-04-24 22:47:50.548,2026-04-27 22:47:58.977,4b8026b3-536d-4499-b568-0aa1b31b5536,[PREMIUM],New,2026,Toyota,Tundra,SR5,[PREMIUM],[PREMIUM],0,Truck,Blueprint,Boulder,Four-wheel Drive,,,Gasoline,,,dealership,[PREMIUM],West Palm Beach,FL,/vehicles/vehicle-type-5.webp,,[],,,[PREMIUM]
ee8d21af-853b-47bd-86e2-fb00e8e1578a,2026-04-24 22:47:50.548,2026-04-24 22:47:50.548,ee8d21af-853b-47bd-86e2-fb00e8e1578a,[PREMIUM],New,2026,Chevrolet,Traverse,AWD Z71,[PREMIUM],[PREMIUM],0,SUV,Sandstone Gray,Jet Black w/Torch Red Stitching,All-wheel Drive,,,Gasoline,,,dealership,[PREMIUM],Buellton,CA,/vehicles/vehicle-type-2.webp,,[],,,[PREMIUM]
d9712ec9-6c95-44a4-bde2-881e1603530c,2026-04-24 22:47:50.525,2026-04-27 22:47:59.303,d9712ec9-6c95-44a4-bde2-881e1603530c,[PREMIUM],New,2026,Toyota,Grand Highlander,Limited,[PREMIUM],[PREMIUM],0,SUV,White,Black,Front-wheel Drive,,,Gasoline,,,dealership,[PREMIUM],Miami,FL,/vehicles/vehicle-type-7.webp,,[],,,[PREMIUM]
81f5ca0d-8ff3-443f-8b1c-84e988b31cf3,2026-04-24 22:47:50.522,2026-04-24 22:47:50.522,81f5ca0d-8ff3-443f-8b1c-84e988b31cf3,[PREMIUM],New,2026,RAM,1500,Big Horn,[PREMIUM],[PREMIUM],25,Truck,Bright White Clearcoat,Black,Four-wheel Drive,,,Gasoline,,,dealership,[PREMIUM],Waterloo,IA,/vehicles/vehicle-type-2.webp,,[],,,[PREMIUM]
ee3cbcca-7d15-46e0-b7fc-92d3d3985fb8,2026-04-24 22:47:50.522,2026-05-03 22:48:22.349,ee3cbcca-7d15-46e0-b7fc-92d3d3985fb8,[PREMIUM],New,2026,Nissan,Z,performance,[PREMIUM],[PREMIUM],3,Coupe,White,Graphite,Rear-wheel Drive,,,Gasoline,,,dealership,[PREMIUM],Poway,CA,/vehicles/vehicle-type-1.webp,,[],,,[PREMIUM]
fef8287a-f910-4559-a689-58d1e61a19f1,2026-04-24 22:47:50.516,2026-04-24 22:47:50.516,fef8287a-f910-4559-a689-58d1e61a19f1,[PREMIUM],New,2026,RAM,1500,Laramie,[PREMIUM],[PREMIUM],,Truck,Diamond Black,Black,4WD,,,Gasoline,,,dealership,[PREMIUM],Rochester Hills,MI,/vehicles/vehicle-type-1.webp,,[],,,[PREMIUM]
949fccbe-7584-4c97-8885-889bfaa6a67f,2026-04-24 22:47:40.408,2026-04-27 22:47:48.483,949fccbe-7584-4c97-8885-889bfaa6a67f,[PREMIUM],New,2027,Kia,Telluride,SX,[PREMIUM],[PREMIUM],5,SUV,Wolf Gray,Black,All-wheel Drive,,,Gasoline,,,dealership,[PREMIUM],Surprise,AZ,/vehicles/vehicle-type-4.webp,,[],,,[PREMIUM]
abe38c11-5c80-4f0f-b8e6-b8472c625592,2026-04-24 22:47:39.958,2026-04-24 22:47:39.958,abe38c11-5c80-4f0f-b8e6-b8472c625592,[PREMIUM],New,2026,Chevrolet,Traverse,RS,[PREMIUM],[PREMIUM],2,SUV,Mosaic Black Metallic,Jet Black w/Torch Red Accents,All-wheel Drive,,,Gasoline,,,dealership,[PREMIUM],Aurora,OH,/vehicles/vehicle-type-2.webp,,[],,,[PREMIUM]
6eb32762-221b-47b1-bef7-865d8447d8dc,2026-04-24 22:47:39.950,2026-04-24 22:47:39.950,6eb32762-221b-47b1-bef7-865d8447d8dc,[PREMIUM],New,2026,Ford,Explorer,Platinum,[PREMIUM],[PREMIUM],1,SUV,Space White Metallic,Onyx,Four-wheel Drive,,,Gasoline,,,dealership,[PREMIUM],Hobart,IN,/vehicles/vehicle-type-6.webp,,[],,,[PREMIUM]
1125ee51-3c33-43c3-b807-3c9ec869edb7,2026-04-24 22:47:39.947,2026-04-30 22:48:11.788,1125ee51-3c33-43c3-b807-3c9ec869edb7,[PREMIUM],New,2026,Chevrolet,Silverado 1500,LT,[PREMIUM],[PREMIUM],4184,Truck,Cypress,Black,Four-wheel Drive,,,Gasoline,,,dealership,[PREMIUM],Morris,IL,/vehicles/vehicle-type-6.webp,,[],,,[PREMIUM]
ff59e41d-c495-47ed-81ff-19b11fc16713,2026-04-24 22:47:39.944,2026-04-24 22:47:39.944,ff59e41d-c495-47ed-81ff-19b11fc16713,[PREMIUM],New,2026,Chevrolet,Traverse,RS,[PREMIUM],[PREMIUM],0,SUV,Sterling Gray Metallic,Jet Black w/Torch Red Accents,All-wheel Drive,,,Gasoline,,,dealership,[PREMIUM],Aurora,OH,/vehicles/vehicle-type-3.webp,,[],,,[PREMIUM]
3dd32f31-e7ca-4b93-85cd-9fdbf08bb5cf,2026-04-24 22:47:39.935,2026-05-03 22:48:22.366,3dd32f31-e7ca-4b93-85cd-9fdbf08bb5cf,[PREMIUM],New,2026,Chrysler,Pacifica,Limited,[PREMIUM],[PREMIUM],25,Passenger Van,Diamond Black,Black,All-wheel Drive,,,Gasoline,,,dealership,[PREMIUM],Waterloo,IA,/vehicles/vehicle-type-2.webp,,[],,,[PREMIUM]
1b68aade-b0cb-4753-aa3f-ade2bd6a0a7b,2026-04-24 22:47:39.931,2026-04-24 22:47:39.931,1b68aade-b0cb-4753-aa3f-ade2bd6a0a7b,[PREMIUM],Used,2026,GMC,Sierra 1500,Elevation,[PREMIUM],[PREMIUM],938,Truck,Summit White,Jet Black,Four-wheel Drive,,,Gasoline,,,dealership,[PREMIUM],Bourne,MA,/vehicles/vehicle-type-4.webp,,[],,,[PREMIUM]
cd933b60-7ae0-4b5a-96af-1586e3ea712a,2026-04-24 22:47:29.619,2026-04-30 22:47:51.251,cd933b60-7ae0-4b5a-96af-1586e3ea712a,[PREMIUM],New,2027,Kia,Telluride,SX-Prestige,[PREMIUM],[PREMIUM],9,SUV,Black Jade,Black,All-wheel Drive,,,Gasoline,,,dealership,[PREMIUM],Fort Myers,FL,/vehicles/vehicle-type-5.webp,,[],,,[PREMIUM]
53b5cf46-81ae-4c6f-9998-89b45c273bc5,2026-04-24 22:46:18.875,2026-04-27 22:46:28.140,53b5cf46-81ae-4c6f-9998-89b45c273bc5,[PREMIUM],Used,2013,Cadillac,CTS-V,Base,[PREMIUM],[PREMIUM],87860,Wagon,Black Diamond Tricoat,Ebony w/Ebony Inserts,Rear-wheel Drive,,,Gasoline,,,dealership,[PREMIUM],Aurora,IL,/vehicles/vehicle-type-2.webp,,[],,,[PREMIUM]
19b6d39c-a0d1-48bd-bf85-e008383bb1f0,2026-04-24 22:45:18.546,2026-04-24 22:45:18.546,19b6d39c-a0d1-48bd-bf85-e008383bb1f0,[PREMIUM],Used,2019,Chevrolet,Silverado 3500,LTZ,[PREMIUM],[PREMIUM],53387,Truck,White,BLACK,Four-wheel Drive,,,Diesel,,,dealership,[PREMIUM],Norcross,GA,/vehicles/vehicle-type-7.webp,,[],,,[PREMIUM]
0e3ee19e-deb3-435c-9611-c49b5668d743,2026-04-24 22:44:47.938,2026-04-24 22:44:47.938,0e3ee19e-deb3-435c-9611-c49b5668d743,[PREMIUM],Used,2020,Mercedes-Benz,E-Class,4MATIC,[PREMIUM],[PREMIUM],27798,Convertible,Diamond White,Oyster leather,All-wheel Drive,,,Gasoline,,,dealership,[PREMIUM],Knoxville,TN,/vehicles/vehicle-type-2.webp,,[],,,[PREMIUM]
7dfeeee7-ddcd-433e-a537-85df2ae035b4,2026-04-24 22:44:27.762,2026-04-24 22:44:27.762,7dfeeee7-ddcd-433e-a537-85df2ae035b4,[PREMIUM],Used,2022,Lincoln,Navigator,Black Label,[PREMIUM],[PREMIUM],68552,SUV,Blue,BLUE,Four-wheel Drive,,,Gasoline,,,dealership,[PREMIUM],Winchester,VA,/vehicles/vehicle-type-3.webp,,[],,,[PREMIUM]
6199c745-ad9b-4971-8a7b-c34af29edc5c,2026-04-24 22:44:27.674,2026-04-27 22:44:47.553,6199c745-ad9b-4971-8a7b-c34af29edc5c,[PREMIUM],Used,2021,Mercedes-Benz,AMG GLC 43,,[PREMIUM],[PREMIUM],13820,SUV,White,BLACK,Four-wheel Drive,,,Gasoline,,,dealership,[PREMIUM],Puyallup,WA,/vehicles/vehicle-type-7.webp,,[],,,[PREMIUM]
8b07cc5e-e41c-4588-a792-145057500adf,2026-04-24 22:44:27.672,2026-04-27 22:44:37.429,8b07cc5e-e41c-4588-a792-145057500adf,[PREMIUM],Used,2021,GMC,Yukon XL,Denali,[PREMIUM],[PREMIUM],50248,SUV,Black,BLACK,Rear-wheel Drive,,,Gasoline,,,dealership,[PREMIUM],McKinney,TX,/vehicles/vehicle-type-3.webp,,[],,,[PREMIUM]
a00f781f-e124-4839-8c59-6fcb55f5d194,2026-04-24 22:44:27.669,2026-04-24 22:44:27.669,a00f781f-e124-4839-8c59-6fcb55f5d194,[PREMIUM],Used,2022,Chevrolet,Tahoe,Z71,[PREMIUM],[PREMIUM],30521,SUV,Black,BLACK,Four-wheel Drive,,,Gasoline,,,dealership,[PREMIUM],Lynnwood,WA,/vehicles/vehicle-type-6.webp,,[],,,[PREMIUM]
1f0928b9-1a18-4557-834f-7173fdb347ab,2026-04-24 22:44:17.661,2026-04-24 22:44:17.661,1f0928b9-1a18-4557-834f-7173fdb347ab,[PREMIUM],Used,2022,Tesla,Model X,Plaid,[PREMIUM],[PREMIUM],45561,SUV,Black,White / Black,AWD,,,Electric,,,dealership,[PREMIUM],Trooper,PA,/vehicles/vehicle-type-3.webp,,[],,,[PREMIUM]
7f4bed3a-3270-4eca-87d3-1dff15684632,2026-04-24 22:44:17.655,2026-04-24 22:44:17.655,7f4bed3a-3270-4eca-87d3-1dff15684632,[PREMIUM],Used,2022,BMW,X5,M50i,[PREMIUM],[PREMIUM],39839,SUV,Black,BROWN,Four-wheel Drive,,,Gasoline,,,dealership,[PREMIUM],Sicklerville,NJ,/vehicles/vehicle-type-3.webp,,[],,,[PREMIUM]
cb933227-f23a-4e92-89b5-9036eb86dc60,2026-04-24 22:44:07.320,2026-04-24 22:44:07.320,cb933227-f23a-4e92-89b5-9036eb86dc60,[PREMIUM],Used,2023,GMC,Yukon XL,Denali,[PREMIUM],[PREMIUM],44277,SUV,White Frost Tricoat,Jet Black,Rear-wheel Drive,,,Gasoline,,,dealership,[PREMIUM],North Branch,MN,/vehicles/vehicle-type-3.webp,,[],,,[PREMIUM]
a9db036c-f440-4b87-85a0-37ae29ca99a8,2026-04-24 22:44:07.268,2026-04-24 22:44:07.268,a9db036c-f440-4b87-85a0-37ae29ca99a8,[PREMIUM],Used,2023,BMW,X6,xDrive40i,[PREMIUM],[PREMIUM],38478,SUV,Black,GRAY,Four-wheel Drive,,,Gasoline,,,dealership,[PREMIUM],Orlando,FL,/vehicles/vehicle-type-3.webp,,[],,,[PREMIUM]
01318161-7f0c-424b-b366-47e05d6d0a13,2026-04-24 22:44:07.252,2026-04-27 22:44:17.183,01318161-7f0c-424b-b366-47e05d6d0a13,[PREMIUM],Used,2023,GMC,Sierra 3500,SLE,[PREMIUM],[PREMIUM],55780,Truck,White,BLACK,Four-wheel Drive,,,Diesel,,,dealership,[PREMIUM],Urbandale,IA,/vehicles/vehicle-type-2.webp,,[],,,[PREMIUM]
efd21321-9248-403b-a356-873ecdde59ec,2026-04-24 22:43:47.108,2026-04-24 22:43:47.108,efd21321-9248-403b-a356-873ecdde59ec,[PREMIUM],Used,2024,Land Rover,Defender,P300,[PREMIUM],[PREMIUM],27066,SUV,Tasman Blue,Acorn/Acorn/Lunar,All-wheel Drive,,,Gasoline,,,dealership,[PREMIUM],Tampa,FL,/vehicles/vehicle-type-2.webp,,[],,,[PREMIUM]
5f9ecda5-d3b6-45b3-97c7-40f1a8817e5c,2026-04-24 22:43:37.007,2026-04-24 22:43:37.007,5f9ecda5-d3b6-45b3-97c7-40f1a8817e5c,[PREMIUM],Used,2024,Ford,Bronco,Badlands,[PREMIUM],[PREMIUM],17000,SUV,Velocity Blue Metallic,Black Onyx,Four-wheel Drive,,,Gasoline,,,dealership,[PREMIUM],San Jose,CA,/vehicles/vehicle-type-2.webp,,[],,,[PREMIUM]
43cb7107-5e14-479b-a1dd-fbc7e05ecc0e,2026-04-24 22:43:36.962,2026-04-30 22:43:57.958,43cb7107-5e14-479b-a1dd-fbc7e05ecc0e,[PREMIUM],Used,2024,Toyota,4Runner,Limited,[PREMIUM],[PREMIUM],28949,SUV,Nautical Blue Metallic,Black/Graphite,Four-wheel Drive,,,Gasoline,,,dealership,[PREMIUM],Kingston,MA,/vehicles/vehicle-type-3.webp,,[],,,[PREMIUM]
2b8c4a62-41b7-447b-b3ba-19c5816b5b98,2026-04-24 22:43:36.953,2026-04-27 22:43:46.999,2b8c4a62-41b7-447b-b3ba-19c5816b5b98,[PREMIUM],Used,2024,Toyota,Tundra,Limited,[PREMIUM],[PREMIUM],28606,Truck,Red,Boulder,Four-wheel Drive,,,Gasoline,,,dealership,[PREMIUM],Colorado Springs,CO,/vehicles/vehicle-type-3.webp,,[],,,[PREMIUM]
3e5c3ae0-a27a-48c7-a8d4-2e6c420e3cd4,2026-04-24 22:43:36.952,2026-04-27 22:43:47.252,3e5c3ae0-a27a-48c7-a8d4-2e6c420e3cd4,[PREMIUM],Used,2024,Ford,F-150,XLT,[PREMIUM],[PREMIUM],14997,Truck,Agate Black Metallic,Black,Four-wheel Drive,,,Hybrid,,,dealership,[PREMIUM],Fort Atkinson,WI,/vehicles/vehicle-type-2.webp,,[],,,[PREMIUM]
7abd53a9-1e1e-47c0-8b7c-66fd8619cd3e,2026-04-24 22:43:36.883,2026-04-27 22:43:46.928,7abd53a9-1e1e-47c0-8b7c-66fd8619cd3e,[PREMIUM],Used,2024,Jeep,Wagoneer,Series II 4x4,[PREMIUM],[PREMIUM],12215,SUV,Bright White Clearcoat,Sea Salt/Black,Four-wheel Drive,,,Gasoline,,,dealership,[PREMIUM],Richmond,VA,/vehicles/vehicle-type-5.webp,,[],,,[PREMIUM]
ec2a198a-78a5-4b92-8355-bf6999fc38c0,2026-04-24 22:43:16.804,2026-04-24 22:43:16.804,ec2a198a-78a5-4b92-8355-bf6999fc38c0,[PREMIUM],Used,2024,GMC,Sierra 1500,Denali,[PREMIUM],[PREMIUM],41493,Truck,White,BLACK,Four-wheel Drive,,,Gasoline,,,dealership,[PREMIUM],Pleasant Hill,CA,/vehicles/vehicle-type-6.webp,,[],,,[PREMIUM]
d150661d-01e1-43d1-a310-d216c1e8d49d,2026-04-24 22:43:16.562,2026-04-24 22:43:16.562,d150661d-01e1-43d1-a310-d216c1e8d49d,[PREMIUM],Used,2024,Chevrolet,Silverado 1500,ZR2,[PREMIUM],[PREMIUM],47179,Truck,Black,Jet Black/Graystone,Four-wheel Drive,,,Gasoline,,,dealership,[PREMIUM],Fayetteville,AR,/vehicles/vehicle-type-2.webp,,[],,,[PREMIUM]
4792bed7-7679-4760-a8ea-4937f3b27988,2026-04-24 22:43:16.551,2026-04-24 22:43:16.551,4792bed7-7679-4760-a8ea-4937f3b27988,[PREMIUM],Used,2024,Chevrolet,Silverado 2500,WT,[PREMIUM],[PREMIUM],44947,Truck,Summit White,Jet Black,Four-wheel Drive,,,Diesel,,,dealership,[PREMIUM],Houston,TX,/vehicles/vehicle-type-5.webp,,[],,,[PREMIUM]
abfd9cba-8822-45e7-a507-aeb30834a197,2026-04-24 22:43:16.543,2026-04-24 22:43:16.543,abfd9cba-8822-45e7-a507-aeb30834a197,[PREMIUM],Used,2024,BMW,X5,xDrive40i,[PREMIUM],[PREMIUM],40879,SUV,White,TAN,Four-wheel Drive,,,Gasoline,,,dealership,[PREMIUM],Wilmington,NC,/vehicles/vehicle-type-5.webp,,[],,,[PREMIUM]
c4cebd63-3c49-4ba4-914b-b45ed0ba83eb,2026-04-24 22:43:16.536,2026-04-27 22:43:26.568,c4cebd63-3c49-4ba4-914b-b45ed0ba83eb,[PREMIUM],Used,2024,Subaru,Solterra,Touring,[PREMIUM],[PREMIUM],6424,SUV,Cosmic White Pearl,Gray/Blue,All-wheel Drive,,,,,,dealership,[PREMIUM],Ramsey,NJ,/vehicles/vehicle-type-6.webp,,[],,,[PREMIUM]
4d37182b-2e8d-4936-ad36-70c9cdfe8e9d,2026-04-24 22:43:16.527,2026-04-27 22:43:26.662,4d37182b-2e8d-4936-ad36-70c9cdfe8e9d,[PREMIUM],Used,2024,Mercedes-Benz,Sprinter 2500,170 WB High Roof Extended Cargo,[PREMIUM],[PREMIUM],14987,Cargo Van,Arctic White,Black,Rear-wheel Drive,,,Diesel,,,dealership,[PREMIUM],Lilburn,GA,/vehicles/vehicle-type-7.webp,,[],,,[PREMIUM]
8b69f249-616c-47ca-8b13-0ec4238106bc,2026-04-24 22:43:16.521,2026-04-24 22:43:16.521,8b69f249-616c-47ca-8b13-0ec4238106bc,[PREMIUM],Used,2024,Chevrolet,Silverado 2500,LT,[PREMIUM],[PREMIUM],45865,Truck,Summit White,Jet Black,Four-wheel Drive,,,Diesel,,,dealership,[PREMIUM],North Branch,MN,/vehicles/vehicle-type-7.webp,,[],,,[PREMIUM]
59658926-01f5-44ce-8f07-86b1613c8409,2026-04-24 22:43:16.500,2026-04-24 22:43:16.500,59658926-01f5-44ce-8f07-86b1613c8409,[PREMIUM],Used,2024,Toyota,Grand Highlander,Platinum,[PREMIUM],[PREMIUM],23771,SUV,Silver,GRAY,Four-wheel Drive,,,Gasoline,,,dealership,[PREMIUM],Gainesville,FL,/vehicles/vehicle-type-6.webp,,[],,,[PREMIUM]
ac850a32-c426-4bef-aab2-4e4548bba4b5,2026-04-24 22:42:46.201,2026-04-27 22:43:06.459,ac850a32-c426-4bef-aab2-4e4548bba4b5,[PREMIUM],Used,2025,GMC,Sierra 1500,Elevation,[PREMIUM],[PREMIUM],10817,Truck,Summit White,Black,Four-wheel Drive,,,Gasoline,,,dealership,[PREMIUM],Souderton,PA,/vehicles/vehicle-type-2.webp,,[],,,[PREMIUM]
cdc614d1-c09c-440a-bcdb-bfed2d26639f,2026-04-24 22:42:46.169,2026-04-27 22:43:26.611,cdc614d1-c09c-440a-bcdb-bfed2d26639f,[PREMIUM],Used,2025,Chevrolet,Traverse,RS,[PREMIUM],[PREMIUM],15509,SUV,Mosaic Black Metallic,Jet Black w/Torch Red Accents,All-wheel Drive,,,Gasoline,,,dealership,[PREMIUM],Junction City,KS,/vehicles/vehicle-type-7.webp,,[],,,[PREMIUM]
69c12b33-5f15-4670-9ec9-c98550bb9cf3,2026-04-24 22:42:46.167,2026-04-24 22:42:46.167,69c12b33-5f15-4670-9ec9-c98550bb9cf3,[PREMIUM],Used,2025,GMC,Sierra 1500,Elevation,[PREMIUM],[PREMIUM],8482,Truck,Onyx Black,Black,4WD,,,Diesel,,,dealership,[PREMIUM],High Point,NC,/vehicles/vehicle-type-5.webp,,[],,,[PREMIUM]
ff523b95-3a05-4beb-9d5c-6ad5b2706336,2026-04-24 22:42:36.138,2026-04-24 22:42:36.138,ff523b95-3a05-4beb-9d5c-6ad5b2706336,[PREMIUM],New,2026,Subaru,Ascent,Touring 7-Passenger,[PREMIUM],[PREMIUM],10,SUV,Crystal White Pearl,Java Brown w/Silver,All-wheel Drive,,,Gasoline,,,dealership,[PREMIUM],Topeka,KS,/vehicles/vehicle-type-6.webp,,[],,,[PREMIUM]
a03a36bf-649c-47c2-bb84-32fea75dd592,2026-04-24 22:42:36.066,2026-04-27 22:42:46.281,a03a36bf-649c-47c2-bb84-32fea75dd592,[PREMIUM],New,2026,Ford,Explorer,Platinum,[PREMIUM],[PREMIUM],534,SUV,Agate Black Metallic,Mojave,Rear-wheel Drive,,,Gasoline,,,dealership,[PREMIUM],High Point,NC,/vehicles/vehicle-type-7.webp,,[],,,[PREMIUM]
6be1292f-0d9e-471a-a9c2-2de9aa98e15f,2026-04-24 22:42:36.065,2026-04-24 22:42:36.065,6be1292f-0d9e-471a-a9c2-2de9aa98e15f,[PREMIUM],New,2026,Kia,Carnival Hybrid,SX,[PREMIUM],[PREMIUM],0,Passenger Van,Ceramic Silver,Off-Black,Front-wheel Drive,,,Hybrid,,,dealership,[PREMIUM],Pittsburgh,PA,/vehicles/vehicle-type-5.webp,,[],,,[PREMIUM]
f3ae56b6-13f9-4301-855d-09a562e8e120,2026-04-24 22:42:36.056,2026-04-24 22:42:36.056,f3ae56b6-13f9-4301-855d-09a562e8e120,[PREMIUM],New,2026,Chevrolet,Traverse,AWD Z71,[PREMIUM],[PREMIUM],0,SUV,Sterling Gray Metallic,Jet Black w/Torch Red Stitching,All-wheel Drive,,,Gasoline,,,dealership,[PREMIUM],Buellton,CA,/vehicles/vehicle-type-7.webp,,[],,,[PREMIUM]
2eb4c480-0c59-4b06-8138-f4934cb10203,2026-04-24 22:42:36.053,2026-04-27 22:42:46.300,2eb4c480-0c59-4b06-8138-f4934cb10203,[PREMIUM],Used,2026,Toyota,Tundra,SR5,[PREMIUM],[PREMIUM],3127,Truck,Blueprint,Black,Four-wheel Drive,,,Gasoline,,,dealership,[PREMIUM],Peoria,AZ,/vehicles/vehicle-type-4.webp,,[],,,[PREMIUM]
b4bcf815-f3b6-4374-8c05-d38666f65220,2026-04-24 22:42:36.031,2026-04-24 22:42:36.031,b4bcf815-f3b6-4374-8c05-d38666f65220,[PREMIUM],New,2026,Chevrolet,Silverado 1500,Custom Trail Boss,[PREMIUM],[PREMIUM],3,Truck,Black,Jet Black,Four-wheel Drive,,,Gasoline,,,dealership,[PREMIUM],Richardson,TX,/vehicles/vehicle-type-4.webp,,[],,,[PREMIUM]
36f2f70d-3be4-4a34-b0ac-71141bb0fd91,2026-04-24 22:42:36.020,2026-04-24 22:42:36.020,36f2f70d-3be4-4a34-b0ac-71141bb0fd91,[PREMIUM],Used,2025,RAM,1500,Rebel,[PREMIUM],[PREMIUM],24536,Truck,Black,BLACK,Four-wheel Drive,,,Gasoline,,,dealership,[PREMIUM],Greenville,SC,/vehicles/vehicle-type-6.webp,,[],,,[PREMIUM]
2b208d16-6208-4532-910b-a1d749503fcc,2026-04-24 22:42:35.998,2026-04-24 22:42:35.998,2b208d16-6208-4532-910b-a1d749503fcc,[PREMIUM],New,2026,Chevrolet,Equinox EV,LT,[PREMIUM],[PREMIUM],3,SUV,Sterling Gray Metallic,Black w/Blue Accents,All-wheel Drive,,,Electric,,,dealership,[PREMIUM],Richardson,TX,/vehicles/vehicle-type-2.webp,,[],,,[PREMIUM]
0c68432a-6d69-4f4a-b7d8-75e1d2b67c4f,2026-04-24 22:42:35.996,2026-04-24 22:42:35.996,0c68432a-6d69-4f4a-b7d8-75e1d2b67c4f,[PREMIUM],New,2026,Nissan,Pathfinder,SL,[PREMIUM],[PREMIUM],3,SUV,Super Black,Charcoal,Four-wheel Drive,,,Gasoline,,,dealership,[PREMIUM],Bellingham,WA,/vehicles/vehicle-type-4.webp,,[],,,[PREMIUM]
26c2d7ac-474c-42e3-90ca-134effd366cd,2026-04-24 22:42:35.991,2026-04-24 22:42:35.991,26c2d7ac-474c-42e3-90ca-134effd366cd,[PREMIUM],New,2026,Ford,Explorer,ST-Line,[PREMIUM],[PREMIUM],10,SUV,Vapor Blue Metallic,Onyx,4WD,,,Gasoline,,,dealership,[PREMIUM],High Point,NC,/vehicles/vehicle-type-4.webp,,[],,,[PREMIUM]
b590822c-7c96-4659-ad5d-8e4a8a113345,2026-04-24 22:42:35.991,2026-04-27 22:43:06.449,b590822c-7c96-4659-ad5d-8e4a8a113345,[PREMIUM],New,2026,Subaru,Ascent,Limited 7-Passenger,[PREMIUM],[PREMIUM],1,SUV,Sapphire Blue Pearl,Black,All-wheel Drive,,,Gasoline,,,dealership,[PREMIUM],White River Junction,VT,/vehicles/vehicle-type-7.webp,,[],,,[PREMIUM]
b35f8873-003b-42ef-8350-b613c54c480f,2026-04-24 22:42:35.985,2026-04-24 22:42:35.985,b35f8873-003b-42ef-8350-b613c54c480f,[PREMIUM],New,2025,Honda,Prologue,EX,[PREMIUM],[PREMIUM],19,SUV,Mercury Silver Metallic,Black,All-wheel Drive,,,Electric,,,dealership,[PREMIUM],Chandler,AZ,/vehicles/vehicle-type-6.webp,,[],,,[PREMIUM]
133a7957-6f86-4b3d-8ca1-511ea89cf5e6,2026-04-24 22:42:35.983,2026-04-24 22:42:35.983,133a7957-6f86-4b3d-8ca1-511ea89cf5e6,[PREMIUM],New,2026,Chevrolet,Silverado 1500,LT,[PREMIUM],[PREMIUM],3,Truck,Red Hot,Jet Black,Four-wheel Drive,,,Gasoline,,,dealership,[PREMIUM],Richardson,TX,/vehicles/vehicle-type-1.webp,,[],,,[PREMIUM]
f4dcfd2c-21d3-4ab1-8a6c-a4c8075d02dd,2026-04-24 22:42:35.983,2026-04-30 22:42:57.249,f4dcfd2c-21d3-4ab1-8a6c-a4c8075d02dd,[PREMIUM],Used,2025,Toyota,Tundra,Limited,[PREMIUM],[PREMIUM],13233,Truck,Green,GRAY,Four-wheel Drive,,,Gasoline,,,dealership,[PREMIUM],Palm Desert,CA,/vehicles/vehicle-type-1.webp,,[],,,[PREMIUM]
f210d775-7533-4288-9839-1414dc9e6b07,2026-04-24 22:42:25.795,2026-04-24 22:42:25.795,f210d775-7533-4288-9839-1414dc9e6b07,[PREMIUM],New,2026,Ford,Mustang Mach-E,Premium,[PREMIUM],[PREMIUM],10,SUV,Star White,Black Onyx,RWD,,,Electric,,,dealership,[PREMIUM],High Point,NC,/vehicles/vehicle-type-2.webp,,[],,,[PREMIUM]
c192af14-ddae-4474-acd2-3addb6ac0cdd,2026-04-24 22:42:25.418,2026-04-27 22:42:36.045,c192af14-ddae-4474-acd2-3addb6ac0cdd,[PREMIUM],New,2026,Chevrolet,Silverado 1500,LT,[PREMIUM],[PREMIUM],2,Truck,Cypress,Jet Black,Four-wheel Drive,,,Gasoline,,,dealership,[PREMIUM],North Branch,MN,/vehicles/vehicle-type-1.webp,,[],,,[PREMIUM]
efe097f6-787b-4768-8826-93784e7db4fd,2026-04-24 22:42:25.401,2026-04-30 22:42:47.235,efe097f6-787b-4768-8826-93784e7db4fd,[PREMIUM],New,2026,Chevrolet,Traverse,AWD Z71,[PREMIUM],[PREMIUM],0,SUV,Mosaic Black Metallic,Jet Black w/Torch Red Stitching,All-wheel Drive,,,Gasoline,,,dealership,[PREMIUM],Buellton,CA,/vehicles/vehicle-type-4.webp,,[],,,[PREMIUM]
9301920a-cc0f-435e-8525-901e2984b4d5,2026-04-24 22:42:15.386,2026-04-27 22:42:25.745,9301920a-cc0f-435e-8525-901e2984b4d5,[PREMIUM],New,2026,Chevrolet,Traverse,AWD Z71,[PREMIUM],[PREMIUM],0,SUV,Sandstone Gray,Jet Black w/Torch Red Stitching,All-wheel Drive,,,Gasoline,,,dealership,[PREMIUM],Buellton,CA,/vehicles/vehicle-type-1.webp,,[],,,[PREMIUM]
be48887d-eba7-4d9d-aaa1-65d833478bd0,2026-04-24 22:42:15.258,2026-04-27 22:42:35.973,be48887d-eba7-4d9d-aaa1-65d833478bd0,[PREMIUM],New,2026,Chevrolet,Silverado 1500,Custom,[PREMIUM],[PREMIUM],2,Truck,White,Jet Black,Four-wheel Drive,,,Gasoline,,,dealership,[PREMIUM],North Branch,MN,/vehicles/vehicle-type-7.webp,,[],,,[PREMIUM]
c0727bc9-28b2-4e94-a100-3261ae40f943,2026-04-24 22:42:05.162,2026-04-24 22:42:05.162,c0727bc9-28b2-4e94-a100-3261ae40f943,[PREMIUM],New,2026,Toyota,Crown Signia,Limited,[PREMIUM],[PREMIUM],0,SUV,Oxygen White w/Black Roof,Saddle Tan,All-wheel Drive,,,Gasoline,,,dealership,[PREMIUM],Mt Pleasant,TX,/vehicles/vehicle-type-2.webp,,[],,,[PREMIUM]
11267e71-fd86-44a9-81f1-1d839cdebb96,2026-04-24 22:42:04.833,2026-04-24 22:42:04.833,11267e71-fd86-44a9-81f1-1d839cdebb96,[PREMIUM],New,2026,Hyundai,Palisade Hybrid,SEL,[PREMIUM],[PREMIUM],,SUV,Silver Metallic,Gray,AWD,,,Hybrid,,,dealership,[PREMIUM],Gurnee,IL,/vehicles/vehicle-type-6.webp,,[],,,[PREMIUM]
b02dbe6e-14b5-442a-b898-333e60b970d0,2026-04-24 22:42:04.832,2026-04-24 22:42:04.832,b02dbe6e-14b5-442a-b898-333e60b970d0,[PREMIUM],New,2026,Kia,Carnival Hybrid,SX Prestige,[PREMIUM],[PREMIUM],0,Passenger Van,Panthera Metal,Off-Black,Front-wheel Drive,,,Hybrid,,,dealership,[PREMIUM],Longwood,FL,/vehicles/vehicle-type-5.webp,,[],,,[PREMIUM]
c5006219-9a1c-4525-ad7a-ec615cc529d0,2026-04-24 22:42:04.832,2026-04-24 22:42:04.832,c5006219-9a1c-4525-ad7a-ec615cc529d0,[PREMIUM],New,2026,GMC,Sierra 1500,Elevation,[PREMIUM],[PREMIUM],0,Truck,Sterling,Jet Black,Four-wheel Drive,,,Gasoline,,,dealership,[PREMIUM],Olathe,KS,/vehicles/vehicle-type-7.webp,,[],,,[PREMIUM]
ddfaf898-ce94-4fba-b832-26d3ab15c2b0,2026-04-24 22:41:54.953,2026-04-24 22:41:54.953,ddfaf898-ce94-4fba-b832-26d3ab15c2b0,[PREMIUM],New,2026,Toyota,Tundra,SR5,[PREMIUM],[PREMIUM],,Truck,Gray,Black,4WD,,,Gasoline,,,dealership,[PREMIUM],Knoxville,TN,/vehicles/vehicle-type-4.webp,,[],,,[PREMIUM]
14e5bd3a-e626-4c1c-9358-dc45c94a23fc,2026-04-24 22:41:54.644,2026-04-24 22:41:54.644,14e5bd3a-e626-4c1c-9358-dc45c94a23fc,[PREMIUM],New,2026,Ford,F-150,XLT,[PREMIUM],[PREMIUM],10,Truck,Oxford White,Black w/Medium Dark Slate,Four-wheel Drive,,,Gasoline,,,dealership,[PREMIUM],Kenosha,WI,/vehicles/vehicle-type-5.webp,,[],,,[PREMIUM]
c2ee5b94-4f52-4425-b684-7d26483df917,2026-04-24 22:41:54.620,2026-04-24 22:41:54.620,c2ee5b94-4f52-4425-b684-7d26483df917,[PREMIUM],New,2026,Chevrolet,Blazer,RS,[PREMIUM],[PREMIUM],10,SUV,Black,Hum,All-wheel Drive,,,Gasoline,,,dealership,[PREMIUM],Forest Lake,MN,/vehicles/vehicle-type-6.webp,,[],,,[PREMIUM]
b7e54f74-9e1f-4b89-89df-63cd36681419,2026-04-24 22:41:54.604,2026-04-27 22:42:05.688,b7e54f74-9e1f-4b89-89df-63cd36681419,[PREMIUM],Used,2026,Genesis,GV70,2.5T,[PREMIUM],[PREMIUM],4500,SUV,Uyuni White,Vanilla Beige/Obsidian Black,All-wheel Drive,,,Gasoline,,,dealership,[PREMIUM],Miami,FL,/vehicles/vehicle-type-3.webp,,[],,,[PREMIUM]
f495a6e4-f868-4ee5-aff9-71fdf6fd437b,2026-04-24 22:41:44.263,2026-04-30 22:42:07.000,f495a6e4-f868-4ee5-aff9-71fdf6fd437b,[PREMIUM],New,2027,Kia,Telluride,X-Line SX,[PREMIUM],[PREMIUM],0,SUV,Terrain Brown,Black,All-wheel Drive,,,Gasoline,,,dealership,[PREMIUM],Danvers,MA,/vehicles/vehicle-type-2.webp,,[],,,[PREMIUM]
045d8973-fcc6-4bfa-9904-241eb1a69cda,2026-04-24 22:41:34.125,2026-04-24 22:41:34.125,045d8973-fcc6-4bfa-9904-241eb1a69cda,[PREMIUM],New,2027,Kia,Telluride,EX,[PREMIUM],[PREMIUM],5,SUV,Black Jade,Black,All-wheel Drive,,,Gasoline,,,dealership,[PREMIUM],Springfield,OH,/vehicles/vehicle-type-3.webp,,[],,,[PREMIUM]
dbd60bbc-dc57-49e8-82dd-416fb0a99e7c,2026-04-24 22:39:42.691,2026-04-27 22:39:54.554,dbd60bbc-dc57-49e8-82dd-416fb0a99e7c,[PREMIUM],Used,2020,Chevrolet,Silverado 3500,High Country,[PREMIUM],[PREMIUM],115010,Truck,Cajun Red Tintcoat,Jet Black,Four-wheel Drive,,,Diesel,,,dealership,[PREMIUM],Palm Bay,FL,/vehicles/vehicle-type-3.webp,,[],,,[PREMIUM]
ee667f28-445d-41cc-8b63-f41b76e485fc,2026-04-24 22:39:12.510,2026-04-24 22:39:12.510,ee667f28-445d-41cc-8b63-f41b76e485fc,[PREMIUM],Used,2022,Ford,F-150,XLT,[PREMIUM],[PREMIUM],47209,Truck,Atlas Blue Metallic,Black,Four-wheel Drive,,,Gasoline,,,dealership,[PREMIUM],Montebello,CA,/vehicles/vehicle-type-5.webp,,[],,,[PREMIUM]
a12deb9a-3b71-4582-b8c4-e4062d1dc236,2026-04-24 22:39:12.155,2026-04-24 22:39:12.155,a12deb9a-3b71-4582-b8c4-e4062d1dc236,[PREMIUM],Used,2021,RAM,3500,Big Horn Mega Cab 4x4 6&#39;4&#39; Box,[PREMIUM],[PREMIUM],41078,Truck,Flame Red Clearcoat,Black,Four-wheel Drive,,,Diesel,,,dealership,[PREMIUM],Bismarck,ND,/vehicles/vehicle-type-1.webp,,[],,,[PREMIUM]
02530519-dfeb-40fd-b660-fda902bb337f,2026-04-24 22:39:12.039,2026-04-24 22:39:12.039,02530519-dfeb-40fd-b660-fda902bb337f,[PREMIUM],Used,2022,Jeep,Wagoneer,Series III,[PREMIUM],[PREMIUM],47443,SUV,Silver,BLACK,Four-wheel Drive,,,Gasoline,,,dealership,[PREMIUM],Charlotte,NC,/vehicles/vehicle-type-6.webp,,[],,,[PREMIUM]
074204fc-1080-486a-a6b1-1130db34c762,2026-04-24 22:39:12.038,2026-04-30 22:39:35.807,074204fc-1080-486a-a6b1-1130db34c762,[PREMIUM],Used,2022,Dodge,Charger,Scat Pack,[PREMIUM],[PREMIUM],29596,Sedan,,Black,Rear-wheel Drive,,,Gasoline,,,dealership,[PREMIUM],Burlington,NC,/vehicles/vehicle-type-2.webp,,[],,,[PREMIUM]
8b8bd1ac-c43c-4a28-b3ad-fb58d96252f3,2026-04-24 22:39:12.036,2026-04-24 22:39:12.036,8b8bd1ac-c43c-4a28-b3ad-fb58d96252f3,[PREMIUM],Used,2022,Ford,Expedition,Platinum,[PREMIUM],[PREMIUM],43137,SUV,Black,BLACK,Four-wheel Drive,,,Gasoline,,,dealership,[PREMIUM],Parker,CO,/vehicles/vehicle-type-1.webp,,[],,,[PREMIUM]
e6f9863e-2871-465c-9405-6957c6833f08,2026-04-24 22:39:12.015,2026-04-24 22:39:12.015,e6f9863e-2871-465c-9405-6957c6833f08,[PREMIUM],Used,2022,Chevrolet,Silverado 1500 Limited,High Country,[PREMIUM],[PREMIUM],13251,Truck,White,BLACK,Four-wheel Drive,,,Gasoline,,,dealership,[PREMIUM],North Attleborough,MA,/vehicles/vehicle-type-3.webp,,[],,,[PREMIUM]
d18d73ad-e8b8-4dc4-b478-65ab2c63b357,2026-04-24 22:38:21.701,2026-04-24 22:38:21.701,d18d73ad-e8b8-4dc4-b478-65ab2c63b357,[PREMIUM],Used,2023,Acura,MDX,A-SPEC,[PREMIUM],[PREMIUM],36047,SUV,Platinum White Pearl,Ebony,All-wheel Drive,,,Gasoline,,,dealership,[PREMIUM],Round Rock,TX,/vehicles/vehicle-type-1.webp,,[],,,[PREMIUM]
2e112d8b-acd6-488c-8b9e-acb7ade76a70,2026-04-24 22:38:01.459,2026-04-24 22:38:01.459,2e112d8b-acd6-488c-8b9e-acb7ade76a70,[PREMIUM],Used,2023,Chevrolet,Silverado 1500,High Country,[PREMIUM],[PREMIUM],29204,Truck,Iridescent Pearl Tricoat,Jet Black/Nightshift Blue,Four-wheel Drive,,,Gasoline,,,dealership,[PREMIUM],North Branch,MN,/vehicles/vehicle-type-7.webp,,[],,,[PREMIUM]
1fbf8686-a97c-43b8-9e85-8527ee56896f,2026-04-24 22:38:01.457,2026-04-24 22:38:01.457,1fbf8686-a97c-43b8-9e85-8527ee56896f,[PREMIUM],Used,2023,Toyota,Highlander,Platinum,[PREMIUM],[PREMIUM],26424,SUV,White,GRAY,Four-wheel Drive,,,Gasoline,,,dealership,[PREMIUM],Omaha,NE,/vehicles/vehicle-type-3.webp,,[],,,[PREMIUM]
3bf95727-9d63-4576-bbe5-a39ec20d3668,2026-04-24 22:38:01.435,2026-04-24 22:38:01.435,3bf95727-9d63-4576-bbe5-a39ec20d3668,[PREMIUM],Used,2023,Toyota,4Runner,TRD Off Road Premium,[PREMIUM],[PREMIUM],38978,SUV,Magnetic Gray Metallic,Black/Graphite,Four-wheel Drive,,,Gasoline,,,dealership,[PREMIUM],Hermosa Beach,CA,/vehicles/vehicle-type-5.webp,,[],,,[PREMIUM]
72f6bd33-63ff-468f-805c-af47c141f114,2026-04-24 22:38:01.413,2026-04-24 22:38:01.413,72f6bd33-63ff-468f-805c-af47c141f114,[PREMIUM],Used,2023,Ford,F-350,XLT,[PREMIUM],[PREMIUM],12058,Truck,Oxford White,Medium Dark Slate,Four-wheel Drive,,,Gasoline,,,dealership,[PREMIUM],North Branch,MN,/vehicles/vehicle-type-2.webp,,[],,,[PREMIUM]
2a7e52ff-cc0f-4da5-98b8-1155326bc1c4,2026-04-24 22:37:51.553,2026-04-24 22:37:51.553,2a7e52ff-cc0f-4da5-98b8-1155326bc1c4,[PREMIUM],Used,2023,BMW,X5,sDrive40i,[PREMIUM],[PREMIUM],23994,SUV,Gray,BROWN,Rear-wheel Drive,,,Gasoline,,,dealership,[PREMIUM],Plano,TX,/vehicles/vehicle-type-2.webp,,[],,,[PREMIUM]
ff0c71e4-7699-4b0a-8af3-89ce2a9b004d,2026-04-24 22:37:51.231,2026-04-24 22:37:51.231,ff0c71e4-7699-4b0a-8af3-89ce2a9b004d,[PREMIUM],Used,2023,Chevrolet,Suburban,LS,[PREMIUM],[PREMIUM],47656,SUV,Black,BLACK,Four-wheel Drive,,,Gasoline,,,dealership,[PREMIUM],Hillside,IL,/vehicles/vehicle-type-2.webp,,[],,,[PREMIUM]
3e1804a9-6b13-4586-b079-9c4ba5af4997,2026-04-24 22:37:51.211,2026-04-24 22:37:51.211,3e1804a9-6b13-4586-b079-9c4ba5af4997,[PREMIUM],Used,2024,Cadillac,XT6,Sport AWD,[PREMIUM],[PREMIUM],15691,SUV,Crystal White Tricoat,Jet Black w/Jet Black Accents,All-wheel Drive,,,Gasoline,,,dealership,[PREMIUM],Aurora,OH,/vehicles/vehicle-type-1.webp,,[],,,[PREMIUM]
0f7e9080-0868-42e4-b5d0-48fd92f2c9a8,2026-04-24 22:37:51.171,2026-04-27 22:38:04.056,0f7e9080-0868-42e4-b5d0-48fd92f2c9a8,[PREMIUM],Used,2023,Mercedes-Benz,GLE 350,Base,[PREMIUM],[PREMIUM],44100,SUV,Black,Black,Rear-wheel Drive,,,Gasoline,,,dealership,[PREMIUM],Pompano Beach,FL,/vehicles/vehicle-type-4.webp,,[],,,[PREMIUM]
3a13e83a-4fc8-428c-b167-924cf5d1aca7,2026-04-24 22:37:40.981,2026-04-27 22:37:53.966,3a13e83a-4fc8-428c-b167-924cf5d1aca7,[PREMIUM],Used,2023,Toyota,Tacoma,TRD Pro,[PREMIUM],[PREMIUM],38119,Truck,Orange,BLACK,Four-wheel Drive,,,Gasoline,,,dealership,[PREMIUM],Fort Worth,TX,/vehicles/vehicle-type-4.webp,,[],,,[PREMIUM]
3065ce35-2420-4d24-8459-eee2e5df89c2,2026-04-24 22:37:40.941,2026-04-24 22:37:40.941,3065ce35-2420-4d24-8459-eee2e5df89c2,[PREMIUM],Used,2024,Chevrolet,Silverado 2500,4WD Crew Cab 159&quot; LT,[PREMIUM],[PREMIUM],84316,,Black,,Four-wheel Drive,,,Gasoline,,,dealership,[PREMIUM],Arlington Heights,IL,/vehicles/vehicle-type-4.webp,,[],,,[PREMIUM]
37d9d6d6-3f55-490c-bd23-5780355b1033,2026-04-24 22:37:40.932,2026-04-24 22:37:40.932,37d9d6d6-3f55-490c-bd23-5780355b1033,[PREMIUM],Used,2023,Toyota,Tundra,1794,[PREMIUM],[PREMIUM],29052,Truck,Black,BROWN,Rear-wheel Drive,,,Gasoline,,,dealership,[PREMIUM],Ocala,FL,/vehicles/vehicle-type-1.webp,,[],,,[PREMIUM]
302f6cd8-d02b-47b3-8a9c-3a944d05b4b8,2026-04-24 22:37:40.927,2026-04-24 22:37:40.927,302f6cd8-d02b-47b3-8a9c-3a944d05b4b8,[PREMIUM],Used,2023,Chevrolet,Silverado 1500,LTZ,[PREMIUM],[PREMIUM],7377,Truck,White,BLACK,Four-wheel Drive,,,Gasoline,,,dealership,[PREMIUM],Colorado Springs,CO,/vehicles/vehicle-type-5.webp,,[],,,[PREMIUM]
1d86435e-30c3-48b4-9884-1ddba82b9568,2026-04-24 22:37:40.902,2026-04-24 22:37:40.902,1d86435e-30c3-48b4-9884-1ddba82b9568,[PREMIUM],Used,2024,GMC,Yukon,SLT,[PREMIUM],[PREMIUM],76776,SUV,Onyx Black,Jet Black,Four-wheel Drive,,,Gasoline,,,dealership,[PREMIUM],North Branch,MN,/vehicles/vehicle-type-7.webp,,[],,,[PREMIUM]
2bd7144a-0da4-417e-8cb8-5f92c25050c1,2026-04-24 22:37:30.774,2026-04-24 22:37:30.774,2bd7144a-0da4-417e-8cb8-5f92c25050c1,[PREMIUM],Used,2025,Toyota,Highlander,XLE,[PREMIUM],[PREMIUM],3368,SUV,Heavy Metal,,All-wheel Drive,,,Gasoline,,,dealership,[PREMIUM],Peoria,AZ,/vehicles/vehicle-type-5.webp,,[],,,[PREMIUM]
d4ac61f8-8f29-4ce6-b417-f0059d7f9304,2026-04-24 22:37:30.773,2026-04-24 22:37:30.773,d4ac61f8-8f29-4ce6-b417-f0059d7f9304,[PREMIUM],Used,2025,Toyota,Tacoma,TRD Off Road,[PREMIUM],[PREMIUM],2428,Truck,Blue Crush Metallic,,Four-wheel Drive,,,Hybrid,,,dealership,[PREMIUM],Peoria,AZ,/vehicles/vehicle-type-3.webp,,[],,,[PREMIUM]
326cd998-490f-4e26-bb0c-3013503233b6,2026-04-24 22:37:30.759,2026-04-24 22:37:30.759,326cd998-490f-4e26-bb0c-3013503233b6,[PREMIUM],Used,2024,Mercedes-Benz,Sprinter 2500,144 WB,[PREMIUM],[PREMIUM],14551,Cargo Van,Arctic White,Black,Rear-wheel Drive,,,Diesel,,,dealership,[PREMIUM],Lilburn,GA,/vehicles/vehicle-type-5.webp,,[],,,[PREMIUM]
2fc17be7-3dee-4273-bec8-4075f6fc37a6,2026-04-24 22:37:30.753,2026-04-24 22:37:30.753,2fc17be7-3dee-4273-bec8-4075f6fc37a6,[PREMIUM],Used,2024,Chevrolet,Silverado EV,Work Truck,[PREMIUM],[PREMIUM],4146,Truck,Summit White,Jet Black,All-wheel Drive,,,Electric,,,dealership,[PREMIUM],Wooster,OH,/vehicles/vehicle-type-6.webp,,[],,,[PREMIUM]
46172040-9743-44ba-893e-c4d64d03cbf1,2026-04-24 22:37:30.694,2026-04-24 22:37:30.694,46172040-9743-44ba-893e-c4d64d03cbf1,[PREMIUM],Used,2025,BMW,i4 Gran Coupe,xDrive40,[PREMIUM],[PREMIUM],8326,Sedan,Black Sapphire Metallic,Beige,AWD,,,Electric,,,dealership,[PREMIUM],Fort Worth,TX,/vehicles/vehicle-type-5.webp,,[],,,[PREMIUM]
06f13b12-5034-41dc-9115-14862a11f968,2026-04-24 22:37:30.693,2026-04-27 22:37:43.901,06f13b12-5034-41dc-9115-14862a11f968,[PREMIUM],Used,2024,Lexus,NX 350h,Premium,[PREMIUM],[PREMIUM],44929,SUV,Red,BROWN,Four-wheel Drive,,,Hybrid,,,dealership,[PREMIUM],Schaumburg,IL,/vehicles/vehicle-type-4.webp,,[],,,[PREMIUM]
9ad7135a-b2b6-4c7c-9712-60041433e914,2026-04-24 22:37:30.690,2026-04-27 22:37:44.201,9ad7135a-b2b6-4c7c-9712-60041433e914,[PREMIUM],Used,2025,Toyota,Tacoma,TRD Off Road,[PREMIUM],[PREMIUM],19847,Truck,Silver,GRAY,Four-wheel Drive,,,Gasoline,,,dealership,[PREMIUM],Frederick,MD,/vehicles/vehicle-type-3.webp,,[],,,[PREMIUM]
babf4701-3ca6-4c43-97e4-ca9b1e82ad12,2026-04-24 22:37:30.684,2026-04-27 22:37:43.893,babf4701-3ca6-4c43-97e4-ca9b1e82ad12,[PREMIUM],Used,2025,Tesla,Model Y,Performance,[PREMIUM],[PREMIUM],10151,SUV,Black,BLACK,Four-wheel Drive,,,Electric,,,dealership,[PREMIUM],Memphis,TN,/vehicles/vehicle-type-1.webp,,[],,,[PREMIUM]
d7dda0fb-75e7-4adb-947a-4f68c56c23a4,2026-04-24 22:37:30.671,2026-04-24 22:37:30.671,d7dda0fb-75e7-4adb-947a-4f68c56c23a4,[PREMIUM],Used,2024,Jeep,Wrangler,Rubicon,[PREMIUM],[PREMIUM],7220,SUV,Red,BLACK,Four-wheel Drive,,,Gasoline,,,dealership,[PREMIUM],Irving,TX,/vehicles/vehicle-type-5.webp,,[],,,[PREMIUM]
35af0782-62ea-4f5e-af70-4c8a6b956085,2026-04-24 22:37:30.669,2026-04-24 22:37:30.669,35af0782-62ea-4f5e-af70-4c8a6b956085,[PREMIUM],Used,2025,Ford,Mustang,GT Premium,[PREMIUM],[PREMIUM],31382,Coupe,Magenta,Carmine Red,Rear Wheel Drive,,,Premium unleaded,,,dealership,[PREMIUM],Miami,FL,/vehicles/vehicle-type-5.webp,,[],,,[PREMIUM]
6137728a-8b94-4898-8358-bf6abfa84439,2026-04-24 22:37:30.669,2026-04-24 22:37:30.669,6137728a-8b94-4898-8358-bf6abfa84439,[PREMIUM],Used,2024,Jeep,Wrangler,Rubicon X,[PREMIUM],[PREMIUM],19912,SUV,Black,BLACK,Four-wheel Drive,,,Gasoline,,,dealership,[PREMIUM],Charleston,SC,/vehicles/vehicle-type-6.webp,,[],,,[PREMIUM]
90781f73-e5f7-40bd-86e2-f4dd64718340,2026-04-24 22:37:30.664,2026-04-27 22:37:44.148,90781f73-e5f7-40bd-86e2-f4dd64718340,[PREMIUM],Used,2024,Chevrolet,Suburban,LT,[PREMIUM],[PREMIUM],60873,SUV,Ash,Black,Four-wheel Drive,,,Gasoline,,,dealership,[PREMIUM],North Branch,MN,/vehicles/vehicle-type-2.webp,,[],,,[PREMIUM]
5eb8b7bd-00bb-4366-b9a9-98d61c217c1d,2026-04-24 22:37:30.661,2026-04-24 22:37:30.661,5eb8b7bd-00bb-4366-b9a9-98d61c217c1d,[PREMIUM],Used,2024,RAM,3500,Tradesman,[PREMIUM],[PREMIUM],48239,Truck,Bright White Clearcoat,Black,Four-wheel Drive,,,Diesel,,,dealership,[PREMIUM],Milford,DE,/vehicles/vehicle-type-7.webp,,[],,,[PREMIUM]
dceb47d7-f40b-4604-8951-95d4125d8f99,2026-04-24 22:37:30.658,2026-04-24 22:37:30.658,dceb47d7-f40b-4604-8951-95d4125d8f99,[PREMIUM],Used,2024,Chevrolet,Silverado 2500,LT,[PREMIUM],[PREMIUM],47407,Truck,Summit White,,Four-wheel Drive,,,Gasoline,,,dealership,[PREMIUM],North Branch,MN,/vehicles/vehicle-type-4.webp,,[],,,[PREMIUM]
c3485f3b-f390-4d87-82c2-fb76413613d9,2026-04-24 22:37:30.656,2026-04-24 22:37:30.656,c3485f3b-f390-4d87-82c2-fb76413613d9,[PREMIUM],Used,2024,Toyota,Sienna,XLE,[PREMIUM],[PREMIUM],27911,Passenger Van,Predawn Gray Mica,Graphite,All-wheel Drive,,,Hybrid,,,dealership,[PREMIUM],Sykesville,MD,/vehicles/vehicle-type-1.webp,,[],,,[PREMIUM]
69085ac7-fe9a-4b9d-b30d-55c66eab0b7a,2026-04-24 22:37:30.645,2026-04-24 22:37:30.645,69085ac7-fe9a-4b9d-b30d-55c66eab0b7a,[PREMIUM],New,2025,Chevrolet,Silverado 1500,LT,[PREMIUM],[PREMIUM],2,Truck,Sterling Gray Metallic,Jet Black,Four-wheel Drive,,,Gasoline,,,dealership,[PREMIUM],North Branch,MN,/vehicles/vehicle-type-1.webp,,[],,,[PREMIUM]
71810057-7903-4527-93cd-a6f82c05922b,2026-04-24 22:37:30.642,2026-04-24 22:37:30.642,71810057-7903-4527-93cd-a6f82c05922b,[PREMIUM],Used,2024,Mercedes-Benz,Sprinter 2500,144 WB,[PREMIUM],[PREMIUM],13201,Cargo Van,Arctic White,Black,Rear-wheel Drive,,,Diesel,,,dealership,[PREMIUM],Lilburn,GA,/vehicles/vehicle-type-4.webp,,[],,,[PREMIUM]
252c33d4-a887-4c72-8a67-270d354bf3d6,2026-04-24 22:37:30.641,2026-04-24 22:37:30.641,252c33d4-a887-4c72-8a67-270d354bf3d6,[PREMIUM],Used,2024,Mercedes-Benz,AMG C 43,,[PREMIUM],[PREMIUM],19424,Sedan,Silver,BLACK,Four-wheel Drive,,,Gasoline,,,dealership,[PREMIUM],Murrieta,CA,/vehicles/vehicle-type-3.webp,,[],,,[PREMIUM]
3621fdff-a222-48fe-884e-49bfd3c21bc3,2026-04-24 22:37:20.311,2026-04-24 22:37:20.311,3621fdff-a222-48fe-884e-49bfd3c21bc3,[PREMIUM],Used,2025,Mazda,CX-70,3.3 Turbo Premium Package,[PREMIUM],[PREMIUM],4096,SUV,Jet Black Mica,Greige,All-wheel Drive,,,Gasoline,,,dealership,[PREMIUM],Vacaville,CA,/vehicles/vehicle-type-6.webp,,[],,,[PREMIUM]
da97f3d9-1015-496b-86c5-7893ce1b87f5,2026-04-24 22:37:20.100,2026-04-24 22:37:20.100,da97f3d9-1015-496b-86c5-7893ce1b87f5,[PREMIUM],Used,2025,Ford,Mustang,GT Premium,[PREMIUM],[PREMIUM],15447,Coupe,MOLTEN MAGENTA METALLIC TC,BLACK ONYX LTHR-TRIMMED,Rear-wheel Drive,,,Gasoline,,,dealership,[PREMIUM],Republic,MO,/vehicles/vehicle-type-1.webp,,[],,,[PREMIUM]
e33d1002-9499-4fe3-8685-dc0b067114d3,2026-04-24 22:37:20.089,2026-04-24 22:37:20.089,e33d1002-9499-4fe3-8685-dc0b067114d3,[PREMIUM],Used,2025,Kia,Telluride,SX Prestige X-Line,[PREMIUM],[PREMIUM],13200,SUV,Gray,BLACK,Four-wheel Drive,,,Gasoline,,,dealership,[PREMIUM],Knoxville,TN,/vehicles/vehicle-type-6.webp,,[],,,[PREMIUM]
a28eae5b-65ed-43de-82bc-6b65b65030db,2026-04-24 22:37:20.031,2026-04-24 22:37:20.031,a28eae5b-65ed-43de-82bc-6b65b65030db,[PREMIUM],Used,2025,Lexus,ES 350,,[PREMIUM],[PREMIUM],2830,Sedan,White,BLACK,Rear-wheel Drive,,,Gasoline,,,dealership,[PREMIUM],Irving,TX,/vehicles/vehicle-type-3.webp,,[],,,[PREMIUM]
a0f0e4ed-ff83-4cca-8de8-95e81dcdaeb1,2026-04-24 22:37:20.021,2026-04-24 22:37:20.021,a0f0e4ed-ff83-4cca-8de8-95e81dcdaeb1,[PREMIUM],New,2026,Chevrolet,Traverse,LT,[PREMIUM],[PREMIUM],0,SUV,Red,"LT Jet Black, Evotex seat trim",Front-wheel Drive,,,Gasoline,,,dealership,[PREMIUM],Cocoa,FL,/vehicles/vehicle-type-2.webp,,[],,,[PREMIUM]
40030c21-94cd-4cdd-81ac-62e94c3c4e5a,2026-04-24 22:37:19.998,2026-04-24 22:37:19.998,40030c21-94cd-4cdd-81ac-62e94c3c4e5a,[PREMIUM],Used,2025,Honda,Pilot,Trailsport,[PREMIUM],[PREMIUM],6341,SUV,Red,BLACK,Four-wheel Drive,,,Gasoline,,,dealership,[PREMIUM],North Attleborough,MA,/vehicles/vehicle-type-6.webp,,[],,,[PREMIUM]
cf7a038d-6c6c-41fb-a6a5-182688c5edc2,2026-04-24 22:37:19.981,2026-04-27 22:37:33.672,cf7a038d-6c6c-41fb-a6a5-182688c5edc2,[PREMIUM],New,2026,Nissan,Frontier,PRO-4X,[PREMIUM],[PREMIUM],3,Truck,Super Black,Steel,Four-wheel Drive,,,Gasoline,,,dealership,[PREMIUM],Bellingham,WA,/vehicles/vehicle-type-2.webp,,[],,,[PREMIUM]
9b73190a-d0f8-41ac-8d00-64121c3161a3,2026-04-24 22:37:19.980,2026-04-27 22:37:33.645,9b73190a-d0f8-41ac-8d00-64121c3161a3,[PREMIUM],New,2026,Nissan,Pathfinder,SL,[PREMIUM],[PREMIUM],10,SUV,Baltic Teal,Light Gray,Four-wheel Drive,,,Gasoline,,,dealership,[PREMIUM],Hasbrouck Heights,NJ,/vehicles/vehicle-type-6.webp,,[],,,[PREMIUM]
f25c9a95-67e8-4ab6-b775-c3a37f9e477c,2026-04-24 22:37:19.976,2026-04-24 22:37:19.976,f25c9a95-67e8-4ab6-b775-c3a37f9e477c,[PREMIUM],New,2025,Chevrolet,Silverado 1500,LT,[PREMIUM],[PREMIUM],2,Truck,Summit White,Jet Black,Four-wheel Drive,,,Gasoline,,,dealership,[PREMIUM],North Branch,MN,/vehicles/vehicle-type-5.webp,,[],,,[PREMIUM]
5bdfaaef-eeeb-4958-a0f0-b38e98d7bf39,2026-04-24 22:37:19.970,2026-04-24 22:37:19.970,5bdfaaef-eeeb-4958-a0f0-b38e98d7bf39,[PREMIUM],Used,2025,Chevrolet,Traverse,RS,[PREMIUM],[PREMIUM],14609,SUV,Blue,BLACK,Rear-wheel Drive,,,Gasoline,,,dealership,[PREMIUM],Buena Park,CA,/vehicles/vehicle-type-1.webp,,[],,,[PREMIUM]
9c2c74a4-9936-4827-9fab-d39e5f6b10c3,2026-04-24 22:37:19.968,2026-04-24 22:37:19.968,9c2c74a4-9936-4827-9fab-d39e5f6b10c3,[PREMIUM],Used,2025,Polestar,3,Long range Dual motor - Pilot,[PREMIUM],[PREMIUM],2116,SUV,Magnesium,Bio-attributed WeaveTech in Charcoal with Tectonic deco,All-wheel Drive,,,Electric,,,dealership,[PREMIUM],Denver,CO,/vehicles/vehicle-type-1.webp,,[],,,[PREMIUM]
9730e9a2-5032-442c-abec-5da4c884de4a,2026-04-24 22:37:19.957,2026-04-24 22:37:19.957,9730e9a2-5032-442c-abec-5da4c884de4a,[PREMIUM],New,2026,Nissan,Murano,SL,[PREMIUM],[PREMIUM],10,SUV,Gun Metallic,Graphite,All-wheel Drive,,,Gasoline,,,dealership,[PREMIUM],Hasbrouck Heights,NJ,/vehicles/vehicle-type-3.webp,,[],,,[PREMIUM]
e1b54411-a293-4b4e-b6fe-e902c2fcf65d,2026-04-24 22:37:19.954,2026-04-24 22:37:19.954,e1b54411-a293-4b4e-b6fe-e902c2fcf65d,[PREMIUM],New,2026,Nissan,Murano,SL,[PREMIUM],[PREMIUM],10,SUV,Everest White Pearl Tricoat,Graphite,All-wheel Drive,,,Gasoline,,,dealership,[PREMIUM],Hasbrouck Heights,NJ,/vehicles/vehicle-type-4.webp,,[],,,[PREMIUM]
14c5f917-6109-463e-b3a3-16a566118e1b,2026-04-24 22:37:19.953,2026-04-24 22:37:19.953,14c5f917-6109-463e-b3a3-16a566118e1b,[PREMIUM],Used,2025,Cadillac,XT5,Sport,[PREMIUM],[PREMIUM],10366,SUV,Opulent Blue Metallic,Cirrus w/Jet Black Accents,All-wheel Drive,,,Gasoline,,,dealership,[PREMIUM],North Branch,MN,/vehicles/vehicle-type-5.webp,,[],,,[PREMIUM]
6b11e064-aa8a-4494-be62-dc0fddbfcb3f,2026-04-24 22:37:09.983,2026-04-24 22:37:09.983,6b11e064-aa8a-4494-be62-dc0fddbfcb3f,[PREMIUM],New,2026,Chevrolet,Silverado 1500,Custom,[PREMIUM],[PREMIUM],3,Truck,Red Hot,Jet Black,Four-wheel Drive,,,Gasoline,,,dealership,[PREMIUM],Richardson,TX,/vehicles/vehicle-type-1.webp,,[],,,[PREMIUM]
b3d7facd-bc10-446a-983a-2ae7ca8fa1e5,2026-04-24 22:37:09.906,2026-05-06 22:38:03.236,b3d7facd-bc10-446a-983a-2ae7ca8fa1e5,[PREMIUM],New,2026,Chevrolet,Traverse,AWD Z71,[PREMIUM],[PREMIUM],0,SUV,Sterling Gray Metallic,Jet Black w/Torch Red Stitching,All-wheel Drive,,,Gasoline,,,dealership,[PREMIUM],Buellton,CA,/vehicles/vehicle-type-1.webp,,[],,,[PREMIUM]
7c09bc2d-4d8e-469d-bb24-b90a948b05c2,2026-04-24 22:37:09.902,2026-04-24 22:37:09.902,7c09bc2d-4d8e-469d-bb24-b90a948b05c2,[PREMIUM],New,2026,Subaru,Outback,Wilderness,[PREMIUM],[PREMIUM],1,SUV,Ice Silver Metallic,Black,All-wheel Drive,,,Gasoline,,,dealership,[PREMIUM],Renfrew,PA,/vehicles/vehicle-type-1.webp,,[],,,[PREMIUM]
8d4f096e-22e4-4600-911a-6ea1b47e4add,2026-04-24 22:37:09.883,2026-04-24 22:37:09.883,8d4f096e-22e4-4600-911a-6ea1b47e4add,[PREMIUM],New,2026,Chevrolet,Traverse,LT,[PREMIUM],[PREMIUM],2,SUV,Mosaic Black Metallic,"LT Jet Black, Evotex seat trim",All-wheel Drive,,,Gasoline,,,dealership,[PREMIUM],Roslyn,NY,/vehicles/vehicle-type-2.webp,,[],,,[PREMIUM]
a39cd269-3003-4f28-8360-d05ba5ab4344,2026-04-24 22:37:09.649,2026-04-30 22:37:34.852,a39cd269-3003-4f28-8360-d05ba5ab4344,[PREMIUM],New,2026,RAM,1500,Express,[PREMIUM],[PREMIUM],10,Truck,Diamond Black,Black,Four-wheel Drive,,,Gasoline,,,dealership,[PREMIUM],Libertyville,IL,/vehicles/vehicle-type-2.webp,,[],,,[PREMIUM]
9dea5f70-3980-403f-aad6-01244ce9c737,2026-04-24 22:37:09.629,2026-04-30 22:37:34.968,9dea5f70-3980-403f-aad6-01244ce9c737,[PREMIUM],New,2026,Ford,Bronco,Big Bend,[PREMIUM],[PREMIUM],10,SUV,Carbonized Gray Metallic,Dark Space Gray,Four-wheel Drive,,,Gasoline,,,dealership,[PREMIUM],High Point,NC,/vehicles/vehicle-type-7.webp,,[],,,[PREMIUM]
d930253f-f8d0-4fef-bd14-c56d15a9d7a3,2026-04-24 22:37:09.622,2026-04-24 22:37:09.622,d930253f-f8d0-4fef-bd14-c56d15a9d7a3,[PREMIUM],New,2026,Nissan,Rogue,SL,[PREMIUM],[PREMIUM],3,SUV,Moonrock Gray,Black,All-wheel Drive,,,Gasoline,,,dealership,[PREMIUM],Poway,CA,/vehicles/vehicle-type-4.webp,,[],,,[PREMIUM]
7e2dbebe-91b3-429f-b7a0-e7b2591cca10,2026-04-24 22:37:09.611,2026-04-24 22:37:09.611,7e2dbebe-91b3-429f-b7a0-e7b2591cca10,[PREMIUM],Used,2026,Chevrolet,Silverado 2500,WT,[PREMIUM],[PREMIUM],10,Truck,Summit White,Jet Black,Four-wheel Drive,,,Gasoline,,,dealership,[PREMIUM],Richardson,TX,/vehicles/vehicle-type-7.webp,,[],,,[PREMIUM]
8d631ca8-dabc-4fe4-8511-66e4df3b638a,2026-04-24 22:37:09.597,2026-05-06 22:37:53.027,8d631ca8-dabc-4fe4-8511-66e4df3b638a,[PREMIUM],New,2026,Ford,F-150,STX,[PREMIUM],[PREMIUM],10,Truck,Carbonized Gray Metallic,Black,Four-wheel Drive,,,Gasoline,,,dealership,[PREMIUM],High Point,NC,/vehicles/vehicle-type-2.webp,,[],,,[PREMIUM]
f8aed06c-4759-4278-94dd-6cf2030fa41b,2026-04-24 22:37:09.578,2026-04-24 22:37:09.578,f8aed06c-4759-4278-94dd-6cf2030fa41b,[PREMIUM],New,2026,Chevrolet,Traverse,LT,[PREMIUM],[PREMIUM],0,SUV,Blue,"LT Jet Black, Evotex seat trim",Front-wheel Drive,,,Gasoline,,,dealership,[PREMIUM],Cocoa,FL,/vehicles/vehicle-type-6.webp,,[],,,[PREMIUM]
997a9801-4001-4812-923f-f544eb442215,2026-04-24 22:37:09.571,2026-04-24 22:37:09.571,997a9801-4001-4812-923f-f544eb442215,[PREMIUM],New,2026,Subaru,Outback,Wilderness,[PREMIUM],[PREMIUM],2,SUV,River Rock Pearl,Black,All-wheel Drive,,,Gasoline,,,dealership,[PREMIUM],Renfrew,PA,/vehicles/vehicle-type-3.webp,,[],,,[PREMIUM]
12d08b80-e977-44d3-99d6-271ae6f07a01,2026-04-24 22:37:09.563,2026-04-27 22:37:23.738,12d08b80-e977-44d3-99d6-271ae6f07a01,[PREMIUM],New,2026,Ford,Bronco,Big Bend,[PREMIUM],[PREMIUM],10,SUV,Avalanche Gray,Dark Gray,Four-wheel Drive,,,Gasoline,,,dealership,[PREMIUM],High Point,NC,/vehicles/vehicle-type-6.webp,,[],,,[PREMIUM]
39cb9896-c532-4ab6-870f-b83833f4a1a9,2026-04-24 22:37:09.558,2026-04-24 22:37:09.558,39cb9896-c532-4ab6-870f-b83833f4a1a9,[PREMIUM],New,2026,Ford,Explorer,ST-Line,[PREMIUM],[PREMIUM],1,SUV,Gray,Onyx,4WD,,,Gasoline,,,dealership,[PREMIUM],Macomb,MI,/vehicles/vehicle-type-4.webp,,[],,,[PREMIUM]
1e1bad2f-1414-4e28-90db-2a5ca6dff55e,2026-04-24 22:37:09.558,2026-04-30 22:37:45.165,1e1bad2f-1414-4e28-90db-2a5ca6dff55e,[PREMIUM],New,2026,Ford,F-150,STX,[PREMIUM],[PREMIUM],5,Truck,Agate Black Metallic,Black,Rear-wheel Drive,,,Gasoline,,,dealership,[PREMIUM],Phoenix,AZ,/vehicles/vehicle-type-1.webp,,[],,,[PREMIUM]
45ee1054-a166-40d0-9ab4-251a685f66e2,2026-04-24 22:37:09.549,2026-04-24 22:37:09.549,45ee1054-a166-40d0-9ab4-251a685f66e2,[PREMIUM],New,2026,Toyota,Tacoma,TRD Sport,[PREMIUM],[PREMIUM],0,Truck,Ice Cap,Boulder/Black Fabric w/Smoke Silver,Four-wheel Drive,,,Gasoline,,,dealership,[PREMIUM],Lubbock,TX,/vehicles/vehicle-type-1.webp,,[],,,[PREMIUM]
16128782-90d3-47b2-b7eb-6f7dc4275322,2026-04-24 22:37:09.546,2026-04-24 22:37:09.546,16128782-90d3-47b2-b7eb-6f7dc4275322,[PREMIUM],New,2026,Chevrolet,Colorado,Trail Boss,[PREMIUM],[PREMIUM],55,Truck,Sterling Gray Metallic,Jet Black,Four-wheel Drive,,,Gasoline,,,dealership,[PREMIUM],North Branch,MN,/vehicles/vehicle-type-3.webp,,[],,,[PREMIUM]
8f208aba-028c-4289-b8ad-941f8cdf67f9,2026-04-24 22:37:09.545,2026-04-24 22:37:09.545,8f208aba-028c-4289-b8ad-941f8cdf67f9,[PREMIUM],New,2026,Chevrolet,Colorado,Z71,[PREMIUM],[PREMIUM],2,Truck,Radiant Red,,Four-wheel Drive,,,Gasoline,,,dealership,[PREMIUM],North Branch,MN,/vehicles/vehicle-type-5.webp,,[],,,[PREMIUM]
fc6e8767-a9dc-4df3-841b-b0264655a887,2026-04-24 22:37:09.544,2026-04-27 22:37:23.454,fc6e8767-a9dc-4df3-841b-b0264655a887,[PREMIUM],New,2026,Honda,Ridgeline,Black,[PREMIUM],[PREMIUM],0,Truck,Platinum White Pearl,Black,All-wheel Drive,,,Gasoline,,,dealership,[PREMIUM],Egg Harbor Township,NJ,/vehicles/vehicle-type-5.webp,,[],,,[PREMIUM]
88ec2c1f-f00c-4f81-8a3f-c925e86f6421,2026-04-24 22:37:09.540,2026-04-27 22:37:23.508,88ec2c1f-f00c-4f81-8a3f-c925e86f6421,[PREMIUM],New,2026,Toyota,RAV4 Plug-In Hybrid,SE,[PREMIUM],[PREMIUM],0,SUV,Ice Cap,Black,All-wheel Drive,,,Hybrid,,,dealership,[PREMIUM],Albuquerque,NM,/vehicles/vehicle-type-6.webp,,[],,,[PREMIUM]
fd44ab84-b5a9-4d32-aa88-eb19f9dcae35,2026-04-24 22:37:09.538,2026-05-03 22:37:46.688,fd44ab84-b5a9-4d32-aa88-eb19f9dcae35,[PREMIUM],New,2026,Ford,Explorer,Active,[PREMIUM],[PREMIUM],1,SUV,Agate Black,Space Gray,Four-wheel Drive,,,Gasoline,,,dealership,[PREMIUM],Macomb,MI,/vehicles/vehicle-type-4.webp,,[],,,[PREMIUM]
118c93f1-8f80-4c2b-8b71-126666d530c5,2026-04-24 22:37:09.536,2026-04-24 22:37:09.536,118c93f1-8f80-4c2b-8b71-126666d530c5,[PREMIUM],New,2026,Subaru,Outback,Wilderness,[PREMIUM],[PREMIUM],0,SUV,Geyser Blue,Black,All-wheel Drive,,,Gasoline,,,dealership,[PREMIUM],Renfrew,PA,/vehicles/vehicle-type-6.webp,,[],,,[PREMIUM]
d67d6b4a-146f-49df-931c-bc8c932c4f05,2026-04-24 22:37:09.530,2026-04-24 22:37:09.530,d67d6b4a-146f-49df-931c-bc8c932c4f05,[PREMIUM],New,2026,Ford,F-150,STX,[PREMIUM],[PREMIUM],10,Truck,Oxford White,Black,RWD,,,Gasoline,,,dealership,[PREMIUM],High Point,NC,/vehicles/vehicle-type-1.webp,,[],,,[PREMIUM]
a0906745-3053-4ed0-a12d-13fbaca505a8,2026-04-24 22:37:09.522,2026-04-24 22:37:09.522,a0906745-3053-4ed0-a12d-13fbaca505a8,[PREMIUM],New,2026,Ford,Explorer,ST-Line,[PREMIUM],[PREMIUM],10,SUV,Star White,Onyx,RWD,,,Gasoline,,,dealership,[PREMIUM],High Point,NC,/vehicles/vehicle-type-3.webp,,[],,,[PREMIUM]
58ee25bf-f95b-4809-be78-0fbaa2c629f1,2026-04-24 22:37:09.514,2026-04-30 22:37:34.838,58ee25bf-f95b-4809-be78-0fbaa2c629f1,[PREMIUM],New,2026,Toyota,Tundra,SR,[PREMIUM],[PREMIUM],0,Truck,White,Black,Four-wheel Drive,,,Gasoline,,,dealership,[PREMIUM],Conroe,TX,/vehicles/vehicle-type-1.webp,,[],,,[PREMIUM]
32e08054-0d9f-4784-8232-5a919abae5d2,2026-04-24 22:37:09.505,2026-04-27 22:37:12.937,32e08054-0d9f-4784-8232-5a919abae5d2,[PREMIUM],New,2026,Toyota,4Runner,SR5,[PREMIUM],[PREMIUM],0,SUV,Underground,Boulder,Four-wheel Drive,,,Gasoline,,,dealership,[PREMIUM],Bend,OR,/vehicles/vehicle-type-5.webp,,[],,,[PREMIUM]
694746c3-fe10-4950-96ef-b320670d5f5a,2026-04-24 22:37:09.497,2026-04-27 22:37:13.337,694746c3-fe10-4950-96ef-b320670d5f5a,[PREMIUM],New,2026,Nissan,Pathfinder,SL,[PREMIUM],[PREMIUM],4,SUV,Super Black,Charcoal,Four-wheel Drive,,,Gasoline,,,dealership,[PREMIUM],Bellingham,WA,/vehicles/vehicle-type-6.webp,,[],,,[PREMIUM]
ff1f0dfb-789f-40ae-8f8f-00e29216add3,2026-04-24 22:36:59.002,2026-04-24 22:36:59.002,ff1f0dfb-789f-40ae-8f8f-00e29216add3,[PREMIUM],New,2026,Kia,Sorento Hybrid,X-LINE SX PRESTIGE,[PREMIUM],[PREMIUM],8,SUV,Gray,Gray,AWD,,,Hybrid,,,dealership,[PREMIUM],Springfield,OH,/vehicles/vehicle-type-1.webp,,[],,,[PREMIUM]
006dad1f-2548-41fa-94b1-7906449a71c2,2026-04-24 22:36:58.973,2026-04-24 22:36:58.973,006dad1f-2548-41fa-94b1-7906449a71c2,[PREMIUM],New,2026,Volkswagen,Atlas,2.0T SE w/Technology 4MOTION,[PREMIUM],[PREMIUM],4,SUV,Opal White Pearl,Shetland Beige,All-wheel Drive,,,Gasoline,,,dealership,[PREMIUM],Farmington Hills,MI,/vehicles/vehicle-type-7.webp,,[],,,[PREMIUM]
f3c1e776-22c9-4fac-8788-918c87e9094a,2026-04-24 22:36:58.940,2026-04-24 22:36:58.940,f3c1e776-22c9-4fac-8788-918c87e9094a,[PREMIUM],New,2026,Nissan,Rogue Plug-In Hybrid,SL,[PREMIUM],[PREMIUM],125,SUV,Moonrock Gray,Black,All-wheel Drive,,,Hybrid,,,dealership,[PREMIUM],Corinth,TX,/vehicles/vehicle-type-6.webp,,[],,,[PREMIUM]
e28ac63e-0f6b-42cb-9941-dd0ad841731b,2026-04-24 22:36:58.929,2026-04-24 22:36:58.929,e28ac63e-0f6b-42cb-9941-dd0ad841731b,[PREMIUM],New,2026,Ford,F-150,STX,[PREMIUM],[PREMIUM],10,Truck,Agate Black Metallic,Black,RWD,,,Gasoline,,,dealership,[PREMIUM],High Point,NC,/vehicles/vehicle-type-7.webp,,[],,,[PREMIUM]
301472e1-262b-4367-a7a1-643c614d58e4,2026-04-24 22:36:58.913,2026-04-24 22:36:58.913,301472e1-262b-4367-a7a1-643c614d58e4,[PREMIUM],New,2026,Chevrolet,Traverse,LT,[PREMIUM],[PREMIUM],,SUV,Mosaic Black Metallic,Jet Black,AWD,,,Gasoline,,,dealership,[PREMIUM],Frankfort,IL,/vehicles/vehicle-type-1.webp,,[],,,[PREMIUM]
a2c25ed3-7864-4a4b-bee8-82df4c37973e,2026-04-24 22:36:58.812,2026-04-24 22:36:58.812,a2c25ed3-7864-4a4b-bee8-82df4c37973e,[PREMIUM],New,2026,Chevrolet,Colorado,Trail Boss,[PREMIUM],[PREMIUM],45,Truck,Summit White,Jet Black,4WD,,,Gasoline,,,dealership,[PREMIUM],Fremont,OH,/vehicles/vehicle-type-3.webp,,[],,,[PREMIUM]
5ec1b2db-a62a-45c5-b4a2-ce4583f50fe3,2026-04-24 22:36:58.776,2026-04-24 22:36:58.776,5ec1b2db-a62a-45c5-b4a2-ce4583f50fe3,[PREMIUM],New,2026,Nissan,Frontier,PRO-4X,[PREMIUM],[PREMIUM],11,Truck,Citrus Strike,Steel,Four-wheel Drive,,,Gasoline,,,dealership,[PREMIUM],Poway,CA,/vehicles/vehicle-type-3.webp,,[],,,[PREMIUM]
e848318b-14d3-4f60-8eb4-f3f2389b2864,2026-04-24 22:36:58.610,2026-05-06 22:37:53.327,e848318b-14d3-4f60-8eb4-f3f2389b2864,[PREMIUM],New,2026,Mazda,CX-90,3.3 Turbo Premium Sport,[PREMIUM],[PREMIUM],6,SUV,Machine Gray Metallic,Black,All-wheel Drive,,,Gasoline,,,dealership,[PREMIUM],Farmington Hills,MI,/vehicles/vehicle-type-1.webp,,[],,,[PREMIUM]
3957d460-b52a-419f-9de4-71e07ca0a158,2026-04-24 22:36:58.608,2026-04-24 22:36:58.608,3957d460-b52a-419f-9de4-71e07ca0a158,[PREMIUM],New,2026,Chevrolet,Express 2500,Work Van,[PREMIUM],[PREMIUM],2,Cargo Van,Summit White,Med Pewter Custom Clth,Rear-wheel Drive,,,Gasoline,,,dealership,[PREMIUM],North Branch,MN,/vehicles/vehicle-type-7.webp,,[],,,[PREMIUM]
7d7119d6-4d58-40c7-8f86-0b1e87d1be70,2026-04-24 22:36:58.524,2026-04-24 22:36:58.524,7d7119d6-4d58-40c7-8f86-0b1e87d1be70,[PREMIUM],New,2026,Kia,Carnival,SX,[PREMIUM],[PREMIUM],,Minivan,Aurora Blue,Off Black,Front-wheel Drive,,,Gasoline,,,dealership,[PREMIUM],Indianapolis,IN,/vehicles/vehicle-type-4.webp,,[],,,[PREMIUM]
5c36ba08-c062-4ec3-a447-b407205a55bf,2026-04-24 22:36:58.515,2026-04-24 22:36:58.515,5c36ba08-c062-4ec3-a447-b407205a55bf,[PREMIUM],New,2026,Kia,Carnival,SX,[PREMIUM],[PREMIUM],,Minivan,White Pearl,Black,Front-wheel Drive,,,Gasoline,,,dealership,[PREMIUM],Indianapolis,IN,/vehicles/vehicle-type-5.webp,,[],,,[PREMIUM]
93190d7d-3e83-4672-8e8f-a5ee5cec67b2,2026-04-24 22:36:58.515,2026-04-24 22:36:58.515,93190d7d-3e83-4672-8e8f-a5ee5cec67b2,[PREMIUM],New,2026,Toyota,Grand Highlander Hybrid,XLE,[PREMIUM],[PREMIUM],0,SUV,Gray,Black,FWD,,,Hybrid,,,dealership,[PREMIUM],Miami,FL,/vehicles/vehicle-type-3.webp,,[],,,[PREMIUM]
30b34d8b-8306-4514-a078-7623dbce47d0,2026-04-24 22:36:58.494,2026-04-27 22:37:12.951,30b34d8b-8306-4514-a078-7623dbce47d0,[PREMIUM],New,2026,Ford,Explorer,ST-Line,[PREMIUM],[PREMIUM],1,SUV,Rapid Red Metallic Tinted Clearcoat,Onyx,4WD,,,Gasoline,,,dealership,[PREMIUM],Macomb,MI,/vehicles/vehicle-type-2.webp,,[],,,[PREMIUM]
dc3657bc-8773-49fe-a73e-cb298f9169dd,2026-04-24 22:36:58.493,2026-05-06 22:37:52.928,dc3657bc-8773-49fe-a73e-cb298f9169dd,[PREMIUM],Used,2026,Kia,Carnival Hybrid,SX,[PREMIUM],[PREMIUM],8158,Passenger Van,Gray,GRAY,Rear-wheel Drive,,,Hybrid,,,dealership,[PREMIUM],Laurel,MD,/vehicles/vehicle-type-7.webp,,[],,,[PREMIUM]
935776fd-accc-4929-a3b4-e7c320ec84b8,2026-04-24 22:36:58.485,2026-04-24 22:36:58.485,935776fd-accc-4929-a3b4-e7c320ec84b8,[PREMIUM],New,2026,Jeep,Grand Cherokee,Limited,[PREMIUM],[PREMIUM],2,SUV,Diamond Black,Global Black,4WD,,,Gasoline,,,dealership,[PREMIUM],Libertyville,IL,/vehicles/vehicle-type-6.webp,,[],,,[PREMIUM]
911849ea-76a6-4fe5-aba6-100e74684804,2026-04-24 22:36:58.481,2026-04-24 22:36:58.481,911849ea-76a6-4fe5-aba6-100e74684804,[PREMIUM],New,2026,Nissan,Murano,Platinum,[PREMIUM],[PREMIUM],25,SUV,Scarlet Ember/Super Black,Gray,All-wheel Drive,,,Gasoline,,,dealership,[PREMIUM],Corinth,TX,/vehicles/vehicle-type-3.webp,,[],,,[PREMIUM]
32ad36f7-1e47-49e7-b446-85a8103bd195,2026-04-24 22:36:58.465,2026-04-27 22:37:13.299,32ad36f7-1e47-49e7-b446-85a8103bd195,[PREMIUM],New,2026,GMC,Acadia,Elevation,[PREMIUM],[PREMIUM],6045,SUV,Summit White,,Front-wheel Drive,,,Gasoline,,,dealership,[PREMIUM],Gilbert,AZ,/vehicles/vehicle-type-1.webp,,[],,,[PREMIUM]
cce53832-fdaa-4189-b26e-d9631fcb1c53,2026-04-24 22:36:58.458,2026-04-24 22:36:58.458,cce53832-fdaa-4189-b26e-d9631fcb1c53,[PREMIUM],New,2026,Hyundai,PALISADE,SEL,[PREMIUM],[PREMIUM],,SUV,Abyss Black Pearl,Black,AWD,,,Gasoline,,,dealership,[PREMIUM],Mahwah,NJ,/vehicles/vehicle-type-1.webp,,[],,,[PREMIUM]
d69f1003-c477-4392-b6cc-f301be671093,2026-04-24 22:36:58.455,2026-04-24 22:36:58.455,d69f1003-c477-4392-b6cc-f301be671093,[PREMIUM],New,2026,Kia,Carnival,SX,[PREMIUM],[PREMIUM],,Minivan,Aurora Blue,Umber,Front-wheel Drive,,,Gasoline,,,dealership,[PREMIUM],Indianapolis,IN,/vehicles/vehicle-type-1.webp,,[],,,[PREMIUM]
79a92eab-b50c-4498-a1c6-e5cc75b46227,2026-04-24 22:36:58.454,2026-04-24 22:36:58.454,79a92eab-b50c-4498-a1c6-e5cc75b46227,[PREMIUM],Used,2026,Tesla,Model Y,Premium,[PREMIUM],[PREMIUM],4849,SUV,Gray,WHITE,Rear-wheel Drive,,,Electric,,,dealership,[PREMIUM],Daytona Beach,FL,/vehicles/vehicle-type-3.webp,,[],,,[PREMIUM]
8f5f1573-b38a-434c-94df-949c130217e9,2026-04-24 22:36:58.450,2026-04-24 22:36:58.450,8f5f1573-b38a-434c-94df-949c130217e9,[PREMIUM],New,2026,Chevrolet,Express 2500,Work Van,[PREMIUM],[PREMIUM],3,Cargo Van,Summit White,Medium Pewter,Rear-wheel Drive,,,Gasoline,,,dealership,[PREMIUM],North Highlands,CA,/vehicles/vehicle-type-1.webp,,[],,,[PREMIUM]
5bc0ee3e-b5db-4286-8615-cb63794fb17b,2026-04-24 22:36:58.444,2026-04-24 22:36:58.444,5bc0ee3e-b5db-4286-8615-cb63794fb17b,[PREMIUM],New,2026,Volkswagen,Atlas,2.0T SEL,[PREMIUM],[PREMIUM],12,SUV,Deep Black,Shetland Beige,AWD,,,Gasoline,,,dealership,[PREMIUM],Oak Lawn,IL,/vehicles/vehicle-type-6.webp,,[],,,[PREMIUM]
2e33c939-5b0c-429e-a3a6-664f5f293159,2026-04-24 22:36:58.442,2026-04-24 22:36:58.442,2e33c939-5b0c-429e-a3a6-664f5f293159,[PREMIUM],Used,2026,Tesla,Model Y,Premium,[PREMIUM],[PREMIUM],7229,SUV,Gray,BLACK,Rear-wheel Drive,,,Electric,,,dealership,[PREMIUM],East Meadow,NY,/vehicles/vehicle-type-3.webp,,[],,,[PREMIUM]
0033e91a-f666-40eb-b498-b7ebe1285ead,2026-04-24 22:36:47.513,2026-04-24 22:36:47.513,0033e91a-f666-40eb-b498-b7ebe1285ead,[PREMIUM],New,2027,Kia,Telluride,EX,[PREMIUM],[PREMIUM],4,SUV,Green,Black,All-wheel Drive,,,Gasoline,,,dealership,[PREMIUM],Frisco,TX,/vehicles/vehicle-type-2.webp,,[],,,[PREMIUM]
69813c1e-d5aa-4dbc-8fc4-040e55ade8cd,2026-04-24 22:36:37.419,2026-04-24 22:36:37.419,69813c1e-d5aa-4dbc-8fc4-040e55ade8cd,[PREMIUM],New,2027,Kia,Telluride,X-Line EX,[PREMIUM],[PREMIUM],0,SUV,Black Jade Green,Black,All-wheel Drive,,,Gasoline,,,dealership,[PREMIUM],Danvers,MA,/vehicles/vehicle-type-5.webp,,[],,,[PREMIUM]
2debf07d-786c-43fd-958d-8bde7b032ffb,2026-04-24 22:36:37.320,2026-04-30 22:37:04.097,2debf07d-786c-43fd-958d-8bde7b032ffb,[PREMIUM],New,2027,Kia,Telluride,EX,[PREMIUM],[PREMIUM],0,SUV,White Pearl,,Front-wheel Drive,,,Gasoline,,,dealership,[PREMIUM],Little Rock,AR,/vehicles/vehicle-type-2.webp,,[],,,[PREMIUM]
93bb5a9e-798e-4a55-99d7-bc7f9563d2eb,2026-04-24 22:36:27.649,2026-04-24 22:36:27.649,93bb5a9e-798e-4a55-99d7-bc7f9563d2eb,[PREMIUM],New,2027,Kia,Telluride,S,[PREMIUM],[PREMIUM],4,SUV,Midnight Black,Black,All-wheel Drive,,,Gasoline,,,dealership,[PREMIUM],Surprise,AZ,/vehicles/vehicle-type-3.webp,,[],,,[PREMIUM]
8cf7fa0b-8442-4f9e-bd18-0248344c41ba,2026-04-24 22:36:27.560,2026-04-24 22:36:27.560,8cf7fa0b-8442-4f9e-bd18-0248344c41ba,[PREMIUM],New,2027,Kia,Telluride,X-Line EX,[PREMIUM],[PREMIUM],0,SUV,Wolf Gray,Black,All-wheel Drive,,,Gasoline,,,dealership,[PREMIUM],Danvers,MA,/vehicles/vehicle-type-4.webp,,[],,,[PREMIUM]
0066688e-7b26-4e20-bded-e3a49c198d83,2026-04-24 22:36:27.259,2026-04-24 22:36:27.259,0066688e-7b26-4e20-bded-e3a49c198d83,[PREMIUM],New,2027,Kia,Telluride,EX,[PREMIUM],[PREMIUM],4,SUV,Metal,Black,FWD,,,Gasoline,,,dealership,[PREMIUM],Fort Myers,FL,/vehicles/vehicle-type-4.webp,,[],,,[PREMIUM]
5a92397d-ecaf-465d-a681-9a88600f939a,2026-04-24 22:36:27.231,2026-04-24 22:36:27.231,5a92397d-ecaf-465d-a681-9a88600f939a,[PREMIUM],New,2027,Kia,Telluride,EX,[PREMIUM],[PREMIUM],17,SUV,Ebony Black,Black,FWD,,,Gasoline,,,dealership,[PREMIUM],Lithonia,GA,/vehicles/vehicle-type-5.webp,,[],,,[PREMIUM]
8bd9424f-8b15-43c9-a7ca-57dee4aa3331,2026-04-24 22:36:27.222,2026-04-24 22:36:27.222,8bd9424f-8b15-43c9-a7ca-57dee4aa3331,[PREMIUM],New,2027,Kia,Telluride,EX,[PREMIUM],[PREMIUM],4,SUV,Glacial White Pearl,Black,Front-wheel Drive,,,Gasoline,,,dealership,[PREMIUM],Surprise,AZ,/vehicles/vehicle-type-1.webp,,[],,,[PREMIUM]
e3bde9a9-8009-47e2-ba62-ac362a1d10a9,2026-04-24 22:34:35.929,2026-04-24 22:34:35.929,e3bde9a9-8009-47e2-ba62-ac362a1d10a9,[PREMIUM],Used,2016,Ford,F-150,XLT,[PREMIUM],[PREMIUM],24500,Truck,Red,Black,Four-wheel Drive,,,E85 Flex Fuel,,,private,[PREMIUM],,,/vehicles/vehicle-type-4.webp,,[],,,[PREMIUM]
674fb409-d3fe-41c9-908d-a20b0d88ef67,2026-04-24 22:34:05.879,2026-04-27 22:34:12.497,674fb409-d3fe-41c9-908d-a20b0d88ef67,[PREMIUM],Used,2017,Ford,F-250,Lariat,[PREMIUM],[PREMIUM],102751,Truck,Ruby Red Metallic Tinted Clearcoat,Camel,Four-wheel Drive,,,Diesel,,,dealership,[PREMIUM],Troy,AL,/vehicles/vehicle-type-4.webp,,[],,,[PREMIUM]
a01283df-e41c-4218-8fa8-9045e55a1f42,2026-04-24 22:33:35.633,2026-04-24 22:33:35.633,a01283df-e41c-4218-8fa8-9045e55a1f42,[PREMIUM],Used,2019,Ford,F-150,Raptor,[PREMIUM],[PREMIUM],103600,Truck,OXFORD WHITE,BLACK LEATHER BUCKET SEATS,Four-wheel Drive,,,Gasoline,,,dealership,[PREMIUM],Littleton,CO,/vehicles/vehicle-type-1.webp,,[],,,[PREMIUM]
064ca0ec-e9ee-49e7-9bde-08bf083add4d,2026-04-24 22:33:35.627,2026-04-24 22:33:35.627,064ca0ec-e9ee-49e7-9bde-08bf083add4d,[PREMIUM],Used,2019,Nissan,NV Passenger NV3500 HD,SL,[PREMIUM],[PREMIUM],42760,Passenger Van,White,TAN,Rear-wheel Drive,,,Gasoline,,,dealership,[PREMIUM],Tampa,FL,/vehicles/vehicle-type-6.webp,,[],,,[PREMIUM]
cbe2a0c0-7a8a-4e0b-af1a-1c30eae05aa0,2026-04-24 22:33:35.557,2026-04-24 22:33:35.557,cbe2a0c0-7a8a-4e0b-af1a-1c30eae05aa0,[PREMIUM],Used,2019,Mercedes-Benz,AMG E 53,,[PREMIUM],[PREMIUM],29906,Convertible,Black,BLACK,Four-wheel Drive,,,Gasoline,,,dealership,[PREMIUM],Murrieta,CA,/vehicles/vehicle-type-5.webp,,[],,,[PREMIUM]
f4267e46-2b97-4c1b-86ea-d6365c1224e0,2026-04-24 22:32:55.388,2026-04-24 22:32:55.388,f4267e46-2b97-4c1b-86ea-d6365c1224e0,[PREMIUM],Used,2021,Chevrolet,Tahoe,LT,[PREMIUM],[PREMIUM],69998,SUV,Gray,BLACK,Rear-wheel Drive,,,Gasoline,,,dealership,[PREMIUM],San Antonio,TX,/vehicles/vehicle-type-7.webp,,[],,,[PREMIUM]
9e9e1e34-ff2f-4eaf-9f22-4cc31b80dc9f,2026-04-24 22:32:55.346,2026-04-24 22:32:55.346,9e9e1e34-ff2f-4eaf-9f22-4cc31b80dc9f,[PREMIUM],Used,2021,RAM,3500,Tradesman,[PREMIUM],[PREMIUM],50850,Truck,White,GRAY,Four-wheel Drive,,,Gasoline,,,dealership,[PREMIUM],Midlothian,VA,/vehicles/vehicle-type-7.webp,,[],,,[PREMIUM]
7274f960-94cf-471d-b287-58413861577b,2026-04-24 22:32:55.310,2026-04-24 22:32:55.310,7274f960-94cf-471d-b287-58413861577b,[PREMIUM],Used,2021,Mercedes-Benz,GLE 350,,[PREMIUM],[PREMIUM],28871,SUV,Blue,TAN,Four-wheel Drive,,,Gasoline,,,dealership,[PREMIUM],Cincinnati,OH,/vehicles/vehicle-type-7.webp,,[],,,[PREMIUM]
abd8097a-4dd0-4393-8fdf-405e7caa5e28,2026-04-24 22:32:55.016,2026-04-24 22:32:55.016,abd8097a-4dd0-4393-8fdf-405e7caa5e28,[PREMIUM],Used,2021,GMC,Yukon,Denali,[PREMIUM],[PREMIUM],95010,SUV,Cayenne Red Tintcoat,Jet Black,Four-wheel Drive,,,Gasoline,,,dealership,[PREMIUM],Sioux Falls,SD,/vehicles/vehicle-type-4.webp,,[],,,[PREMIUM]
0e33a223-fc71-488a-88f5-8eb87159649e,2026-04-24 22:32:55.007,2026-04-24 22:32:55.007,0e33a223-fc71-488a-88f5-8eb87159649e,[PREMIUM],Used,2021,GMC,Sierra 1500,Denali,[PREMIUM],[PREMIUM],50740,Truck,Blue,BLACK,Rear-wheel Drive,,,Gasoline,,,dealership,[PREMIUM],Tolleson,AZ,/vehicles/vehicle-type-2.webp,,[],,,[PREMIUM]
0b754227-ad8f-41a2-bf09-a8152e63a119,2026-04-24 22:32:55.005,2026-04-24 22:32:55.005,0b754227-ad8f-41a2-bf09-a8152e63a119,[PREMIUM],Used,2021,Toyota,4Runner,SR5 Premium,[PREMIUM],[PREMIUM],45195,SUV,White,BLACK,4WD,,,Gas,,,dealership,[PREMIUM],Milwaukie,OR,/vehicles/vehicle-type-1.webp,,[],,,[PREMIUM]
752da235-43ef-4f6c-a73f-b14a90b84e38,2026-04-24 22:32:05.019,2026-04-24 22:32:05.019,752da235-43ef-4f6c-a73f-b14a90b84e38,[PREMIUM],Used,2022,Chevrolet,Silverado 1500,RST,[PREMIUM],[PREMIUM],32491,Truck,Summit White,Jet Black,Four-wheel Drive,,,Diesel,,,dealership,[PREMIUM],Vienna,VA,/vehicles/vehicle-type-1.webp,,[],,,[PREMIUM]
c3ed2252-6933-47b1-a90d-4ef7893def14,2026-04-24 22:32:04.630,2026-04-27 22:32:12.109,c3ed2252-6933-47b1-a90d-4ef7893def14,[PREMIUM],Used,2022,Chevrolet,Tahoe,2WD RST,[PREMIUM],[PREMIUM],97163,SUV,Satin Steel Metallic,Jet Black/Victory Red,Rear-wheel Drive,,,Gasoline,,,dealership,[PREMIUM],Okatie,SC,/vehicles/vehicle-type-2.webp,,[],,,[PREMIUM]
643228a1-fa72-42c0-88aa-57a700061631,2026-04-24 22:31:54.499,2026-04-27 22:32:02.130,643228a1-fa72-42c0-88aa-57a700061631,[PREMIUM],Used,2022,Chevrolet,Camaro,SS,[PREMIUM],[PREMIUM],2248,Coupe,Red,Jet Black,Rear-wheel Drive,,,Gasoline,,,dealership,[PREMIUM],Medina,OH,/vehicles/vehicle-type-3.webp,,[],,,[PREMIUM]
6a6d3810-5408-404d-829a-40004052d120,2026-04-24 22:31:44.392,2026-04-24 22:31:44.392,6a6d3810-5408-404d-829a-40004052d120,[PREMIUM],Used,2022,Toyota,Tundra,SR5,[PREMIUM],[PREMIUM],26378,Truck,Magnetic Gray Metallic,Black,Four-wheel Drive,,,Gasoline,,,dealership,[PREMIUM],Colorado Springs,CO,/vehicles/vehicle-type-3.webp,,[],,,[PREMIUM]
06b075d3-97ac-4f2d-a8b6-958c2535a4a6,2026-04-24 22:31:34.163,2026-04-30 22:32:12.082,06b075d3-97ac-4f2d-a8b6-958c2535a4a6,[PREMIUM],Used,2022,Ford,F-150,XLT,[PREMIUM],[PREMIUM],27344,Truck,Carbonized Gray Metallic,Black,Four-wheel Drive,,,Gasoline,,,dealership,[PREMIUM],Akron,OH,/vehicles/vehicle-type-2.webp,,[],,,[PREMIUM]
b9f92edc-e4c0-425b-8c88-08469917f42c,2026-04-24 22:30:33.290,2026-04-24 22:30:33.290,b9f92edc-e4c0-425b-8c88-08469917f42c,[PREMIUM],Used,2022,INFINITI,QX80,Sensory,[PREMIUM],[PREMIUM],59206,SUV,White,BROWN,Rear-wheel Drive,,,Gasoline,,,dealership,[PREMIUM],Virginia Beach,VA,/vehicles/vehicle-type-1.webp,,[],,,[PREMIUM]
d0cf7b1c-4645-4db7-9c21-29d471678b26,2026-04-24 22:30:33.288,2026-04-24 22:30:33.288,d0cf7b1c-4645-4db7-9c21-29d471678b26,[PREMIUM],Used,2022,Ford,Bronco,Wildtrak Advanced,[PREMIUM],[PREMIUM],36302,SUV,Blue,Gray,Four-wheel Drive,,,Gasoline,,,private,[PREMIUM],,,/vehicles/vehicle-type-6.webp,,[],,,[PREMIUM]
57498e03-c9ee-40fb-ac1c-519f4602aef9,2026-04-24 22:30:33.259,2026-04-24 22:30:33.259,57498e03-c9ee-40fb-ac1c-519f4602aef9,[PREMIUM],Used,2022,Toyota,4Runner,SR5 Premium,[PREMIUM],[PREMIUM],32679,SUV,Gray,BLACK,Four-wheel Drive,,,Gasoline,,,dealership,[PREMIUM],Littleton,CO,/vehicles/vehicle-type-2.webp,,[],,,[PREMIUM]
3ba2d1f8-931c-49ed-a2ea-515198264066,2026-04-24 22:30:33.214,2026-04-24 22:30:33.214,3ba2d1f8-931c-49ed-a2ea-515198264066,[PREMIUM],Used,2022,Chevrolet,Silverado 2500,Custom,[PREMIUM],[PREMIUM],60187,Truck,Silver Ice Metallic,Jet Black,Four-wheel Drive,,,Gasoline,,,dealership,[PREMIUM],Sykesville,MD,/vehicles/vehicle-type-7.webp,,[],,,[PREMIUM]
355b30d7-cd2e-4180-9e5f-9cdadd63232b,2026-04-24 22:30:33.210,2026-04-24 22:30:33.210,355b30d7-cd2e-4180-9e5f-9cdadd63232b,[PREMIUM],Used,2022,Nissan,Armada,Platinum,[PREMIUM],[PREMIUM],36587,SUV,Black,TAN,Four-wheel Drive,,,Gasoline,,,dealership,[PREMIUM],Raleigh,NC,/vehicles/vehicle-type-4.webp,,[],,,[PREMIUM]
bd30932b-ad56-43c7-bcba-37bf57250c61,2026-04-24 22:29:32.884,2026-04-24 22:29:32.884,bd30932b-ad56-43c7-bcba-37bf57250c61,[PREMIUM],Used,2023,Chevrolet,Camaro,2SS,[PREMIUM],[PREMIUM],46781,Convertible,Red,Adrenaline Red,Rear-wheel Drive,,,Gasoline,,,dealership,[PREMIUM],Lakewood,CO,/vehicles/vehicle-type-3.webp,,[],,,[PREMIUM]
0d7a450f-fa58-4807-8d5d-776e2d62da1b,2026-04-24 22:29:32.787,2026-04-24 22:29:32.787,0d7a450f-fa58-4807-8d5d-776e2d62da1b,[PREMIUM],Used,2023,Lincoln,Aviator,Reserve AWD,[PREMIUM],[PREMIUM],42992,SUV,White Metallic,Ebony,All-wheel Drive,,,Gasoline,,,dealership,[PREMIUM],Tifton,GA,/vehicles/vehicle-type-2.webp,,[],,,[PREMIUM]
56b0d148-8d52-43a9-80dd-7596dbcfff82,2026-04-24 22:28:52.156,2026-04-27 22:29:11.429,56b0d148-8d52-43a9-80dd-7596dbcfff82,[PREMIUM],Used,2023,Jeep,Grand Cherokee L,Summit Reserve,[PREMIUM],[PREMIUM],53481,SUV,Silver Zynith,Tupelo/Black,Four-wheel Drive,,,Gasoline,,,dealership,[PREMIUM],Bronx,NY,/vehicles/vehicle-type-5.webp,,[],,,[PREMIUM]
fc7d7216-c213-4ff7-82a1-4c7226e6f4e2,2026-04-24 22:28:21.574,2026-04-27 22:28:30.876,fc7d7216-c213-4ff7-82a1-4c7226e6f4e2,[PREMIUM],Used,2023,Chevrolet,Silverado 1500,RST,[PREMIUM],[PREMIUM],33753,Truck,Summit White,Jet Black,Four-wheel Drive,,,Diesel,,,dealership,[PREMIUM],North Branch,MN,/vehicles/vehicle-type-5.webp,,[],,,[PREMIUM]
6d9e6ac0-928b-41e4-acc8-95d2e47cdb1c,2026-04-24 22:28:21.555,2026-04-27 22:28:30.953,6d9e6ac0-928b-41e4-acc8-95d2e47cdb1c,[PREMIUM],Used,2023,Toyota,Tundra,SR5,[PREMIUM],[PREMIUM],29835,Truck,Gray,BLACK,Four-wheel Drive,,,Gasoline,,,dealership,[PREMIUM],San Antonio,TX,/vehicles/vehicle-type-5.webp,,[],,,[PREMIUM]
e7aada8f-079b-4e8f-9c22-793c89174c64,2026-04-24 22:28:21.519,2026-04-27 22:28:30.853,e7aada8f-079b-4e8f-9c22-793c89174c64,[PREMIUM],Used,2023,INFINITI,QX60,Sensory,[PREMIUM],[PREMIUM],20445,SUV,Blue,BLACK,Four-wheel Drive,,,Gasoline,,,dealership,[PREMIUM],Loveland,CO,/vehicles/vehicle-type-2.webp,,[],,,[PREMIUM]
b26fe478-d8ad-4e19-80e8-c17bde2b2ca1,2026-04-24 22:28:11.286,2026-04-24 22:28:11.286,b26fe478-d8ad-4e19-80e8-c17bde2b2ca1,[PREMIUM],Used,2024,Toyota,Crown,Platinum,[PREMIUM],[PREMIUM],9154,Sedan,White,BLACK,Four-wheel Drive,,,Hybrid,,,dealership,[PREMIUM],Puyallup,WA,/vehicles/vehicle-type-5.webp,,[],,,[PREMIUM]
80059b5f-b12f-4207-8baa-b33281e5d441,2026-04-24 22:27:50.500,2026-04-24 22:27:50.500,80059b5f-b12f-4207-8baa-b33281e5d441,[PREMIUM],Used,2024,Kia,Telluride,EX,[PREMIUM],[PREMIUM],28550,SUV,Glacial White Pearl,Black,All-wheel Drive,,,Gasoline,,,dealership,[PREMIUM],Milford,CT,/vehicles/vehicle-type-4.webp,,[],,,[PREMIUM]
4c46aecf-3513-4015-a486-a73dcca8a8e0,2026-04-24 22:27:50.461,2026-04-24 22:27:50.461,4c46aecf-3513-4015-a486-a73dcca8a8e0,[PREMIUM],Used,2024,Ford,F-250,XLT,[PREMIUM],[PREMIUM],44579,Truck,ICONIC SILVER,MEDIUM DARK SLATE CLOTH,Four-wheel Drive,,,Gasoline,,,dealership,[PREMIUM],Wooster,OH,/vehicles/vehicle-type-4.webp,,[],,,[PREMIUM]
70b62859-782b-460c-9002-36e00861a08c,2026-04-24 22:27:50.452,2026-04-24 22:27:50.452,70b62859-782b-460c-9002-36e00861a08c,[PREMIUM],Used,2024,Mercedes-Benz,GLE 350,4MATIC,[PREMIUM],[PREMIUM],38739,SUV,Black,Black MB-Tex,All-wheel Drive,,,Gasoline,,,dealership,[PREMIUM],Wooster,OH,/vehicles/vehicle-type-3.webp,,[],,,[PREMIUM]
a21ee8ca-39a5-4568-9415-f370e07d42d9,2026-04-24 22:27:50.436,2026-04-24 22:27:50.436,a21ee8ca-39a5-4568-9415-f370e07d42d9,[PREMIUM],Used,2024,Dodge,Durango,R/T Plus,[PREMIUM],[PREMIUM],25212,SUV,Gray,Black,All-wheel Drive,,,Gasoline,,,private,[PREMIUM],,,/vehicles/vehicle-type-2.webp,,[],,,[PREMIUM]
5347b53c-ba53-4247-883a-9cc76857d207,2026-04-24 22:27:40.228,2026-04-24 22:27:40.228,5347b53c-ba53-4247-883a-9cc76857d207,[PREMIUM],Used,2024,Toyota,4Runner,SR5,[PREMIUM],[PREMIUM],11271,SUV,Gray,GRAY,Rear-wheel Drive,,,Gasoline,,,dealership,[PREMIUM],Lithia Springs,GA,/vehicles/vehicle-type-2.webp,,[],,,[PREMIUM]
820e76f1-c762-4b32-89a1-22c4c452eba6,2026-04-24 22:27:40.152,2026-04-27 22:28:00.629,820e76f1-c762-4b32-89a1-22c4c452eba6,[PREMIUM],Used,2024,Tesla,Model Y,Performance,[PREMIUM],[PREMIUM],15923,SUV,White,WHITE,Four-wheel Drive,,,Electric,,,dealership,[PREMIUM],Murrieta,CA,/vehicles/vehicle-type-4.webp,,[],,,[PREMIUM]
c771eeb4-f7d0-4d47-86bd-ed5f00da2510,2026-04-24 22:26:20.265,2026-04-24 22:26:20.265,c771eeb4-f7d0-4d47-86bd-ed5f00da2510,[PREMIUM],Used,2025,Chevrolet,Traverse,LT,[PREMIUM],[PREMIUM],9199,SUV,Sterling Gray Metallic,Jet Black,All-wheel Drive,,,Gasoline,,,dealership,[PREMIUM],Muncy,PA,/vehicles/vehicle-type-5.webp,,[],,,[PREMIUM]
f4a1fe9b-e9d4-4b4c-bce4-86807dc6b726,2026-04-24 22:25:59.681,2026-04-27 22:26:10.473,f4a1fe9b-e9d4-4b4c-bce4-86807dc6b726,[PREMIUM],New,2025,Ford,Bronco,Big Bend,[PREMIUM],[PREMIUM],27,SUV,Desert Sand,Dark Gray,Four-wheel Drive,,,Gasoline,,,dealership,[PREMIUM],Mt Pocono,PA,/vehicles/vehicle-type-5.webp,,[],,,[PREMIUM]
125591e3-a37a-4052-82cc-732b7d76f4fe,2026-04-24 22:25:59.665,2026-04-27 22:26:10.087,125591e3-a37a-4052-82cc-732b7d76f4fe,[PREMIUM],Used,2025,Lexus,NX 250,Premium,[PREMIUM],[PREMIUM],17390,SUV,White,BLACK,Rear-wheel Drive,,,Gasoline,,,dealership,[PREMIUM],Cincinnati,OH,/vehicles/vehicle-type-1.webp,,[],,,[PREMIUM]
670afcfd-dea9-4eff-b74a-c2df5e50bcb4,2026-04-24 22:25:59.606,2026-04-24 22:25:59.606,670afcfd-dea9-4eff-b74a-c2df5e50bcb4,[PREMIUM],Used,2025,Jeep,Wrangler,Rubicon,[PREMIUM],[PREMIUM],13563,SUV,Bright White Clearcoat,Black,Four-wheel Drive,,,Gasoline,,,dealership,[PREMIUM],North Branch,MN,/vehicles/vehicle-type-2.webp,,[],,,[PREMIUM]
268c2f41-0a68-4a6f-8046-ff191cb898d2,2026-04-24 22:25:49.718,2026-04-24 22:25:49.718,268c2f41-0a68-4a6f-8046-ff191cb898d2,[PREMIUM],Used,2025,Nissan,Z,Performance,[PREMIUM],[PREMIUM],3416,Coupe,Black,BLACK,Rear-wheel Drive,,,Gasoline,,,dealership,[PREMIUM],North Attleborough,MA,/vehicles/vehicle-type-3.webp,,[],,,[PREMIUM]
682635eb-4295-4c81-9d27-3ac99f74e0ec,2026-04-24 22:25:49.424,2026-04-24 22:25:49.424,682635eb-4295-4c81-9d27-3ac99f74e0ec,[PREMIUM],Used,2025,Tesla,Model Y,Performance,[PREMIUM],[PREMIUM],18288,SUV,Blue,BLACK,Four-wheel Drive,,,Electric,,,dealership,[PREMIUM],East Meadow,NY,/vehicles/vehicle-type-7.webp,,[],,,[PREMIUM]
a68ab8ae-f6e2-484b-9ddd-b1746deeebe4,2026-04-24 22:25:49.413,2026-04-24 22:25:49.413,a68ab8ae-f6e2-484b-9ddd-b1746deeebe4,[PREMIUM],Used,2025,Honda,Pilot,Trailsport,[PREMIUM],[PREMIUM],22578,SUV,Black,BLACK,Four-wheel Drive,,,Gasoline,,,dealership,[PREMIUM],Pineville,NC,/vehicles/vehicle-type-2.webp,,[],,,[PREMIUM]
12ee1ae9-6f7b-4720-896a-155a22b3675e,2026-04-24 22:25:49.383,2026-04-24 22:25:49.383,12ee1ae9-6f7b-4720-896a-155a22b3675e,[PREMIUM],Used,2025,Toyota,RAV4 Hybrid,XSE,[PREMIUM],[PREMIUM],13347,SUV,Silver,,Four-wheel Drive,,,Hybrid,,,dealership,[PREMIUM],Fredericksburg,VA,/vehicles/vehicle-type-1.webp,,[],,,[PREMIUM]
7a4c8721-ca68-4223-8145-5a15ce691153,2026-04-24 22:25:49.379,2026-05-03 22:26:39.565,7a4c8721-ca68-4223-8145-5a15ce691153,[PREMIUM],Used,2025,Kia,Telluride,SX X-Line,[PREMIUM],[PREMIUM],29899,SUV,Blue,BLACK,Four-wheel Drive,,,Gasoline,,,dealership,[PREMIUM],Covington,LA,/vehicles/vehicle-type-1.webp,,[],,,[PREMIUM]
f5944981-7a50-4b33-961c-fbe69f9963f5,2026-04-24 22:25:49.358,2026-04-24 22:25:49.358,f5944981-7a50-4b33-961c-fbe69f9963f5,[PREMIUM],Used,2025,Hyundai,SANTA FE HEV,Calligraphy,[PREMIUM],[PREMIUM],26877,SUV,Green,TAN,Rear-wheel Drive,,,Hybrid,,,dealership,[PREMIUM],Madison,WI,/vehicles/vehicle-type-1.webp,,[],,,[PREMIUM]
bb3c702a-f2ff-4ec4-85b5-0816b57171ae,2026-04-24 22:25:29.147,2026-04-30 22:25:48.458,bb3c702a-f2ff-4ec4-85b5-0816b57171ae,[PREMIUM],New,2026,Chevrolet,Traverse,LT,[PREMIUM],[PREMIUM],0,SUV,Mosaic Black Metallic,Jet Black,All-wheel Drive,,,Gasoline,,,dealership,[PREMIUM],Roslyn,NY,/vehicles/vehicle-type-5.webp,,[],,,[PREMIUM]
a7048374-74a3-4205-8bb9-7cae88bd9aad,2026-04-24 22:25:29.119,2026-04-24 22:25:29.119,a7048374-74a3-4205-8bb9-7cae88bd9aad,[PREMIUM],New,2026,Ford,Explorer,Active,[PREMIUM],[PREMIUM],60,SUV,Space White Metallic,Dark Space Gray,Four-wheel Drive,,,Gasoline,,,dealership,[PREMIUM],High Point,NC,/vehicles/vehicle-type-6.webp,,[],,,[PREMIUM]
9b153074-d3af-4e85-bd35-cd1db8235245,2026-04-24 22:25:29.067,2026-04-27 22:25:39.894,9b153074-d3af-4e85-bd35-cd1db8235245,[PREMIUM],New,2026,Ford,Mustang Mach-E,Select,[PREMIUM],[PREMIUM],10,SUV,Shadow Black,Black Onyx,Rear-wheel Drive,,,Electric,,,dealership,[PREMIUM],High Point,NC,/vehicles/vehicle-type-1.webp,,[],,,[PREMIUM]
ff96293e-424a-45a8-a3c9-bacfe5654bb4,2026-04-24 22:25:29.063,2026-04-24 22:25:29.063,ff96293e-424a-45a8-a3c9-bacfe5654bb4,[PREMIUM],New,2026,Kia,Sportage Hybrid,SX-Prestige,[PREMIUM],[PREMIUM],14,SUV,Fusion Black,Blk Syntex Premium Lthett,All-wheel Drive,,,Hybrid,,,dealership,[PREMIUM],Hollywood,FL,/vehicles/vehicle-type-4.webp,,[],,,[PREMIUM]
10149fb1-e8c9-475c-baa3-c59451679f6a,2026-04-24 22:25:29.062,2026-05-06 22:26:19.958,10149fb1-e8c9-475c-baa3-c59451679f6a,[PREMIUM],New,2026,Subaru,Forester,Wilderness,[PREMIUM],[PREMIUM],1,SUV,Crystal White Pearl   Gray,Gray,All-wheel Drive,,,Gasoline,,,dealership,[PREMIUM],White River Junction,VT,/vehicles/vehicle-type-4.webp,,[],,,[PREMIUM]
b54788d5-9406-46f9-b69d-afc539f15dd0,2026-04-24 22:25:29.051,2026-04-24 22:25:29.051,b54788d5-9406-46f9-b69d-afc539f15dd0,[PREMIUM],New,2026,Subaru,Outback,Limited,[PREMIUM],[PREMIUM],1,SUV,Magnetite Gray,Black,All-wheel Drive,,,Gasoline,,,dealership,[PREMIUM],White River Junction,VT,/vehicles/vehicle-type-3.webp,,[],,,[PREMIUM]
929be7cf-5a03-47f8-9b7d-d55cc5d2a8f8,2026-04-24 22:25:29.045,2026-04-27 22:25:40.033,929be7cf-5a03-47f8-9b7d-d55cc5d2a8f8,[PREMIUM],New,2026,Subaru,Forester,Wilderness,[PREMIUM],[PREMIUM],1,SUV,Crystal Black Silica   Gray,Gray,All-wheel Drive,,,Gasoline,,,dealership,[PREMIUM],White River Junction,VT,/vehicles/vehicle-type-2.webp,,[],,,[PREMIUM]
e80dcaaa-8f61-4b1c-b3b9-aadbba120b11,2026-04-24 22:25:29.038,2026-04-27 22:25:39.868,e80dcaaa-8f61-4b1c-b3b9-aadbba120b11,[PREMIUM],New,2026,Toyota,RAV4,Woodland,[PREMIUM],[PREMIUM],0,SUV,Gray,Green,All-wheel Drive,,,Gasoline,,,dealership,[PREMIUM],Kenosha,WI,/vehicles/vehicle-type-6.webp,,[],,,[PREMIUM]
d828180e-6e89-4b72-81e1-f5d654fdc461,2026-04-24 22:25:29.025,2026-04-24 22:25:29.025,d828180e-6e89-4b72-81e1-f5d654fdc461,[PREMIUM],New,2026,Chevrolet,Traverse,LT,[PREMIUM],[PREMIUM],0,SUV,Lakeshore Blue Metallic,"LT Jet Black, Evotex seat trim",All-wheel Drive,,,Gasoline,,,dealership,[PREMIUM],Roslyn,NY,/vehicles/vehicle-type-6.webp,,[],,,[PREMIUM]
e4141fc8-43a3-400a-8fb6-2f6177618a9b,2026-04-24 22:25:29.023,2026-04-24 22:25:29.023,e4141fc8-43a3-400a-8fb6-2f6177618a9b,[PREMIUM],New,2026,Subaru,Forester,Sport,[PREMIUM],[PREMIUM],1,SUV,River Rock Pearl,BlackGray,All-wheel Drive,,,Gasoline,,,dealership,[PREMIUM],White River Junction,VT,/vehicles/vehicle-type-5.webp,,[],,,[PREMIUM]
0b775368-0003-4ac2-b02f-590dbf6ecfee,2026-04-24 22:25:18.857,2026-04-30 22:25:38.224,0b775368-0003-4ac2-b02f-590dbf6ecfee,[PREMIUM],New,2026,Chevrolet,Equinox,RS AWD,[PREMIUM],[PREMIUM],25,SUV,Polar White,Black w/Red Accents,All-wheel Drive,,,Gasoline,,,dealership,[PREMIUM],North Branch,MN,/vehicles/vehicle-type-4.webp,,[],,,[PREMIUM]
ac4952f8-638b-4f19-a2d3-9dde198506e6,2026-04-24 22:25:18.835,2026-04-24 22:25:18.835,ac4952f8-638b-4f19-a2d3-9dde198506e6,[PREMIUM],New,2026,Honda,CR-V Hybrid,TrailSport AWD,[PREMIUM],[PREMIUM],0,SUV,Ash Green,Black,All-wheel Drive,,,Hybrid,,,dealership,[PREMIUM],Dubuque,IA,/vehicles/vehicle-type-7.webp,,[],,,[PREMIUM]
78ddffee-f3b3-4117-a13c-0e6f5d06c9dd,2026-04-24 22:25:18.617,2026-04-24 22:25:18.617,78ddffee-f3b3-4117-a13c-0e6f5d06c9dd,[PREMIUM],New,2026,Ford,Explorer,Active,[PREMIUM],[PREMIUM],10,SUV,Vapor Blue Metallic,Dark Space Gray,Rear-wheel Drive,,,Gasoline,,,dealership,[PREMIUM],High Point,NC,/vehicles/vehicle-type-6.webp,,[],,,[PREMIUM]
ce76cc4f-6cb6-4302-9d29-a965e090e5d6,2026-04-24 22:25:18.608,2026-04-27 22:25:29.800,ce76cc4f-6cb6-4302-9d29-a965e090e5d6,[PREMIUM],New,2027,Kia,Telluride,S,[PREMIUM],[PREMIUM],6,SUV,Glacial White Pearl,Black,Front-wheel Drive,,,Gasoline,,,dealership,[PREMIUM],Surprise,AZ,/vehicles/vehicle-type-3.webp,,[],,,[PREMIUM]
ee4f68c5-f27f-4796-8b69-94388d5e2b33,2026-04-24 22:25:18.604,2026-04-24 22:25:18.604,ee4f68c5-f27f-4796-8b69-94388d5e2b33,[PREMIUM],New,2026,Chevrolet,Equinox,AWD ACTIV,[PREMIUM],[PREMIUM],2,SUV,Polar White,Maple Sugar,All-wheel Drive,,,Gasoline,,,dealership,[PREMIUM],North Branch,MN,/vehicles/vehicle-type-4.webp,,[],,,[PREMIUM]
f6b04db9-22d7-4c2a-a23c-472cff8fb5a8,2026-04-24 22:25:18.592,2026-04-24 22:25:18.592,f6b04db9-22d7-4c2a-a23c-472cff8fb5a8,[PREMIUM],New,2026,Chevrolet,Traverse,LT,[PREMIUM],[PREMIUM],67,SUV,Polar White Tricoat,Jet Black,All-wheel Drive,,,Gasoline,,,dealership,[PREMIUM],Willoughby Hills,OH,/vehicles/vehicle-type-5.webp,,[],,,[PREMIUM]
402f8a3a-4c60-4ece-b961-89ba81e439a6,2026-04-24 22:25:18.580,2026-04-24 22:25:18.580,402f8a3a-4c60-4ece-b961-89ba81e439a6,[PREMIUM],New,2026,Mazda,CX-50,2.5 Turbo Premium Plus Package,[PREMIUM],[PREMIUM],4,SUV,zircon sand metallic,black,All-wheel Drive,,,Gasoline,,,dealership,[PREMIUM],Farmington Hills,MI,/vehicles/vehicle-type-2.webp,,[],,,[PREMIUM]
24d6a63d-14da-4406-aa05-69a28473ddaa,2026-04-24 22:25:18.502,2026-04-27 22:25:29.755,24d6a63d-14da-4406-aa05-69a28473ddaa,[PREMIUM],New,2026,Kia,Carnival,EX,[PREMIUM],[PREMIUM],5,Passenger Van,Metal,,Front-wheel Drive,,,Gasoline,,,dealership,[PREMIUM],Lawton,OK,/vehicles/vehicle-type-3.webp,,[],,,[PREMIUM]
f2ec88ff-9160-4b08-a586-8eb6a61bd062,2026-04-24 22:25:18.495,2026-04-24 22:25:18.495,f2ec88ff-9160-4b08-a586-8eb6a61bd062,[PREMIUM],New,2026,Honda,CR-V Hybrid,Sport-L AWD,[PREMIUM],[PREMIUM],0,SUV,Platinum White Pearl,Black,All-wheel Drive,,,Hybrid,,,dealership,[PREMIUM],Dubuque,IA,/vehicles/vehicle-type-3.webp,,[],,,[PREMIUM]
5924f857-7f0b-43c2-89bc-c4a4a4b788cd,2026-04-24 22:25:18.466,2026-04-24 22:25:18.466,5924f857-7f0b-43c2-89bc-c4a4a4b788cd,[PREMIUM],New,2026,Mazda,CX-50,2.5 Turbo Meridian Edition,[PREMIUM],[PREMIUM],1,SUV,Zircon Sand Metallic,Terracotta,All-wheel Drive,,,Gasoline,,,dealership,[PREMIUM],Cleveland,OH,/vehicles/vehicle-type-6.webp,,[],,,[PREMIUM]
e3358d52-6517-41aa-bd18-5b0a0de548ec,2026-04-24 22:25:18.435,2026-04-24 22:25:18.435,e3358d52-6517-41aa-bd18-5b0a0de548ec,[PREMIUM],New,2026,Nissan,Frontier,PRO-4X,[PREMIUM],[PREMIUM],6,Truck,Green,Gray,4WD,,,Gasoline,,,dealership,[PREMIUM],Poway,CA,/vehicles/vehicle-type-3.webp,,[],,,[PREMIUM]
f8b17ef9-e756-4a0e-9cf3-da5880faec5c,2026-04-24 22:25:18.415,2026-04-24 22:25:18.415,f8b17ef9-e756-4a0e-9cf3-da5880faec5c,[PREMIUM],New,2026,Ford,F-150,XL,[PREMIUM],[PREMIUM],0,Truck,Oxford White,40 20 40 Front Seat Medium Dark Slate,Four-wheel Drive,,,Gasoline,,,dealership,[PREMIUM],Kenosha,WI,/vehicles/vehicle-type-2.webp,,[],,,[PREMIUM]
47121c36-f170-44a4-b8ae-15928680ecbc,2026-04-24 22:25:18.377,2026-04-24 22:25:18.377,47121c36-f170-44a4-b8ae-15928680ecbc,[PREMIUM],New,2026,Nissan,Frontier,PRO-X,[PREMIUM],[PREMIUM],10,Truck,Tactical Green Metallic,Charcoal w/Lava Red Stitch,Rear-wheel Drive,,,Gasoline,,,dealership,[PREMIUM],City of Industry,CA,/vehicles/vehicle-type-7.webp,,[],,,[PREMIUM]
9060cd5b-349f-4db7-a2b7-418dbc7a36b7,2026-04-24 22:25:08.148,2026-04-30 22:25:38.234,9060cd5b-349f-4db7-a2b7-418dbc7a36b7,[PREMIUM],New,2026,Honda,CR-V Hybrid,Sport-L,[PREMIUM],[PREMIUM],5,SUV,Solar Silver Metallic,Black,All-wheel Drive,,,Hybrid,,,dealership,[PREMIUM],Sycamore,IL,/vehicles/vehicle-type-3.webp,,[],,,[PREMIUM]
4eb4def0-099b-4146-9e5b-47560c9bbed8,2026-04-24 22:25:07.812,2026-04-24 22:25:07.812,4eb4def0-099b-4146-9e5b-47560c9bbed8,[PREMIUM],New,2026,Hyundai,SANTA FE HEV,SEL,[PREMIUM],[PREMIUM],,SUV,Shimmering Silver,Black,AWD,,,Hybrid,,,dealership,[PREMIUM],Gurnee,IL,/vehicles/vehicle-type-4.webp,,[],,,[PREMIUM]
f0080921-7fcb-4c5e-b2ea-392099f74cc7,2026-04-24 22:25:07.798,2026-04-24 22:25:07.798,f0080921-7fcb-4c5e-b2ea-392099f74cc7,[PREMIUM],New,2027,Kia,Telluride,S,[PREMIUM],[PREMIUM],4,SUV,Glacial White Pearl,Black,Front-wheel Drive,,,Gasoline,,,dealership,[PREMIUM],Surprise,AZ,/vehicles/vehicle-type-7.webp,,[],,,[PREMIUM]
a9152962-9591-4497-9378-e6aa66e6ed57,2026-04-24 22:23:16.298,2026-04-24 22:23:16.298,a9152962-9591-4497-9378-e6aa66e6ed57,[PREMIUM],Used,2015,RAM,2500,Laramie,[PREMIUM],[PREMIUM],85405,Truck,White,TAN,Rear-wheel Drive,,,Diesel,,,dealership,[PREMIUM],Raleigh,NC,/vehicles/vehicle-type-4.webp,,[],,,[PREMIUM]
84b41de9-cf62-4921-97e0-7eda400ba9d5,2026-04-24 22:23:06.206,2026-04-24 22:23:06.206,84b41de9-cf62-4921-97e0-7eda400ba9d5,[PREMIUM],Used,2017,Ford,F-250,Platinum,[PREMIUM],[PREMIUM],191663,Truck,Ruby Red,Black,Four-wheel Drive,,,Diesel,,,dealership,[PREMIUM],Clanton,AL,/vehicles/vehicle-type-3.webp,,[],,,[PREMIUM]
705a5f6d-b7da-45ac-8748-9122e134bc38,2026-04-24 22:23:06.062,2026-04-24 22:23:06.062,705a5f6d-b7da-45ac-8748-9122e134bc38,[PREMIUM],Used,2016,BMW,M4,Base,[PREMIUM],[PREMIUM],66504,Coupe,Sakhir Orange Metallic,Sakhir Orange/Black,Rear-wheel Drive,,,Gasoline,,,dealership,[PREMIUM],Marietta,GA,/vehicles/vehicle-type-7.webp,,[],,,[PREMIUM]
cf414fbd-c6ac-4e96-840c-3f5f5bf79a4a,2026-04-24 22:22:25.980,2026-04-27 22:22:39.073,cf414fbd-c6ac-4e96-840c-3f5f5bf79a4a,[PREMIUM],Used,2019,Ford,F-150,Raptor,[PREMIUM],[PREMIUM],112114,Truck,AGATE BLACK,BLUE ACCENT / RECARO SEAT,Four-wheel Drive,,,Gasoline,,,dealership,[PREMIUM],Orlando,FL,/vehicles/vehicle-type-7.webp,,[],,,[PREMIUM]
de8902b4-9ccf-4e95-afff-a1c2a19346cc,2026-04-24 22:21:45.412,2026-04-24 22:21:45.412,de8902b4-9ccf-4e95-afff-a1c2a19346cc,[PREMIUM],Used,2020,Ford,Expedition,Max Limited,[PREMIUM],[PREMIUM],69012,SUV,Black,BLACK,Four-wheel Drive,,,Gasoline,,,dealership,[PREMIUM],Escondido,CA,/vehicles/vehicle-type-3.webp,,[],,,[PREMIUM]
258ce952-31d8-4f08-b25b-ef185da4ab9f,2026-04-24 22:21:45.405,2026-04-24 22:21:45.405,258ce952-31d8-4f08-b25b-ef185da4ab9f,[PREMIUM],Used,2020,Lexus,RX 350,F SPORT Performance,[PREMIUM],[PREMIUM],71688,SUV,Atomic Silver,Black,All-wheel Drive,,,Gasoline,,,dealership,[PREMIUM],Colorado Springs,CO,/vehicles/vehicle-type-3.webp,,[],,,[PREMIUM]
72e81588-b420-4476-8d3c-390c7a4ea9a2,2026-04-24 22:21:35.108,2026-04-27 22:21:48.962,72e81588-b420-4476-8d3c-390c7a4ea9a2,[PREMIUM],Used,2020,Porsche,Macan,S,[PREMIUM],[PREMIUM],53139,SUV,White,TAN,Four-wheel Drive,,,Gasoline,,,dealership,[PREMIUM],Sanford,FL,/vehicles/vehicle-type-6.webp,,[],,,[PREMIUM]
d8e190c8-eafd-45ea-a8f4-9449f965f558,2026-04-24 22:21:35.106,2026-05-06 22:22:18.778,d8e190c8-eafd-45ea-a8f4-9449f965f558,[PREMIUM],Used,2020,Ford,F-250,XL,[PREMIUM],[PREMIUM],72739,Truck,Black,GRAY,Four-wheel Drive,,,E85 Flex Fuel,,,dealership,[PREMIUM],Franklin,TN,/vehicles/vehicle-type-1.webp,,[],,,[PREMIUM]
e4e0f0a1-06e0-484f-943d-f752dfcaf4de,2026-04-24 22:21:04.439,2026-04-24 22:21:04.439,e4e0f0a1-06e0-484f-943d-f752dfcaf4de,[PREMIUM],Used,2022,Toyota,Tundra,SR5,[PREMIUM],[PREMIUM],57936,Truck,Midnight Black Metallic,Black,Rear-wheel Drive,,,Gasoline,,,dealership,[PREMIUM],Orlando,FL,/vehicles/vehicle-type-4.webp,,[],,,[PREMIUM]
ed4d412f-aea1-4952-a22f-5aefaabc12aa,2026-04-24 22:21:04.339,2026-04-24 22:21:04.339,ed4d412f-aea1-4952-a22f-5aefaabc12aa,[PREMIUM],Used,2021,Toyota,Avalon,Limited,[PREMIUM],[PREMIUM],25510,Sedan,White,BROWN,Four-wheel Drive,,,Gasoline,,,dealership,[PREMIUM],West Carrollton,OH,/vehicles/vehicle-type-7.webp,,[],,,[PREMIUM]
1501f42f-ee21-41a9-9341-ebbf95e272a8,2026-04-24 22:20:54.043,2026-04-24 22:20:54.043,1501f42f-ee21-41a9-9341-ebbf95e272a8,[PREMIUM],Used,2022,Jeep,Wrangler Unlimited,Sport,[PREMIUM],[PREMIUM],30235,SUV,Hydro Blue Pearl,Black,Four-wheel Drive,,,Gasoline,,,dealership,[PREMIUM],Sterling Heights,MI,/vehicles/vehicle-type-5.webp,,[],,,[PREMIUM]
c270babb-e685-4952-9a99-08554b505aae,2026-04-24 22:20:23.912,2026-04-24 22:20:23.912,c270babb-e685-4952-9a99-08554b505aae,[PREMIUM],Used,2022,Toyota,Highlander,XLE,[PREMIUM],[PREMIUM],40931,SUV,Blue,GRAY,Four-wheel Drive,,,Gasoline,,,dealership,[PREMIUM],Fairfield,CA,/vehicles/vehicle-type-3.webp,,[],,,[PREMIUM]
5432cca3-1199-4380-b62e-9d2c1c1625a0,2026-04-24 22:20:23.842,2026-04-24 22:20:23.842,5432cca3-1199-4380-b62e-9d2c1c1625a0,[PREMIUM],Used,2022,Chevrolet,Silverado 3500,LTZ,[PREMIUM],[PREMIUM],102210,Truck,White,BLACK,Four-wheel Drive,,,Gasoline,,,dealership,[PREMIUM],Tinley Park,IL,/vehicles/vehicle-type-2.webp,,[],,,[PREMIUM]
5de7c4c1-2cc5-447a-be17-de8a4b615fa3,2026-04-24 22:20:23.808,2026-04-24 22:20:23.808,5de7c4c1-2cc5-447a-be17-de8a4b615fa3,[PREMIUM],Used,2022,Ford,Mustang,GT Premium,[PREMIUM],[PREMIUM],32500,Coupe,Gray,Black,Rear-wheel Drive,,,Gasoline,,,private,[PREMIUM],,,/vehicles/vehicle-type-4.webp,,[],,,[PREMIUM]
db60b029-cf30-4844-9c96-0a1d7cf5941a,2026-04-24 22:20:23.801,2026-04-24 22:20:23.801,db60b029-cf30-4844-9c96-0a1d7cf5941a,[PREMIUM],Used,2022,Dodge,Charger,R/T,[PREMIUM],[PREMIUM],1995,Sedan,Black,BLACK,Rear-wheel Drive,,,Gasoline,,,dealership,[PREMIUM],Oxnard,CA,/vehicles/vehicle-type-2.webp,,[],,,[PREMIUM]
b93e278a-ba5b-4137-b339-03ae50448815,2026-04-24 22:20:23.799,2026-04-27 22:20:38.052,b93e278a-ba5b-4137-b339-03ae50448815,[PREMIUM],Used,2022,INFINITI,QX60,Sensory,[PREMIUM],[PREMIUM],27750,SUV,White,BLACK,Four-wheel Drive,,,Gasoline,,,dealership,[PREMIUM],Columbia,SC,/vehicles/vehicle-type-1.webp,,[],,,[PREMIUM]
d6becd1d-d0f3-4d62-9f35-b48e1bb4c344,2026-04-24 22:20:23.763,2026-04-24 22:20:23.763,d6becd1d-d0f3-4d62-9f35-b48e1bb4c344,[PREMIUM],Used,2022,Toyota,4Runner,SR5,[PREMIUM],[PREMIUM],48660,SUV,White,BLACK,Four-wheel Drive,,,Gasoline,,,dealership,[PREMIUM],Charlotte,NC,/vehicles/vehicle-type-3.webp,,[],,,[PREMIUM]
adb2e348-ff58-4b0c-83fb-9ab1bba80186,2026-04-24 22:19:43.633,2026-04-30 22:21:04.215,adb2e348-ff58-4b0c-83fb-9ab1bba80186,[PREMIUM],Used,2023,Toyota,Tacoma,TRD Sport,[PREMIUM],[PREMIUM],32667,Truck,Ice Cap,Cement,Four-wheel Drive,,,Gasoline,,,dealership,[PREMIUM],Hatfield,PA,/vehicles/vehicle-type-2.webp,,[],,,[PREMIUM]
2d64e928-9342-487d-b76f-c0d43de80651,2026-04-24 22:19:43.564,2026-04-24 22:19:43.564,2d64e928-9342-487d-b76f-c0d43de80651,[PREMIUM],Used,2023,INFINITI,QX60,Luxe,[PREMIUM],[PREMIUM],29596,SUV,Gray,BLACK,Four-wheel Drive,,,Gasoline,,,dealership,[PREMIUM],Hamilton,NJ,/vehicles/vehicle-type-4.webp,,[],,,[PREMIUM]
9719a1d8-7688-494a-b117-5bc35d7553e3,2026-04-24 22:19:43.541,2026-04-24 22:19:43.541,9719a1d8-7688-494a-b117-5bc35d7553e3,[PREMIUM],Used,2023,Ford,Mustang,GT Premium,[PREMIUM],[PREMIUM],37020,Coupe,Black,BLACK,Rear-wheel Drive,,,Gasoline,,,dealership,[PREMIUM],Schaumburg,IL,/vehicles/vehicle-type-6.webp,,[],,,[PREMIUM]
92df43f1-a8a1-4b1a-a76d-5604be246908,2026-04-24 22:19:43.501,2026-04-27 22:19:47.784,92df43f1-a8a1-4b1a-a76d-5604be246908,[PREMIUM],Used,2023,GMC,Sierra 1500,SLT,[PREMIUM],[PREMIUM],96676,Truck,Summit White,Jet Black,Four-wheel Drive,,,Gasoline,,,dealership,[PREMIUM],North Branch,MN,/vehicles/vehicle-type-5.webp,,[],,,[PREMIUM]
41ceb674-e533-4fd5-83a4-1aed56050e4a,2026-04-24 22:19:43.473,2026-04-27 22:19:57.969,41ceb674-e533-4fd5-83a4-1aed56050e4a,[PREMIUM],Used,2023,Buick,Enclave,Premium,[PREMIUM],[PREMIUM],20959,SUV,Gray,GRAY,Four-wheel Drive,,,Gasoline,,,dealership,[PREMIUM],Urbandale,IA,/vehicles/vehicle-type-7.webp,,[],,,[PREMIUM]
6d79c782-236c-400e-a9f3-2aab5e68ea63,2026-04-24 22:19:33.495,2026-04-27 22:19:47.784,6d79c782-236c-400e-a9f3-2aab5e68ea63,[PREMIUM],Used,2023,Honda,CR-V Hybrid,Sport Touring,[PREMIUM],[PREMIUM],38971,SUV,Crystal Black Pearl,Black,All-wheel Drive,,,Hybrid,,,dealership,[PREMIUM],Staten Island,NY,/vehicles/vehicle-type-7.webp,,[],,,[PREMIUM]
5a6d2f69-8644-470a-9fc8-999ef0c9904f,2026-04-24 22:19:33.192,2026-04-30 22:21:03.854,5a6d2f69-8644-470a-9fc8-999ef0c9904f,[PREMIUM],Used,2023,Chevrolet,Traverse,RS,[PREMIUM],[PREMIUM],32640,SUV,Black,BLACK,Four-wheel Drive,,,Gasoline,,,dealership,[PREMIUM],Garland,TX,/vehicles/vehicle-type-7.webp,,[],,,[PREMIUM]
e16a496f-54f1-4643-b4f7-63a0c56e490e,2026-04-24 22:19:33.181,2026-04-24 22:19:33.181,e16a496f-54f1-4643-b4f7-63a0c56e490e,[PREMIUM],Used,2023,Honda,Odyssey,,[PREMIUM],[PREMIUM],38005,Minivan,Modern Steel Metallic,Black,,,,Gasoline,,,dealership,[PREMIUM],West Covina,CA,/vehicles/vehicle-type-2.webp,,[],,,[PREMIUM]
8b7eb221-5bbb-4833-97c6-d3e6c79bf106,2026-04-24 22:19:33.171,2026-04-24 22:19:33.171,8b7eb221-5bbb-4833-97c6-d3e6c79bf106,[PREMIUM],Used,2023,Mercedes-Benz,C-Class,,[PREMIUM],[PREMIUM],20862,Sedan,Blue,BLACK,Four-wheel Drive,,,Gasoline,,,dealership,[PREMIUM],Lancaster,PA,/vehicles/vehicle-type-1.webp,,[],,,[PREMIUM]
e805238f-dbc5-4e29-9d36-5c777d720f20,2026-04-24 22:19:33.169,2026-04-24 22:19:33.169,e805238f-dbc5-4e29-9d36-5c777d720f20,[PREMIUM],Used,2023,Kia,Telluride,SX,[PREMIUM],[PREMIUM],10551,SUV,Glacial White Pearl,Black,Front-wheel Drive,,,Gasoline,,,dealership,[PREMIUM],Gastonia,NC,/vehicles/vehicle-type-5.webp,,[],,,[PREMIUM]
ea53c350-8f46-4d0b-9292-e281b1cf58f8,2026-04-24 22:19:33.147,2026-04-24 22:19:33.147,ea53c350-8f46-4d0b-9292-e281b1cf58f8,[PREMIUM],Used,2023,Tesla,Model Y,Performance,[PREMIUM],[PREMIUM],26530,SUV,Black,WHITE,Four-wheel Drive,,,Electric,,,dealership,[PREMIUM],Houston,TX,/vehicles/vehicle-type-2.webp,,[],,,[PREMIUM]
dde072d8-2739-49c3-8da0-9ab4ae2c446a,2026-04-24 22:19:33.124,2026-04-24 22:19:33.124,dde072d8-2739-49c3-8da0-9ab4ae2c446a,[PREMIUM],Used,2023,Toyota,Tacoma,TRD Off Road,[PREMIUM],[PREMIUM],33179,Truck,Silver,GRAY,Four-wheel Drive,,,Gasoline,,,dealership,[PREMIUM],Loveland,CO,/vehicles/vehicle-type-7.webp,,[],,,[PREMIUM]
7d0181eb-c790-45c6-9ff5-f85c693a621d,2026-04-24 22:19:33.100,2026-04-24 22:19:33.100,7d0181eb-c790-45c6-9ff5-f85c693a621d,[PREMIUM],Used,2023,Kia,Sorento,X-Line SX Prestige,[PREMIUM],[PREMIUM],9481,SUV,White,BROWN,Four-wheel Drive,,,Gasoline,,,dealership,[PREMIUM],Hoover,AL,/vehicles/vehicle-type-3.webp,,[],,,[PREMIUM]
581299b7-548f-41b0-805d-a23f65ee4de1,2026-04-24 22:19:33.093,2026-04-24 22:19:33.093,581299b7-548f-41b0-805d-a23f65ee4de1,[PREMIUM],Used,2023,Kia,Telluride,EX,[PREMIUM],[PREMIUM],34859,SUV,Black,BROWN,Four-wheel Drive,,,Gasoline,,,dealership,[PREMIUM],Norwood,MA,/vehicles/vehicle-type-2.webp,,[],,,[PREMIUM]
04f7bf5d-53fb-4f60-b97b-7fb11b561b70,2026-04-24 22:19:23.037,2026-04-24 22:19:23.037,04f7bf5d-53fb-4f60-b97b-7fb11b561b70,[PREMIUM],Used,2023,Lincoln,Nautilus,Reserve,[PREMIUM],[PREMIUM],23022,SUV,Gray,TAN,Rear-wheel Drive,,,Gasoline,,,dealership,[PREMIUM],Kenner,LA,/vehicles/vehicle-type-4.webp,,[],,,[PREMIUM]
b8cde7e5-4f10-4e5f-b4df-cafb07dd6782,2026-04-24 22:19:22.992,2026-04-24 22:19:22.992,b8cde7e5-4f10-4e5f-b4df-cafb07dd6782,[PREMIUM],Used,2023,Lexus,ES 350,,[PREMIUM],[PREMIUM],19412,Sedan,White,TAN,Rear-wheel Drive,,,Gasoline,,,dealership,[PREMIUM],Irving,TX,/vehicles/vehicle-type-6.webp,,[],,,[PREMIUM]
6377d048-571f-49d7-a281-d48b1a5d35d7,2026-04-24 22:19:22.854,2026-04-24 22:19:22.854,6377d048-571f-49d7-a281-d48b1a5d35d7,[PREMIUM],Used,2023,Tesla,Model Y,Long Range,[PREMIUM],[PREMIUM],37383,SUV,Black,WHITE,Four-wheel Drive,,,Electric,,,dealership,[PREMIUM],Denton,TX,/vehicles/vehicle-type-1.webp,,[],,,[PREMIUM]
fa0a4f2c-d2e6-4d20-bc8b-2c9d09a0b243,2026-04-24 22:19:22.793,2026-04-24 22:19:22.793,fa0a4f2c-d2e6-4d20-bc8b-2c9d09a0b243,[PREMIUM],Used,2023,Toyota,4Runner,SR5,[PREMIUM],[PREMIUM],18753,SUV,Black,BLACK,Rear-wheel Drive,,,Gasoline,,,dealership,[PREMIUM],Memphis,TN,/vehicles/vehicle-type-7.webp,,[],,,[PREMIUM]
4eb590f0-434e-4a7a-9090-c84189d90d30,2026-04-24 22:19:22.769,2026-05-03 22:21:14.969,4eb590f0-434e-4a7a-9090-c84189d90d30,[PREMIUM],Used,2023,INFINITI,QX60,Luxe,[PREMIUM],[PREMIUM],39236,SUV,Black,BLACK,Four-wheel Drive,,,Gasoline,,,dealership,[PREMIUM],Urbandale,IA,/vehicles/vehicle-type-5.webp,,[],,,[PREMIUM]
e2f8cc3e-980b-443d-a077-53e1866510a2,2026-04-24 22:19:22.743,2026-04-30 22:21:03.809,e2f8cc3e-980b-443d-a077-53e1866510a2,[PREMIUM],Used,2023,Tesla,Model Y,Long Range,[PREMIUM],[PREMIUM],13950,SUV,White,BLACK,Four-wheel Drive,,,Electric,,,dealership,[PREMIUM],Edison,NJ,/vehicles/vehicle-type-6.webp,,[],,,[PREMIUM]
90062084-c1ea-47e5-a01a-47617c592aac,2026-04-24 22:19:22.711,2026-04-24 22:19:22.711,90062084-c1ea-47e5-a01a-47617c592aac,[PREMIUM],Used,2023,Kia,Telluride,X-Line EX,[PREMIUM],[PREMIUM],35235,SUV,Blue,BROWN,Four-wheel Drive,,,Gasoline,,,dealership,[PREMIUM],Colorado Springs,CO,/vehicles/vehicle-type-4.webp,,[],,,[PREMIUM]
b7f0d6c3-db07-4389-a042-3f371ea03ce6,2026-04-24 22:19:22.707,2026-04-24 22:19:22.707,b7f0d6c3-db07-4389-a042-3f371ea03ce6,[PREMIUM],Used,2023,Tesla,Model Y,Long Range,[PREMIUM],[PREMIUM],44435,SUV,Red,WHITE,All-wheel Drive,,,Electric,,,dealership,[PREMIUM],Henderson,NV,/vehicles/vehicle-type-1.webp,,[],,,[PREMIUM]
37557221-8a90-48f2-8902-c355e30bf8ac,2026-04-24 22:19:22.691,2026-04-24 22:19:22.691,37557221-8a90-48f2-8902-c355e30bf8ac,[PREMIUM],Used,2023,Genesis,G70,3.3T,[PREMIUM],[PREMIUM],22560,Sedan,Black,GRAY,Rear-wheel Drive,,,Gasoline,,,dealership,[PREMIUM],Henderson,NV,/vehicles/vehicle-type-3.webp,,[],,,[PREMIUM]
26b2b8c9-0952-4c9f-bbef-072b4e1dd9a9,2026-04-24 22:19:22.689,2026-04-24 22:19:22.689,26b2b8c9-0952-4c9f-bbef-072b4e1dd9a9,[PREMIUM],Used,2023,Toyota,Tacoma,TRD Off Road,[PREMIUM],[PREMIUM],55446,Truck,Gray,BLACK,4WD,,,Gas,,,dealership,[PREMIUM],Houston,TX,/vehicles/vehicle-type-2.webp,,[],,,[PREMIUM]
0246367f-cf0d-43ed-80f5-64d09b6b370d,2026-04-24 22:19:22.680,2026-04-24 22:19:22.680,0246367f-cf0d-43ed-80f5-64d09b6b370d,[PREMIUM],Used,2023,INFINITI,QX60,Luxe,[PREMIUM],[PREMIUM],35456,SUV,Gray,GRAY,Four-wheel Drive,,,Gasoline,,,dealership,[PREMIUM],Columbia,SC,/vehicles/vehicle-type-6.webp,,[],,,[PREMIUM]
4a223349-c088-48e8-a6a0-82364ee10879,2026-04-24 22:19:22.678,2026-04-27 22:19:37.835,4a223349-c088-48e8-a6a0-82364ee10879,[PREMIUM],Used,2023,INFINITI,QX60,Luxe,[PREMIUM],[PREMIUM],20263,SUV,Gray,TAN,Rear-wheel Drive,,,Gasoline,,,dealership,[PREMIUM],Montgomery,AL,/vehicles/vehicle-type-2.webp,,[],,,[PREMIUM]
7f02848b-a0ca-4afb-b24a-68658878e14a,2026-04-24 22:19:22.670,2026-04-27 22:19:37.478,7f02848b-a0ca-4afb-b24a-68658878e14a,[PREMIUM],Used,2023,Chevrolet,Camaro,LT1,[PREMIUM],[PREMIUM],2640,Convertible,White,GRAY,Rear-wheel Drive,,,Gasoline,,,dealership,[PREMIUM],Gilbert,AZ,/vehicles/vehicle-type-6.webp,,[],,,[PREMIUM]
307d53be-f118-4244-ae11-66bc1b8b1f83,2026-04-24 22:19:22.650,2026-04-24 22:19:22.650,307d53be-f118-4244-ae11-66bc1b8b1f83,[PREMIUM],Used,2023,Jeep,Wrangler 4xe,Unlimited Sahara High Altitude,[PREMIUM],[PREMIUM],16315,SUV,Gray,BLACK,Four-wheel Drive,,,Plug-In Hybrid,,,dealership,[PREMIUM],San Antonio,TX,/vehicles/vehicle-type-3.webp,,[],,,[PREMIUM]
a3213cfe-4e40-4acf-adec-7ee49ebaf17c,2026-04-24 22:18:52.305,2026-04-24 22:18:52.305,a3213cfe-4e40-4acf-adec-7ee49ebaf17c,[PREMIUM],Used,2024,Honda,Ridgeline,TrailSport,[PREMIUM],[PREMIUM],5012,Truck,Crystal Black Pearl,,All-wheel Drive,,,Gasoline,,,dealership,[PREMIUM],Dublin,OH,/vehicles/vehicle-type-3.webp,,[],,,[PREMIUM]
fc68dea1-e8a9-4d24-896e-16c356cbdee2,2026-04-24 22:18:52.292,2026-04-24 22:18:52.292,fc68dea1-e8a9-4d24-896e-16c356cbdee2,[PREMIUM],Used,2024,Toyota,RAV4 Hybrid,XLE,[PREMIUM],[PREMIUM],9462,SUV,Red,Ash,All-wheel Drive,,,Hybrid,,,dealership,[PREMIUM],Brazil,IN,/vehicles/vehicle-type-4.webp,,[],,,[PREMIUM]
7d555c31-8ff9-4e47-bdf5-4e87f4ae34bc,2026-04-24 22:18:52.260,2026-04-27 22:19:07.632,7d555c31-8ff9-4e47-bdf5-4e87f4ae34bc,[PREMIUM],Used,2024,Honda,Passport,TrailSport,[PREMIUM],[PREMIUM],16743,SUV,Sonic Gray Pearl,Black,All-wheel Drive,,,Gasoline,,,dealership,[PREMIUM],Woodside,NY,/vehicles/vehicle-type-2.webp,,[],,,[PREMIUM]
fbc55513-e2f7-4c19-92b6-2d8b75fb0d34,2026-04-24 22:18:52.229,2026-04-24 22:18:52.229,fbc55513-e2f7-4c19-92b6-2d8b75fb0d34,[PREMIUM],Used,2024,Ford,F-150,XLT,[PREMIUM],[PREMIUM],59790,Truck,Agate Black Metallic,Black w/Medium Dark Slate,Four-wheel Drive,,,Gasoline,,,dealership,[PREMIUM],Reno,NV,/vehicles/vehicle-type-7.webp,,[],,,[PREMIUM]
22900451-d26a-4245-9cdb-d45597945e20,2026-04-24 22:18:52.220,2026-04-27 22:19:07.216,22900451-d26a-4245-9cdb-d45597945e20,[PREMIUM],Used,2024,Jeep,Wagoneer,Series II 4x4,[PREMIUM],[PREMIUM],70275,SUV,Silver Zynith,Global Black,Four-wheel Drive,,,Gasoline,,,dealership,[PREMIUM],Zelienople,PA,/vehicles/vehicle-type-7.webp,,[],,,[PREMIUM]
956084bf-235c-41f3-bace-1389e4019b67,2026-04-24 22:18:52.219,2026-04-24 22:18:52.219,956084bf-235c-41f3-bace-1389e4019b67,[PREMIUM],Used,2024,GMC,Sierra 1500,Pro,[PREMIUM],[PREMIUM],26789,Truck,Thunderstorm Grey,Jet Black,Four-wheel Drive,,,Gasoline,,,dealership,[PREMIUM],Santa Fe,NM,/vehicles/vehicle-type-6.webp,,[],,,[PREMIUM]
3af61584-08b3-4365-aa89-e5cbb25ea2ca,2026-04-24 22:18:52.207,2026-04-24 22:18:52.207,3af61584-08b3-4365-aa89-e5cbb25ea2ca,[PREMIUM],Used,2024,BMW,X3,xDrive30i,[PREMIUM],[PREMIUM],18822,SUV,Black Sapphire Metallic,Cognac,All-wheel Drive,,,Gasoline,,,dealership,[PREMIUM],White Plains,NY,/vehicles/vehicle-type-3.webp,,[],,,[PREMIUM]
6b07a4ab-7680-4cdd-8e1b-2d7881ef822b,2026-04-24 22:18:52.195,2026-04-27 22:19:07.596,6b07a4ab-7680-4cdd-8e1b-2d7881ef822b,[PREMIUM],Used,2024,Tesla,Model Y,Long Range Dual Motor All-Wheel Drive,[PREMIUM],[PREMIUM],35411,SUV,Stealth Grey,White/Black,All-wheel Drive,,,Electric,,,dealership,[PREMIUM],Oakland,CA,/vehicles/vehicle-type-6.webp,,[],,,[PREMIUM]
a245c733-ea67-42f7-b210-784ec6225c34,2026-04-24 22:18:52.190,2026-04-27 22:18:57.072,a245c733-ea67-42f7-b210-784ec6225c34,[PREMIUM],Used,2024,Ford,Transit-350,XLT,[PREMIUM],[PREMIUM],31700,Cargo Van,OXFORD WHITE,DARK PALAZZO GRAY CLOTH,Rear-wheel Drive,,,Gasoline,,,dealership,[PREMIUM],San Antonio,TX,/vehicles/vehicle-type-1.webp,,[],,,[PREMIUM]
fc6862dc-b2c9-41b3-b7c0-94fc3a3a2676,2026-04-24 22:18:41.756,2026-04-24 22:18:41.756,fc6862dc-b2c9-41b3-b7c0-94fc3a3a2676,[PREMIUM],Used,2024,Honda,CR-V Hybrid,Sport-L,[PREMIUM],[PREMIUM],33237,SUV,Charcoal,,All-wheel Drive,,,Hybrid,,,dealership,[PREMIUM],Evansville,IN,/vehicles/vehicle-type-2.webp,,[],,,[PREMIUM]
a79ed87d-d35a-45df-9347-720ddae3a608,2026-04-24 22:18:41.734,2026-04-24 22:18:41.734,a79ed87d-d35a-45df-9347-720ddae3a608,[PREMIUM],Used,2024,GMC,Sierra 1500,SLE,[PREMIUM],[PREMIUM],71452,Truck,Metallic,Black,4WD,,,Gasoline,,,dealership,[PREMIUM],Evansville,IN,/vehicles/vehicle-type-7.webp,,[],,,[PREMIUM]
ad7a7f10-4e0d-4080-82db-58adc74d67ec,2026-04-24 22:18:31.612,2026-04-24 22:18:31.612,ad7a7f10-4e0d-4080-82db-58adc74d67ec,[PREMIUM],Used,2024,Kia,Carnival,EX,[PREMIUM],[PREMIUM],21308,Passenger Van,Panthera Metal,Saddle Brown,Front-wheel Drive,,,Gasoline,,,dealership,[PREMIUM],Schenectady,NY,/vehicles/vehicle-type-7.webp,,[],,,[PREMIUM]
d24c0a7c-bcce-44aa-9926-88d90733dbc3,2026-04-24 22:18:31.612,2026-04-27 22:18:47.004,d24c0a7c-bcce-44aa-9926-88d90733dbc3,[PREMIUM],Used,2024,Toyota,Tacoma,SR5,[PREMIUM],[PREMIUM],22829,Truck,Celestial Silver Metallic,Black,Four-wheel Drive,,,Gasoline,,,dealership,[PREMIUM],Richmond,IN,/vehicles/vehicle-type-1.webp,,[],,,[PREMIUM]
914c9fd7-cf39-46a3-beb9-0fd2b59e7ddf,2026-04-24 22:18:31.602,2026-04-24 22:18:31.602,914c9fd7-cf39-46a3-beb9-0fd2b59e7ddf,[PREMIUM],Used,2024,Buick,Enclave,Essence AWD,[PREMIUM],[PREMIUM],17849,SUV,Ebony Twilight Metallic,Dark Galvanized w/Ebony Accents,All-wheel Drive,,,Gasoline,,,dealership,[PREMIUM],Aurora,OH,/vehicles/vehicle-type-4.webp,,[],,,[PREMIUM]
ffec7205-3c15-4df3-b8d7-8679077103c9,2026-04-24 22:18:31.555,2026-04-24 22:18:31.555,ffec7205-3c15-4df3-b8d7-8679077103c9,[PREMIUM],Used,2024,Volkswagen,Atlas Cross Sport,SE w/Tech,[PREMIUM],[PREMIUM],20936,SUV,White,TAN,4WD,,,Gas,,,dealership,[PREMIUM],Greensboro,NC,/vehicles/vehicle-type-4.webp,,[],,,[PREMIUM]
72cddf98-ba28-4d70-953d-473edef9cebd,2026-04-24 22:18:31.536,2026-04-24 22:18:31.536,72cddf98-ba28-4d70-953d-473edef9cebd,[PREMIUM],Used,2024,Hyundai,SANTA FE,Limited,[PREMIUM],[PREMIUM],17168,SUV,Silver,GRAY,Four-wheel Drive,,,Gasoline,,,dealership,[PREMIUM],Brooklyn Park,MN,/vehicles/vehicle-type-4.webp,,[],,,[PREMIUM]
684dc8e9-a2c0-4147-aed5-c44b6ecb8da3,2026-04-24 22:18:31.507,2026-04-24 22:18:31.507,684dc8e9-a2c0-4147-aed5-c44b6ecb8da3,[PREMIUM],Used,2024,Jeep,Wrangler,Sport S,[PREMIUM],[PREMIUM],16252,SUV,Blue,BLACK,Four-wheel Drive,,,Gasoline,,,dealership,[PREMIUM],Fort Worth,TX,/vehicles/vehicle-type-2.webp,,[],,,[PREMIUM]
c65ff823-7c99-4b44-9da2-f828873a62a4,2026-04-24 22:18:31.505,2026-04-30 22:18:59.016,c65ff823-7c99-4b44-9da2-f828873a62a4,[PREMIUM],Used,2024,Lexus,ES 350,Base,[PREMIUM],[PREMIUM],13838,Sedan,Cloudburst Gray,White,Front-wheel Drive,,,Gasoline,,,dealership,[PREMIUM],Dayton,OH,/vehicles/vehicle-type-5.webp,,[],,,[PREMIUM]
226b7a13-1e13-4c4f-b062-932830230278,2026-04-24 22:18:21.561,2026-04-24 22:18:21.561,226b7a13-1e13-4c4f-b062-932830230278,[PREMIUM],Used,2024,Toyota,Grand Highlander,XLE,[PREMIUM],[PREMIUM],84481,SUV,Wind Chill Pearl,Black,Front-wheel Drive,,,Gasoline,,,dealership,[PREMIUM],Houston,TX,/vehicles/vehicle-type-7.webp,,[],,,[PREMIUM]
ab148984-8453-49eb-ae76-0c889666aff5,2026-04-24 22:18:21.316,2026-04-24 22:18:21.316,ab148984-8453-49eb-ae76-0c889666aff5,[PREMIUM],Used,2024,Jeep,Wrangler 4xe,Rubicon,[PREMIUM],[PREMIUM],15274,SUV,Green,BLACK,Four-wheel Drive,,,Plug-In Hybrid,,,dealership,[PREMIUM],Gilbert,AZ,/vehicles/vehicle-type-4.webp,,[],,,[PREMIUM]
770bc811-ec75-401b-a512-071e3f8fcc62,2026-04-24 22:18:21.289,2026-04-24 22:18:21.289,770bc811-ec75-401b-a512-071e3f8fcc62,[PREMIUM],Used,2024,Mazda,CX-90,Turbo Premium Plus,[PREMIUM],[PREMIUM],34227,SUV,Gray,WHITE,Four-wheel Drive,,,Gasoline,,,dealership,[PREMIUM],Knoxville,TN,/vehicles/vehicle-type-5.webp,,[],,,[PREMIUM]
b92ad541-965d-4dc8-a0a9-b3cc1a0abcd0,2026-04-24 22:18:21.279,2026-04-27 22:18:26.793,b92ad541-965d-4dc8-a0a9-b3cc1a0abcd0,[PREMIUM],Used,2024,Honda,CR-V Hybrid,Sport-L,[PREMIUM],[PREMIUM],19554,SUV,Red,BLACK,Four-wheel Drive,,,Hybrid,,,dealership,[PREMIUM],Renton,WA,/vehicles/vehicle-type-5.webp,,[],,,[PREMIUM]
958c1d03-c41e-4695-a8bf-42f4d0cc5f53,2026-04-24 22:18:21.235,2026-04-24 22:18:21.235,958c1d03-c41e-4695-a8bf-42f4d0cc5f53,[PREMIUM],Used,2024,Lexus,NX 350,,[PREMIUM],[PREMIUM],41844,SUV,Gray,BROWN,Four-wheel Drive,,,Gasoline,,,dealership,[PREMIUM],Ontario,CA,/vehicles/vehicle-type-2.webp,,[],,,[PREMIUM]
ce1493ae-1845-4b28-8143-fa34967df8ce,2026-04-24 22:18:21.221,2026-04-24 22:18:21.221,ce1493ae-1845-4b28-8143-fa34967df8ce,[PREMIUM],Used,2024,Toyota,RAV4 Hybrid,SE,[PREMIUM],[PREMIUM],20404,SUV,White,BLACK,Four-wheel Drive,,,Hybrid,,,dealership,[PREMIUM],Hickory,NC,/vehicles/vehicle-type-7.webp,,[],,,[PREMIUM]
a1af8b98-55eb-4a2b-ad67-52231378d5a9,2026-04-24 22:18:21.185,2026-04-27 22:18:26.809,a1af8b98-55eb-4a2b-ad67-52231378d5a9,[PREMIUM],Used,2024,Jeep,Wrangler 4xe,Rubicon,[PREMIUM],[PREMIUM],10266,SUV,White,BLACK,Four-wheel Drive,,,Plug-In Hybrid,,,dealership,[PREMIUM],Vancouver,WA,/vehicles/vehicle-type-3.webp,,[],,,[PREMIUM]
8fa3768d-48fc-458e-8567-bf43261efcdd,2026-04-24 22:18:21.170,2026-04-24 22:18:21.170,8fa3768d-48fc-458e-8567-bf43261efcdd,[PREMIUM],Used,2024,BMW,330,XI,[PREMIUM],[PREMIUM],20731,Sedan,White,TAN,Four-wheel Drive,,,Gasoline,,,dealership,[PREMIUM],St. Peters,MO,/vehicles/vehicle-type-5.webp,,[],,,[PREMIUM]
8c25f1b8-d12a-49f1-80dd-4ffc2d5dbc5c,2026-04-24 22:18:21.155,2026-04-30 22:18:39.018,8c25f1b8-d12a-49f1-80dd-4ffc2d5dbc5c,[PREMIUM],Used,2024,Audi,S3,Premium Plus,[PREMIUM],[PREMIUM],33757,Sedan,White,BLACK,Four-wheel Drive,,,Gasoline,,,dealership,[PREMIUM],Naperville,IL,/vehicles/vehicle-type-4.webp,,[],,,[PREMIUM]
ef57b646-23d4-488b-aabc-f1776abf40a4,2026-04-24 22:18:11.071,2026-04-24 22:18:11.071,ef57b646-23d4-488b-aabc-f1776abf40a4,[PREMIUM],New,2025,Chevrolet,Colorado,WT,[PREMIUM],[PREMIUM],12,Truck,White,Jet Black,Four-wheel Drive,,,Gasoline,,,dealership,[PREMIUM],Fort Lupton,CO,/vehicles/vehicle-type-5.webp,,[],,,[PREMIUM]
12a20ac2-4782-4c00-9ea4-80cd1830e342,2026-04-24 22:18:11.061,2026-04-24 22:18:11.061,12a20ac2-4782-4c00-9ea4-80cd1830e342,[PREMIUM],New,2025,Mazda,CX-5,2.5 S Premium Plus Package,[PREMIUM],[PREMIUM],4,SUV,Rhodium White Metallic,Black,All-wheel Drive,,,Gasoline,,,dealership,[PREMIUM],Farmington Hills,MI,/vehicles/vehicle-type-5.webp,,[],,,[PREMIUM]
384ea820-07a5-4221-bb08-3077d065c992,2026-04-24 22:18:11.059,2026-04-24 22:18:11.059,384ea820-07a5-4221-bb08-3077d065c992,[PREMIUM],Used,2025,Toyota,RAV4 Hybrid,LE,[PREMIUM],[PREMIUM],7582,SUV,Magnetic Gray Metallic,,All-wheel Drive,,,Hybrid,,,dealership,[PREMIUM],Peoria,AZ,/vehicles/vehicle-type-2.webp,,[],,,[PREMIUM]
ca0dd578-0ca7-4c08-9903-c84a04c43a04,2026-04-24 22:18:11.046,2026-04-27 22:18:26.862,ca0dd578-0ca7-4c08-9903-c84a04c43a04,[PREMIUM],Used,2025,Toyota,RAV4 Hybrid,LE,[PREMIUM],[PREMIUM],2978,SUV,Ruby Flare Pearl,,All-wheel Drive,,,Hybrid,,,dealership,[PREMIUM],Peoria,AZ,/vehicles/vehicle-type-5.webp,,[],,,[PREMIUM]
ceb58e0c-13c0-4678-84eb-c62626fce9ad,2026-04-24 22:18:11.029,2026-04-24 22:18:11.029,ceb58e0c-13c0-4678-84eb-c62626fce9ad,[PREMIUM],Used,2025,Toyota,Camry,SE,[PREMIUM],[PREMIUM],2338,Sedan,Heavy Metal,,Front-wheel Drive,,,Gasoline,,,dealership,[PREMIUM],Peoria,AZ,/vehicles/vehicle-type-4.webp,,[],,,[PREMIUM]
3923016c-cba8-4884-bb81-897d6e3d4251,2026-04-24 22:18:00.801,2026-05-03 22:18:43.054,3923016c-cba8-4884-bb81-897d6e3d4251,[PREMIUM],Used,2025,GMC,Acadia,AWD Elevation,[PREMIUM],[PREMIUM],6851,SUV,Summit White,After Dark,All-wheel Drive,,,Gasoline,,,dealership,[PREMIUM],North Branch,MN,/vehicles/vehicle-type-4.webp,,[],,,[PREMIUM]
30785fa8-6728-4021-9383-0273a662c0b5,2026-04-24 22:18:00.500,2026-04-24 22:18:00.500,30785fa8-6728-4021-9383-0273a662c0b5,[PREMIUM],Used,2025,BMW,228 Gran Coupe,228 xDrive Gran Coupe,[PREMIUM],[PREMIUM],15992,Sedan,Alpine White,Black,All-wheel Drive,,,Gasoline,,,dealership,[PREMIUM],Alcoa,TN,/vehicles/vehicle-type-3.webp,,[],,,[PREMIUM]
293147e5-5ad4-414c-b17f-7467fae782fe,2026-04-24 22:18:00.471,2026-04-24 22:18:00.471,293147e5-5ad4-414c-b17f-7467fae782fe,[PREMIUM],Used,2025,Buick,Enclave,Preferred FWD,[PREMIUM],[PREMIUM],6793,SUV,Cherry Red Tintcoat,Ebony w/Sky Cool Gray &amp; Ebony Accents,All-wheel Drive,,,Gasoline,,,dealership,[PREMIUM],White Plains,NY,/vehicles/vehicle-type-3.webp,,[],,,[PREMIUM]
c78e5bc9-4155-4192-96a7-3cba81769c85,2026-04-24 22:18:00.470,2026-05-06 22:18:57.341,c78e5bc9-4155-4192-96a7-3cba81769c85,[PREMIUM],Used,2025,Chevrolet,Silverado 1500,Custom,[PREMIUM],[PREMIUM],14375,Truck,Riptide Blue Metallic,Jet Black,Four-wheel Drive,,,Gasoline,,,dealership,[PREMIUM],North Branch,MN,/vehicles/vehicle-type-2.webp,,[],,,[PREMIUM]
2b20f673-030f-4040-8b22-90e37bbac5e4,2026-04-24 22:18:00.468,2026-04-24 22:18:00.468,2b20f673-030f-4040-8b22-90e37bbac5e4,[PREMIUM],New,2025,Ford,Bronco Sport,Badlands,[PREMIUM],[PREMIUM],3,SUV,Desert Sand,Gray,4WD,,,Gasoline,,,dealership,[PREMIUM],High Point,NC,/vehicles/vehicle-type-3.webp,,[],,,[PREMIUM]
41b57702-bb07-43e7-8499-3a6f54e8f5b5,2026-04-24 22:18:00.456,2026-04-24 22:18:00.456,41b57702-bb07-43e7-8499-3a6f54e8f5b5,[PREMIUM],Used,2025,GMC,Acadia,AWD Elevation,[PREMIUM],[PREMIUM],5231,SUV,Summit White,Gideon Gray,All-wheel Drive,,,Gasoline,,,dealership,[PREMIUM],White Plains,NY,/vehicles/vehicle-type-7.webp,,[],,,[PREMIUM]
4f67afda-2340-4cd5-9ff8-162b7cdcd6bb,2026-04-24 22:17:50.260,2026-04-24 22:17:50.260,4f67afda-2340-4cd5-9ff8-162b7cdcd6bb,[PREMIUM],Used,2025,Toyota,RAV4,XLE,[PREMIUM],[PREMIUM],5697,SUV,Silver Sky Metallic,Black,All-wheel Drive,,,Gasoline,,,dealership,[PREMIUM],Naperville,IL,/vehicles/vehicle-type-4.webp,,[],,,[PREMIUM]
ab3fcc4b-1042-42a5-839a-7d08a890038d,2026-04-24 22:17:50.183,2026-04-24 22:17:50.183,ab3fcc4b-1042-42a5-839a-7d08a890038d,[PREMIUM],New,2025,Mazda,CX-5,2.5 S Premium Plus Package,[PREMIUM],[PREMIUM],5,SUV,Machine Gray Metallic,Black,All-wheel Drive,,,Gasoline,,,dealership,[PREMIUM],Wellesley,MA,/vehicles/vehicle-type-1.webp,,[],,,[PREMIUM]
0a1ef24c-ca27-4b53-ace4-b0a5fd169cc0,2026-04-24 22:17:50.175,2026-04-27 22:18:06.394,0a1ef24c-ca27-4b53-ace4-b0a5fd169cc0,[PREMIUM],Used,2025,Hyundai,TUCSON Hybrid,Limited,[PREMIUM],[PREMIUM],8410,SUV,Amazon Gray,Gray/Green 3-Tone,All-wheel Drive,,,Hybrid,,,dealership,[PREMIUM],Escondido,CA,/vehicles/vehicle-type-7.webp,,[],,,[PREMIUM]
6d88d543-fe85-4d94-878e-10a6240da46e,2026-04-24 22:17:50.111,2026-04-24 22:17:50.111,6d88d543-fe85-4d94-878e-10a6240da46e,[PREMIUM],Used,2025,Subaru,Outback,Touring XT,[PREMIUM],[PREMIUM],1647,SUV,Gray,Black,,,,,,,dealership,[PREMIUM],Tampa,FL,/vehicles/vehicle-type-5.webp,,[],,,[PREMIUM]
82c510a1-9d9f-4c35-b7ba-6ec7ff69ac93,2026-04-24 22:17:40.073,2026-04-24 22:17:40.073,82c510a1-9d9f-4c35-b7ba-6ec7ff69ac93,[PREMIUM],Used,2025,Honda,CR-V,EX-L,[PREMIUM],[PREMIUM],2844,SUV,White,BLACK,Four-wheel Drive,,,Gasoline,,,dealership,[PREMIUM],San Diego,CA,/vehicles/vehicle-type-4.webp,,[],,,[PREMIUM]
de8fc575-4277-469e-a69d-45bc37f83ed0,2026-04-24 22:17:39.860,2026-04-24 22:17:39.860,de8fc575-4277-469e-a69d-45bc37f83ed0,[PREMIUM],Used,2025,Hyundai,PALISADE,SEL,[PREMIUM],[PREMIUM],19238,SUV,White,BLACK,Four-wheel Drive,,,Gasoline,,,dealership,[PREMIUM],Green Brook Township,NJ,/vehicles/vehicle-type-3.webp,,[],,,[PREMIUM]
2c5f8083-ca0d-4a3c-b8b2-91f3ebb69f58,2026-04-24 22:17:39.805,2026-04-24 22:17:39.805,2c5f8083-ca0d-4a3c-b8b2-91f3ebb69f58,[PREMIUM],Used,2025,Subaru,WRX,Limited,[PREMIUM],[PREMIUM],15959,Sedan,WR Blue Pearl,Black,,,,,,,dealership,[PREMIUM],Hawthorne,CA,/vehicles/vehicle-type-6.webp,,[],,,[PREMIUM]
8b70ea84-f1e6-4787-8158-cfef192976c6,2026-04-24 22:17:39.797,2026-04-24 22:17:39.797,8b70ea84-f1e6-4787-8158-cfef192976c6,[PREMIUM],New,2026,Subaru,Forester,Premium,[PREMIUM],[PREMIUM],1,SUV,Autumn Green,Black,All-wheel Drive,,,Gasoline,,,dealership,[PREMIUM],White River Junction,VT,/vehicles/vehicle-type-7.webp,,[],,,[PREMIUM]
41cdfd57-87e0-489c-811f-6fa078a45117,2026-04-24 22:17:39.788,2026-04-24 22:17:39.788,41cdfd57-87e0-489c-811f-6fa078a45117,[PREMIUM],Used,2025,Subaru,Forester Hybrid,Sport Hybrid,[PREMIUM],[PREMIUM],4863,SUV,Crystal White Pearl,Gray,,,,,,,dealership,[PREMIUM],Old Bridge Township,NJ,/vehicles/vehicle-type-7.webp,,[],,,[PREMIUM]
ee8e72be-f725-40cc-94b5-cb50dbe64d63,2026-04-24 22:17:39.784,2026-04-24 22:17:39.784,ee8e72be-f725-40cc-94b5-cb50dbe64d63,[PREMIUM],Used,2025,Toyota,Camry,XSE,[PREMIUM],[PREMIUM],12456,Sedan,White,BLACK,4WD,,,Hybrid,,,dealership,[PREMIUM],Milwaukie,OR,/vehicles/vehicle-type-3.webp,,[],,,[PREMIUM]
6f7fc3d6-d82c-4259-85bd-25af11d47050,2026-04-24 22:17:39.771,2026-04-24 22:17:39.771,6f7fc3d6-d82c-4259-85bd-25af11d47050,[PREMIUM],Used,2025,Subaru,Outback,Touring XT,[PREMIUM],[PREMIUM],6953,SUV,Silver,BLACK,Four-wheel Drive,,,Gasoline,,,dealership,[PREMIUM],Houston,TX,/vehicles/vehicle-type-4.webp,,[],,,[PREMIUM]
ebe83cbc-5c57-495d-b1df-6f7de06b166f,2026-04-24 22:17:39.770,2026-04-30 22:17:58.749,ebe83cbc-5c57-495d-b1df-6f7de06b166f,[PREMIUM],Used,2025,Subaru,Outback,Touring,[PREMIUM],[PREMIUM],2717,SUV,White,BLACK,Four-wheel Drive,,,Gasoline,,,dealership,[PREMIUM],Memphis,TN,/vehicles/vehicle-type-6.webp,,[],,,[PREMIUM]
67ef58f6-8b54-419e-bc5f-64adcb9c8ed5,2026-04-24 22:17:39.757,2026-04-24 22:17:39.757,67ef58f6-8b54-419e-bc5f-64adcb9c8ed5,[PREMIUM],Used,2025,Subaru,Outback,Wilderness,[PREMIUM],[PREMIUM],10600,SUV,Blue,BLACK,Four-wheel Drive,,,Gasoline,,,dealership,[PREMIUM],Ocala,FL,/vehicles/vehicle-type-4.webp,,[],,,[PREMIUM]
bfa915f4-d973-4142-84ef-23b4d45a3b85,2026-04-24 22:17:39.748,2026-04-24 22:17:39.748,bfa915f4-d973-4142-84ef-23b4d45a3b85,[PREMIUM],Used,2025,Subaru,Forester,Touring,[PREMIUM],[PREMIUM],8443,SUV,White,Black,,,,,,,dealership,[PREMIUM],Orchard Park,NY,/vehicles/vehicle-type-3.webp,,[],,,[PREMIUM]
c2a832cb-ca75-4d14-8d57-8c97cf48eb9c,2026-04-24 22:17:39.740,2026-04-24 22:17:39.740,c2a832cb-ca75-4d14-8d57-8c97cf48eb9c,[PREMIUM],Used,2025,Subaru,Outback,Limited,[PREMIUM],[PREMIUM],3180,SUV,Ice Silver Metallic,Titanium Gray,,,,,,,dealership,[PREMIUM],Winchester,VA,/vehicles/vehicle-type-1.webp,,[],,,[PREMIUM]
f3312d47-08ea-48a8-aadf-91c13073eb3f,2026-04-24 22:17:39.725,2026-04-24 22:17:39.725,f3312d47-08ea-48a8-aadf-91c13073eb3f,[PREMIUM],Used,2025,Jeep,Wrangler,Sport,[PREMIUM],[PREMIUM],6935,SUV,Tan,BLACK,Four-wheel Drive,,,Gasoline,,,dealership,[PREMIUM],Murrieta,CA,/vehicles/vehicle-type-2.webp,,[],,,[PREMIUM]
1429e209-3e4d-46fc-a060-b90dcfc8a1e3,2026-04-24 22:17:39.712,2026-04-27 22:17:46.306,1429e209-3e4d-46fc-a060-b90dcfc8a1e3,[PREMIUM],Used,2025,BMW,430,I xDrive Gran Coupe,[PREMIUM],[PREMIUM],18213,Hatchback,Black,BLACK,Four-wheel Drive,,,Gasoline,,,dealership,[PREMIUM],Hoover,AL,/vehicles/vehicle-type-5.webp,,[],,,[PREMIUM]
5ce2f5ac-377a-4f62-87d7-235a650e0766,2026-04-24 22:17:29.405,2026-04-24 22:17:29.405,5ce2f5ac-377a-4f62-87d7-235a650e0766,[PREMIUM],New,2026,Subaru,Forester,Premium,[PREMIUM],[PREMIUM],1,SUV,Dark Mahogany Pearl,Black,All-wheel Drive,,,Gasoline,,,dealership,[PREMIUM],White River Junction,VT,/vehicles/vehicle-type-7.webp,,[],,,[PREMIUM]
cefe9f46-8ead-4841-a374-97be004cee78,2026-04-24 22:17:29.382,2026-04-27 22:17:46.359,cefe9f46-8ead-4841-a374-97be004cee78,[PREMIUM],New,2026,Toyota,RAV4,SE,[PREMIUM],[PREMIUM],0,SUV,Storm Cloud,Black,Front-wheel Drive,,,Gasoline,,,dealership,[PREMIUM],Albuquerque,NM,/vehicles/vehicle-type-3.webp,,[],,,[PREMIUM]
a92e024e-47ef-4d49-af9a-dd0e275403e5,2026-04-24 22:17:29.381,2026-04-24 22:17:29.381,a92e024e-47ef-4d49-af9a-dd0e275403e5,[PREMIUM],New,2026,Kia,Sportage,SX-Prestige,[PREMIUM],[PREMIUM],0,SUV,Wolf Gray,Black,Front-wheel Drive,,,Gasoline,,,dealership,[PREMIUM],Hollywood,FL,/vehicles/vehicle-type-6.webp,,[],,,[PREMIUM]
e1ea6310-c68a-41fd-a1a8-49bee4872047,2026-04-24 22:17:29.333,2026-04-24 22:17:29.333,e1ea6310-c68a-41fd-a1a8-49bee4872047,[PREMIUM],New,2026,Honda,Accord Hybrid,EX-L,[PREMIUM],[PREMIUM],2,Sedan,CANYON RIVER BLUE,Black,Front-wheel Drive,,,Hybrid,,,dealership,[PREMIUM],Greer,SC,/vehicles/vehicle-type-6.webp,,[],,,[PREMIUM]
6e730ec3-f4ac-43c4-a862-6207e9207d92,2026-04-24 22:17:29.300,2026-04-24 22:17:29.300,6e730ec3-f4ac-43c4-a862-6207e9207d92,[PREMIUM],New,2026,Subaru,Forester,Premium,[PREMIUM],[PREMIUM],1,SUV,River Rock Pearl,Black,All-wheel Drive,,,Gasoline,,,dealership,[PREMIUM],White River Junction,VT,/vehicles/vehicle-type-5.webp,,[],,,[PREMIUM]
574a63b2-ac6d-4402-b831-3237c19d9456,2026-04-24 22:17:19.313,2026-04-24 22:17:19.313,574a63b2-ac6d-4402-b831-3237c19d9456,[PREMIUM],New,2026,Chevrolet,Equinox,FWD RS,[PREMIUM],[PREMIUM],2,SUV,Radiant Red,Black w/Red Accents,Front-wheel Drive,,,Gasoline,,,dealership,[PREMIUM],North Branch,MN,/vehicles/vehicle-type-7.webp,,[],,,[PREMIUM]
a2c8024c-4373-44f0-a147-5edd8abc79be,2026-04-24 22:17:19.278,2026-04-24 22:17:19.278,a2c8024c-4373-44f0-a147-5edd8abc79be,[PREMIUM],New,2026,Ford,Bronco Sport,Big Bend,[PREMIUM],[PREMIUM],10,SUV,Space White Metallic,Truffle,4WD,,,Gasoline,,,dealership,[PREMIUM],High Point,NC,/vehicles/vehicle-type-5.webp,,[],,,[PREMIUM]
b1365bc6-4b64-474c-8850-a30e54668bbe,2026-04-24 22:17:19.240,2026-04-27 22:17:26.099,b1365bc6-4b64-474c-8850-a30e54668bbe,[PREMIUM],New,2026,Honda,CR-V,EX-L 2WD,[PREMIUM],[PREMIUM],1,SUV,Radiant Red Metallic,Gray,Front-wheel Drive,,,Gasoline,,,dealership,[PREMIUM],Union City,GA,/vehicles/vehicle-type-6.webp,,[],,,[PREMIUM]
1233bd00-71ae-42c5-b69b-de162dc87f78,2026-04-24 22:17:19.213,2026-04-24 22:17:19.213,1233bd00-71ae-42c5-b69b-de162dc87f78,[PREMIUM],New,2026,Ford,Ranger,XL,[PREMIUM],[PREMIUM],126,Truck,Oxford White,Ebony,4WD,,,Gasoline,,,dealership,[PREMIUM],High Point,NC,/vehicles/vehicle-type-7.webp,,[],,,[PREMIUM]
d87492ba-288d-4229-8968-bda34f55513f,2026-04-24 22:17:19.043,2026-04-24 22:17:19.043,d87492ba-288d-4229-8968-bda34f55513f,[PREMIUM],New,2026,Subaru,Outback,Premium,[PREMIUM],[PREMIUM],0,SUV,Deep Emerald Green Pearl,Titanium Gray,All-wheel Drive,,,Gasoline,,,dealership,[PREMIUM],Renfrew,PA,/vehicles/vehicle-type-6.webp,,[],,,[PREMIUM]
248bcf37-8c0c-4d37-8928-eae00b69ac2e,2026-04-24 22:17:19.001,2026-04-24 22:17:19.001,248bcf37-8c0c-4d37-8928-eae00b69ac2e,[PREMIUM],New,2026,Ford,Explorer,Active,[PREMIUM],[PREMIUM],10,SUV,Agate Black Metallic,Dark Space Gray,Rear-wheel Drive,,,Gasoline,,,dealership,[PREMIUM],High Point,NC,/vehicles/vehicle-type-5.webp,,[],,,[PREMIUM]
85cfa3da-c1ba-41df-806a-10c186f443ae,2026-04-24 22:17:18.980,2026-04-27 22:17:26.063,85cfa3da-c1ba-41df-806a-10c186f443ae,[PREMIUM],New,2026,Toyota,Prius Plug-In Hybrid,XSE,[PREMIUM],[PREMIUM],0,Hatchback,Midnight Black Metallic,Black/Red,Front-wheel Drive,,,Hybrid,,,dealership,[PREMIUM],Albuquerque,NM,/vehicles/vehicle-type-5.webp,,[],,,[PREMIUM]
b5498735-90fe-4bc2-82f1-39f665452d50,2026-04-24 22:17:18.958,2026-04-27 22:17:26.435,b5498735-90fe-4bc2-82f1-39f665452d50,[PREMIUM],New,2026,Toyota,RAV4,SE,[PREMIUM],[PREMIUM],0,SUV,Storm Cloud,Black,All-wheel Drive,,,Gasoline,,,dealership,[PREMIUM],Elmhurst,IL,/vehicles/vehicle-type-4.webp,,[],,,[PREMIUM]
5f16fe40-8697-484e-bed0-0a3060251d08,2026-04-24 22:17:18.949,2026-04-24 22:17:18.949,5f16fe40-8697-484e-bed0-0a3060251d08,[PREMIUM],New,2026,Nissan,Rogue,Rock Creek,[PREMIUM],[PREMIUM],5,SUV,Boulder Gray Pearl,Charcoal,All-wheel Drive,,,Gasoline,,,dealership,[PREMIUM],Bellingham,WA,/vehicles/vehicle-type-7.webp,,[],,,[PREMIUM]
296a1f58-2ac3-485d-99d9-c8ff8dd47ea5,2026-04-24 22:17:18.941,2026-04-24 22:17:18.941,296a1f58-2ac3-485d-99d9-c8ff8dd47ea5,[PREMIUM],New,2026,Kia,Sportage,X-Line,[PREMIUM],[PREMIUM],12,SUV,Shadow,Terracotta Syntex Premium,All-wheel Drive,,,Hybrid,,,dealership,[PREMIUM],Hollywood,FL,/vehicles/vehicle-type-2.webp,,[],,,[PREMIUM]
2f1d446c-0ed8-4e30-8bfe-fb7f50505dc9,2026-04-24 22:17:18.937,2026-04-24 22:17:18.937,2f1d446c-0ed8-4e30-8bfe-fb7f50505dc9,[PREMIUM],New,2026,Chevrolet,Equinox,1LT,[PREMIUM],[PREMIUM],2,SUV,Lakeshore Blue,Blk Clth,All-wheel Drive,,,Gasoline,,,dealership,[PREMIUM],North Branch,MN,/vehicles/vehicle-type-2.webp,,[],,,[PREMIUM]
69f902a9-8b76-4968-bec9-1524d67021b8,2026-04-24 22:17:18.936,2026-04-24 22:17:18.936,69f902a9-8b76-4968-bec9-1524d67021b8,[PREMIUM],New,2026,Toyota,Tacoma,SR,[PREMIUM],[PREMIUM],0,Truck,Gray,Black,Rear-wheel Drive,,,Gasoline,,,dealership,[PREMIUM],Temecula,CA,/vehicles/vehicle-type-5.webp,,[],,,[PREMIUM]
d8444288-650a-4f9b-a83f-79712570bfd3,2026-04-24 22:17:18.928,2026-04-24 22:17:18.928,d8444288-650a-4f9b-a83f-79712570bfd3,[PREMIUM],New,2026,Ford,Ranger,XLT,[PREMIUM],[PREMIUM],10,Truck,Desert Sand,Ebony,RWD,,,Gasoline,,,dealership,[PREMIUM],High Point,NC,/vehicles/vehicle-type-2.webp,,[],,,[PREMIUM]
7e734253-b061-4162-999d-240f31590d35,2026-04-24 22:17:18.922,2026-04-24 22:17:18.922,7e734253-b061-4162-999d-240f31590d35,[PREMIUM],New,2026,Subaru,Forester,Sport,[PREMIUM],[PREMIUM],0,SUV,River Rock Pearl,BLK STARTEX-TRMMED,All-wheel Drive,,,Gasoline,,,dealership,[PREMIUM],Duluth,MN,/vehicles/vehicle-type-1.webp,,[],,,[PREMIUM]
77570c6f-c1aa-4e64-8148-2ac5ec51df8d,2026-04-24 22:17:18.921,2026-04-24 22:17:18.921,77570c6f-c1aa-4e64-8148-2ac5ec51df8d,[PREMIUM],New,2026,Ford,Explorer,Active,[PREMIUM],[PREMIUM],1197,SUV,Vapor Blue Metallic,Dark Space Gray,Four-wheel Drive,,,Gasoline,,,dealership,[PREMIUM],High Point,NC,/vehicles/vehicle-type-2.webp,,[],,,[PREMIUM]
b1c647a6-28f7-442e-9c62-8cb4940635a8,2026-04-24 22:17:18.918,2026-04-27 22:17:26.124,b1c647a6-28f7-442e-9c62-8cb4940635a8,[PREMIUM],New,2026,Toyota,Camry,XLE,[PREMIUM],[PREMIUM],0,Sedan,Heavy Metal,Black SofTex &amp; Fabric,All-wheel Drive,,,Gasoline,,,dealership,[PREMIUM],White Hall,WV,/vehicles/vehicle-type-2.webp,,[],,,[PREMIUM]
94947b29-513f-42f5-8d83-6979cf755ec5,2026-04-24 22:17:18.911,2026-04-24 22:17:18.911,94947b29-513f-42f5-8d83-6979cf755ec5,[PREMIUM],New,2026,Nissan,Rogue,Rock Creek,[PREMIUM],[PREMIUM],4,SUV,Everest White Pearl Tricoat,Charcoal,All-wheel Drive,,,Gasoline,,,dealership,[PREMIUM],Bellingham,WA,/vehicles/vehicle-type-3.webp,,[],,,[PREMIUM]
23e70cf5-cd4f-4e74-ad57-5f6f0500a05d,2026-04-24 22:17:18.906,2026-04-24 22:17:18.906,23e70cf5-cd4f-4e74-ad57-5f6f0500a05d,[PREMIUM],New,2026,Nissan,Rogue,Rock Creek,[PREMIUM],[PREMIUM],3,SUV,Super Black,Charcoal,All-wheel Drive,,,Gasoline,,,dealership,[PREMIUM],Bellingham,WA,/vehicles/vehicle-type-7.webp,,[],,,[PREMIUM]
ce3ebe2d-7b37-467d-901d-95adcab20f89,2026-04-24 22:17:18.901,2026-04-24 22:17:18.901,ce3ebe2d-7b37-467d-901d-95adcab20f89,[PREMIUM],New,2026,Ford,Maverick,XLT,[PREMIUM],[PREMIUM],10,Truck,Shadow Black,Navy Pier,AWD,,,Gasoline,,,dealership,[PREMIUM],High Point,NC,/vehicles/vehicle-type-1.webp,,[],,,[PREMIUM]
ec4a5a6c-433d-4cf1-af79-068b54d97ffe,2026-04-24 22:17:18.865,2026-04-24 22:17:18.865,ec4a5a6c-433d-4cf1-af79-068b54d97ffe,[PREMIUM],New,2026,Subaru,BRZ,Limited,[PREMIUM],[PREMIUM],10,Coupe,Crystal White Pearl,Black/Red,Rear-wheel Drive,,,Gasoline,,,dealership,[PREMIUM],Topeka,KS,/vehicles/vehicle-type-6.webp,,[],,,[PREMIUM]
3670b9f0-e92e-4f7f-9888-a87b1872e276,2026-04-24 22:17:08.135,2026-04-24 22:17:08.135,3670b9f0-e92e-4f7f-9888-a87b1872e276,[PREMIUM],New,2026,Subaru,Crosstrek,Limited,[PREMIUM],[PREMIUM],5,SUV,Alpine Green Paint,Gray,All-wheel Drive,,,Gasoline,,,dealership,[PREMIUM],Port Richey,FL,/vehicles/vehicle-type-2.webp,,[],,,[PREMIUM]
c4f89d55-e1b6-484a-9f9f-2c114ece0cc8,2026-04-24 22:17:08.114,2026-04-27 22:17:15.755,c4f89d55-e1b6-484a-9f9f-2c114ece0cc8,[PREMIUM],New,2026,Chevrolet,Equinox,AWD RS,[PREMIUM],[PREMIUM],0,SUV,Radiant Red Tintcoat,Black w/Red Accents,All-wheel Drive,,,Gasoline,,,dealership,[PREMIUM],Somerset,PA,/vehicles/vehicle-type-3.webp,,[],,,[PREMIUM]
7fbb34d8-a2ce-4850-9628-0812eaf1cce8,2026-04-24 22:17:07.902,2026-04-27 22:17:15.709,7fbb34d8-a2ce-4850-9628-0812eaf1cce8,[PREMIUM],New,2026,Ford,Bronco Sport,Outer Banks,[PREMIUM],[PREMIUM],10,SUV,Azure Gray Metallic,Platinum,Four-wheel Drive,,,Gasoline,,,dealership,[PREMIUM],High Point,NC,/vehicles/vehicle-type-4.webp,,[],,,[PREMIUM]
21c506e1-5f6c-4f5b-8e7f-408f08415f5f,2026-04-24 22:17:07.885,2026-04-24 22:17:07.885,21c506e1-5f6c-4f5b-8e7f-408f08415f5f,[PREMIUM],New,2026,Honda,CR-V,EX-L,[PREMIUM],[PREMIUM],0,SUV,Crystal Black Pearl,Black,All-wheel Drive,,,Gasoline,,,dealership,[PREMIUM],Emmaus,PA,/vehicles/vehicle-type-3.webp,,[],,,[PREMIUM]
ae6f2257-15d1-45c2-8517-18ef3370c734,2026-04-24 22:17:07.871,2026-05-06 22:17:46.150,ae6f2257-15d1-45c2-8517-18ef3370c734,[PREMIUM],New,2026,Chevrolet,Equinox,AWD RS,[PREMIUM],[PREMIUM],0,SUV,Radiant Red Tintcoat,Black w/Red Accents,All-wheel Drive,,,Gasoline,,,dealership,[PREMIUM],Somerset,PA,/vehicles/vehicle-type-3.webp,,[],,,[PREMIUM]
e2f2db9b-1657-4f65-b83f-73331d0faf3f,2026-04-24 22:17:07.870,2026-04-24 22:17:07.870,e2f2db9b-1657-4f65-b83f-73331d0faf3f,[PREMIUM],New,2026,Buick,Encore GX,Avenir,[PREMIUM],[PREMIUM],6,SUV,White Frost Tricoat,Whisper Beige/Ebony Accen,All-wheel Drive,,,Gasoline,,,dealership,[PREMIUM],White Plains,NY,/vehicles/vehicle-type-6.webp,,[],,,[PREMIUM]
fcae87e9-0541-476d-9ff4-a80ebe937550,2026-04-24 22:17:07.867,2026-04-27 22:17:15.676,fcae87e9-0541-476d-9ff4-a80ebe937550,[PREMIUM],Used,2026,Honda,CR-V Hybrid,Trailsport,[PREMIUM],[PREMIUM],3268,SUV,Gray,BLACK,Four-wheel Drive,,,Hybrid,,,dealership,[PREMIUM],Norman,OK,/vehicles/vehicle-type-5.webp,,[],,,[PREMIUM]
79ecfc6e-9b08-407f-9ddf-c2e7fa091194,2026-04-24 22:17:07.863,2026-04-27 22:17:26.080,79ecfc6e-9b08-407f-9ddf-c2e7fa091194,[PREMIUM],New,2026,Kia,K5,GT,[PREMIUM],[PREMIUM],9,Sedan,Aurora Black,Black,Front-wheel Drive,,,Gasoline,,,dealership,[PREMIUM],Springfield,OH,/vehicles/vehicle-type-5.webp,,[],,,[PREMIUM]
a73f2e96-54ea-4aca-81bb-082f927e9241,2026-04-24 22:17:07.863,2026-04-24 22:17:07.863,a73f2e96-54ea-4aca-81bb-082f927e9241,[PREMIUM],New,2026,Kia,Sorento Hybrid,EX,[PREMIUM],[PREMIUM],5,SUV,Aurora Black,,Front-wheel Drive,,,Hybrid,,,dealership,[PREMIUM],Lawton,OK,/vehicles/vehicle-type-5.webp,,[],,,[PREMIUM]
aa180719-c376-4b22-a246-0ee48a69c161,2026-04-24 22:17:07.860,2026-04-27 22:17:26.035,aa180719-c376-4b22-a246-0ee48a69c161,[PREMIUM],New,2026,Nissan,Leaf,SV+,[PREMIUM],[PREMIUM],6,SUV,White / Black,,Front-wheel Drive,,,Electric,,,dealership,[PREMIUM],Poway,CA,/vehicles/vehicle-type-4.webp,,[],,,[PREMIUM]
f6a613b6-17ca-4ffd-8d70-77c1daa185be,2026-04-24 22:17:07.854,2026-04-27 22:17:15.737,f6a613b6-17ca-4ffd-8d70-77c1daa185be,[PREMIUM],New,2026,Mazda,CX-30,2.5 Turbo Aire Edition,[PREMIUM],[PREMIUM],0,SUV,Aero Gray Metallic,Black / Gray,AWD,,,Gasoline,,,dealership,[PREMIUM],Daytona Beach,FL,/vehicles/vehicle-type-1.webp,,[],,,[PREMIUM]
11817830-90c9-44fb-bc36-49f86a58221b,2026-04-24 22:17:07.820,2026-04-24 22:17:07.820,11817830-90c9-44fb-bc36-49f86a58221b,[PREMIUM],New,2026,Chevrolet,Equinox,1LT,[PREMIUM],[PREMIUM],5,SUV,Mosaic Black Metallic,Black,All-wheel Drive,,,Gasoline,,,dealership,[PREMIUM],Flint,MI,/vehicles/vehicle-type-5.webp,,[],,,[PREMIUM]
b9aaad86-2062-4bc4-a21a-717e177364a1,2026-04-24 22:17:07.818,2026-04-27 22:17:15.692,b9aaad86-2062-4bc4-a21a-717e177364a1,[PREMIUM],New,2026,Ford,Ranger,XL,[PREMIUM],[PREMIUM],10,Truck,Oxford White,Ebony,Four-wheel Drive,,,Gasoline,,,dealership,[PREMIUM],High Point,NC,/vehicles/vehicle-type-2.webp,,[],,,[PREMIUM]
53008a62-aa2b-46e1-b50f-96c07228cc77,2026-04-24 22:17:07.812,2026-04-27 22:17:26.049,53008a62-aa2b-46e1-b50f-96c07228cc77,[PREMIUM],New,2026,Kia,Carnival,LXS,[PREMIUM],[PREMIUM],5,Passenger Van,Aurora Black,,Front-wheel Drive,,,Gasoline,,,dealership,[PREMIUM],Lawton,OK,/vehicles/vehicle-type-4.webp,,[],,,[PREMIUM]
141594b9-efd1-4189-b770-cdeaedfdcd63,2026-04-24 22:17:07.808,2026-05-06 22:17:56.375,141594b9-efd1-4189-b770-cdeaedfdcd63,[PREMIUM],New,2026,Chevrolet,Equinox,1LT,[PREMIUM],[PREMIUM],5305,SUV,Sterling Gray Metallic,Black,All-wheel Drive,,,Gasoline,,,dealership,[PREMIUM],North Branch,MN,/vehicles/vehicle-type-4.webp,,[],,,[PREMIUM]
1ea786c4-87b3-4f36-8cd4-1e2d4a97a188,2026-04-24 22:17:07.804,2026-04-24 22:17:07.804,1ea786c4-87b3-4f36-8cd4-1e2d4a97a188,[PREMIUM],New,2026,Toyota,Corolla Cross,XLE,[PREMIUM],[PREMIUM],5,SUV,Soul Red Crystal,Black,All-wheel Drive,,,Gasoline,,,dealership,[PREMIUM],Columbus,NE,/vehicles/vehicle-type-2.webp,,[],,,[PREMIUM]
5083bdd5-4779-4d94-a659-6b7893ccafd0,2026-04-24 22:17:07.802,2026-04-24 22:17:07.802,5083bdd5-4779-4d94-a659-6b7893ccafd0,[PREMIUM],New,2026,Nissan,Pathfinder,SV,[PREMIUM],[PREMIUM],7,SUV,Gun Metallic,Charcoal,Front-wheel Drive,,,Gasoline,,,dealership,[PREMIUM],Poway,CA,/vehicles/vehicle-type-5.webp,,[],,,[PREMIUM]
5c61a19f-d81e-4648-9e2e-5f020b3765f0,2026-04-24 22:17:07.800,2026-04-24 22:17:07.800,5c61a19f-d81e-4648-9e2e-5f020b3765f0,[PREMIUM],New,2026,Mazda,CX-90,3.3 Turbo Select,[PREMIUM],[PREMIUM],72,SUV,Jet Black Mica,Black,All-wheel Drive,,,Gasoline,,,dealership,[PREMIUM],Orlando,FL,/vehicles/vehicle-type-2.webp,,[],,,[PREMIUM]
cd2deda8-0be1-4c51-ae31-40a83561aaa8,2026-04-24 22:17:07.796,2026-04-24 22:17:07.796,cd2deda8-0be1-4c51-ae31-40a83561aaa8,[PREMIUM],New,2026,GMC,Terrain,AWD Elevation,[PREMIUM],[PREMIUM],7,SUV,Riverstone Metallic,After Dark,All-wheel Drive,,,Gasoline,,,dealership,[PREMIUM],White Plains,NY,/vehicles/vehicle-type-6.webp,,[],,,[PREMIUM]
87ce2264-02ad-4aef-8765-da618672a9fc,2026-04-24 22:17:07.792,2026-04-24 22:17:07.792,87ce2264-02ad-4aef-8765-da618672a9fc,[PREMIUM],New,2026,Mazda,CX-5,2.5 S Preferred Package,[PREMIUM],[PREMIUM],4,SUV,Jet Black Mica,Black,All-wheel Drive,,,Gasoline,,,dealership,[PREMIUM],Farmington Hills,MI,/vehicles/vehicle-type-2.webp,,[],,,[PREMIUM]
4bb03dbf-5ca9-48d2-b672-b8afcbef7fe1,2026-04-24 22:17:07.788,2026-04-24 22:17:07.788,4bb03dbf-5ca9-48d2-b672-b8afcbef7fe1,[PREMIUM],New,2026,Toyota,Tacoma,SR5,[PREMIUM],[PREMIUM],0,Truck,White,Black,RWD,,,Gasoline,,,dealership,[PREMIUM],Miami,FL,/vehicles/vehicle-type-2.webp,,[],,,[PREMIUM]
67df48c1-f92e-4700-a068-ee2c2d3d9eb1,2026-04-24 22:17:07.772,2026-04-24 22:17:07.772,67df48c1-f92e-4700-a068-ee2c2d3d9eb1,[PREMIUM],New,2026,Toyota,RAV4,XLE Premium,[PREMIUM],[PREMIUM],0,SUV,Blue,Beige,Front-wheel Drive,,,Gasoline,,,dealership,[PREMIUM],Miami,FL,/vehicles/vehicle-type-4.webp,,[],,,[PREMIUM]
7e6b158d-6d09-49f8-8e6e-c64a1b8636a9,2026-04-24 22:17:07.766,2026-04-24 22:17:07.766,7e6b158d-6d09-49f8-8e6e-c64a1b8636a9,[PREMIUM],New,2026,Mitsubishi,Outlander,TRAIL EDITION S-AWC,[PREMIUM],[PREMIUM],10,SUV,Moonstone Gray Metallic W/ Black Roof,Black,All Wheel Drive,,,Regular unleaded,,,dealership,[PREMIUM],Winter Park,FL,/vehicles/vehicle-type-7.webp,,[],,,[PREMIUM]
f6e9e4b8-ed1a-45cb-9558-8a279b097ad8,2026-04-24 22:17:07.763,2026-04-24 22:17:07.763,f6e9e4b8-ed1a-45cb-9558-8a279b097ad8,[PREMIUM],New,2026,Lincoln,Corsair,Premiere,[PREMIUM],[PREMIUM],7,SUV,Black Metallic,Truffle,Front-wheel Drive,,,Gasoline,,,dealership,[PREMIUM],Doral,FL,/vehicles/vehicle-type-6.webp,,[],,,[PREMIUM]
b0992d1e-1696-42c8-89c2-d2b87b7d115f,2026-04-24 22:16:57.143,2026-04-27 22:17:05.260,b0992d1e-1696-42c8-89c2-d2b87b7d115f,[PREMIUM],New,2026,Chevrolet,Equinox,1LT,[PREMIUM],[PREMIUM],415,SUV,Sterling Gray Metallic,Black,All-wheel Drive,,,Gasoline,,,dealership,[PREMIUM],Somerset,PA,/vehicles/vehicle-type-2.webp,,[],,,[PREMIUM]
4513f0c5-cbe9-4edc-95cb-6b39272971d9,2026-04-24 22:16:56.892,2026-04-24 22:16:56.892,4513f0c5-cbe9-4edc-95cb-6b39272971d9,[PREMIUM],New,2026,Chevrolet,Equinox,1LT,[PREMIUM],[PREMIUM],0,SUV,Sterling Gray Metallic,Artemis Gray,All-wheel Drive,,,Gasoline,,,dealership,[PREMIUM],Somerset,PA,/vehicles/vehicle-type-4.webp,,[],,,[PREMIUM]
87c752cf-024c-48f1-a243-39d5b3209db7,2026-04-24 22:16:56.722,2026-04-27 22:17:05.254,87c752cf-024c-48f1-a243-39d5b3209db7,[PREMIUM],New,2026,Toyota,Camry,SE,[PREMIUM],[PREMIUM],5,Sedan,Underground,Black,All-wheel Drive,,,Gasoline,,,dealership,[PREMIUM],San Marcos,TX,/vehicles/vehicle-type-2.webp,,[],,,[PREMIUM]
fb48493a-c1b9-4ee1-a9cd-1dcedfb049dc,2026-04-24 22:16:56.686,2026-04-27 22:17:15.700,fb48493a-c1b9-4ee1-a9cd-1dcedfb049dc,[PREMIUM],New,2026,Chevrolet,Equinox,LT,[PREMIUM],[PREMIUM],10,SUV,Sterling Gray Metallic,Gray,All-wheel Drive,,,Gasoline,,,dealership,[PREMIUM],Palatine,IL,/vehicles/vehicle-type-6.webp,,[],,,[PREMIUM]
948a9fe4-de00-44d5-b08a-f7cbe4ac833b,2026-04-24 22:16:56.677,2026-04-24 22:16:56.677,948a9fe4-de00-44d5-b08a-f7cbe4ac833b,[PREMIUM],New,2026,Toyota,Camry,XSE,[PREMIUM],[PREMIUM],0,Sedan,Heavy Metal w/Midnight Black Metallic Roof,Cockpit Red,Front-wheel Drive,,,Gasoline,,,dealership,[PREMIUM],Suitland,MD,/vehicles/vehicle-type-3.webp,,[],,,[PREMIUM]
9927cca9-aa53-4ae3-835e-61a969eae22f,2026-04-24 22:16:56.611,2026-04-27 22:17:05.597,9927cca9-aa53-4ae3-835e-61a969eae22f,[PREMIUM],New,2026,Mitsubishi,Outlander,SE 1.5T S-AWC,[PREMIUM],[PREMIUM],20,SUV,White Diamond,Black,All-wheel Drive,,,Gasoline,,,dealership,[PREMIUM],Winter Park,FL,/vehicles/vehicle-type-5.webp,,[],,,[PREMIUM]
94abddf4-0bc2-4b98-b745-1b8d1997f9a4,2026-04-24 22:16:56.602,2026-04-27 22:17:05.297,94abddf4-0bc2-4b98-b745-1b8d1997f9a4,[PREMIUM],New,2026,Mitsubishi,Outlander,SEL 1.5T 2WD,[PREMIUM],[PREMIUM],10,SUV,Red Diamond,Black,Front-wheel Drive,,,Gasoline,,,dealership,[PREMIUM],Winter Park,FL,/vehicles/vehicle-type-7.webp,,[],,,[PREMIUM]
e8270168-02a0-4c30-9f7d-acba87f3b310,2026-04-24 22:16:16.910,2026-04-24 22:16:16.910,e8270168-02a0-4c30-9f7d-acba87f3b310,[PREMIUM],Used,2007,Hummer,H2,SUT,[PREMIUM],[PREMIUM],51800,SUV,Pewter Metallic,Ebony,Four-wheel Drive,,,Gasoline,,,dealership,[PREMIUM],Fenton,MI,/vehicles/vehicle-type-6.webp,,[],,,[PREMIUM]
2a576848-14b5-4cbd-b892-00cf9951a82f,2026-04-24 22:15:46.234,2026-04-24 22:15:46.234,2a576848-14b5-4cbd-b892-00cf9951a82f,[PREMIUM],Used,2013,Mercedes-Benz,SL-Class,,[PREMIUM],[PREMIUM],49818,Convertible,Lunar Blue Metallic,Black,Rear-wheel Drive,,,Gasoline,,,dealership,[PREMIUM],Kearny,NJ,/vehicles/vehicle-type-4.webp,,[],,,[PREMIUM]
f3f1f797-8398-422c-8dea-c61584e4c137,2026-04-24 22:15:26.071,2026-04-27 22:15:35.116,f3f1f797-8398-422c-8dea-c61584e4c137,[PREMIUM],Used,2015,Ford,Mustang,GT,[PREMIUM],[PREMIUM],19345,Coupe,Race Red,Ebony,Rear-wheel Drive,,,Gasoline,,,dealership,[PREMIUM],Green Bay,WI,/vehicles/vehicle-type-3.webp,,[],,,[PREMIUM]
f119fb68-53dc-4284-8a54-a57db9a47723,2026-04-24 22:15:26.051,2026-04-24 22:15:26.051,f119fb68-53dc-4284-8a54-a57db9a47723,[PREMIUM],Used,2015,Chevrolet,Tahoe,LT,[PREMIUM],[PREMIUM],21585,SUV,Brown,TAN,Rear-wheel Drive,,,E85 Flex Fuel,,,dealership,[PREMIUM],Gainesville,FL,/vehicles/vehicle-type-3.webp,,[],,,[PREMIUM]
8a33fc7b-0f94-4bc7-9e75-ef954bd3529d,2026-04-24 22:14:55.810,2026-04-24 22:14:55.810,8a33fc7b-0f94-4bc7-9e75-ef954bd3529d,[PREMIUM],Used,2017,GMC,Sierra 1500,SLT,[PREMIUM],[PREMIUM],79588,Truck,Quicksilver Metallic,Jet Black,Four-wheel Drive,,,Gasoline,,,dealership,[PREMIUM],McKinney,TX,/vehicles/vehicle-type-6.webp,,[],,,[PREMIUM]
994f2954-14d9-4dbf-a930-d8af5b166d7d,2026-04-24 22:14:55.809,2026-05-03 22:15:29.583,994f2954-14d9-4dbf-a930-d8af5b166d7d,[PREMIUM],Used,2017,Chevrolet,Silverado 1500,LTZ,[PREMIUM],[PREMIUM],79968,Truck,BLACK,BLACK,Four-wheel Drive,,,Gasoline,,,dealership,[PREMIUM],Thousand Oaks,CA,/vehicles/vehicle-type-6.webp,,[],,,[PREMIUM]
71c58826-b522-48ea-a15a-f173b1458285,2026-04-24 22:14:45.617,2026-04-24 22:14:45.617,71c58826-b522-48ea-a15a-f173b1458285,[PREMIUM],Used,2018,Lexus,GX 460,Premium,[PREMIUM],[PREMIUM],75763,SUV,White,TAN,Four-wheel Drive,,,Gasoline,,,dealership,[PREMIUM],Murfreesboro,TN,/vehicles/vehicle-type-2.webp,,[],,,[PREMIUM]
65b372dc-1296-4194-a302-9aa55779ecaf,2026-04-24 22:14:35.487,2026-04-24 22:14:35.487,65b372dc-1296-4194-a302-9aa55779ecaf,[PREMIUM],Used,2019,Dodge,Challenger,R/T Scat Pack,[PREMIUM],[PREMIUM],39057,Coupe,Burgundy,BLACK,Rear-wheel Drive,,,Gasoline,,,dealership,[PREMIUM],Laurel,MD,/vehicles/vehicle-type-5.webp,,[],,,[PREMIUM]
f36b9b6b-2679-4988-aebf-cf57a72eec9a,2026-04-24 22:14:35.452,2026-04-24 22:14:35.452,f36b9b6b-2679-4988-aebf-cf57a72eec9a,[PREMIUM],Used,2019,Chevrolet,Camaro,2SS,[PREMIUM],[PREMIUM],84349,Coupe,Red,GRAY,Rear-wheel Drive,,,Gasoline,,,dealership,[PREMIUM],Fort Myers,FL,/vehicles/vehicle-type-5.webp,,[],,,[PREMIUM]
98d7dda1-66ab-4a43-af22-df6d4697d244,2026-04-24 22:14:35.421,2026-04-24 22:14:35.421,98d7dda1-66ab-4a43-af22-df6d4697d244,[PREMIUM],Used,2019,Mercedes-Benz,E-Class,,[PREMIUM],[PREMIUM],58412,Convertible,White,BROWN,Rear-wheel Drive,,,Gasoline,,,dealership,[PREMIUM],Escondido,CA,/vehicles/vehicle-type-6.webp,,[],,,[PREMIUM]
0ef91a29-1710-49ac-8864-07e23b1064d1,2026-04-24 22:14:35.416,2026-04-24 22:14:35.416,0ef91a29-1710-49ac-8864-07e23b1064d1,[PREMIUM],Used,2019,Volkswagen,Beetle,SE,[PREMIUM],[PREMIUM],21736,Convertible,Tan,TAN,Rear-wheel Drive,,,Gasoline,,,dealership,[PREMIUM],Henderson,NV,/vehicles/vehicle-type-7.webp,,[],,,[PREMIUM]
b09ad8cf-8c1d-4357-a0f1-f4d5a37ffc81,2026-04-24 22:14:35.413,2026-04-24 22:14:35.413,b09ad8cf-8c1d-4357-a0f1-f4d5a37ffc81,[PREMIUM],Used,2019,Ford,F-250,,[PREMIUM],[PREMIUM],178837,Truck,Silver,Camelback,Four-wheel Drive,,,Diesel,,,dealership,[PREMIUM],Dallas,TX,/vehicles/vehicle-type-5.webp,,[],,,[PREMIUM]
5e22f3d0-2f19-4586-a000-9cb62ca8cd2f,2026-04-24 22:14:35.403,2026-04-24 22:14:35.403,5e22f3d0-2f19-4586-a000-9cb62ca8cd2f,[PREMIUM],Used,2019,Ford,F-350,Lariat,[PREMIUM],[PREMIUM],209779,Truck,Gray,Black,Four-wheel Drive,,,Diesel,,,dealership,[PREMIUM],Dallas,TX,/vehicles/vehicle-type-3.webp,,[],,,[PREMIUM]
652cb9e2-71ad-4e91-94e0-690a7e3ce0f8,2026-04-24 22:14:35.380,2026-04-30 22:15:07.804,652cb9e2-71ad-4e91-94e0-690a7e3ce0f8,[PREMIUM],Used,2019,Toyota,4Runner,SR5 Premium,[PREMIUM],[PREMIUM],73963,SUV,Nautical Blue Metallic,Sand Beige,Four-wheel Drive,,,Gasoline,,,dealership,[PREMIUM],Knoxville,TN,/vehicles/vehicle-type-7.webp,,[],,,[PREMIUM]
0c735fe7-9f94-4387-b534-88c66938061b,2026-04-24 22:14:35.369,2026-04-24 22:14:35.369,0c735fe7-9f94-4387-b534-88c66938061b,[PREMIUM],Used,2019,Toyota,Avalon,Limited,[PREMIUM],[PREMIUM],35226,Sedan,Celestial Silver Metallic,Graphite,FWD,,,Gasoline,,,dealership,[PREMIUM],Pittsville,MD,/vehicles/vehicle-type-4.webp,,[],,,[PREMIUM]
4d49f98a-ed1a-4d73-8d5c-a42b6f68e54a,2026-04-24 22:14:35.361,2026-04-24 22:14:35.361,4d49f98a-ed1a-4d73-8d5c-a42b6f68e54a,[PREMIUM],Used,2018,Ford,F-150,King Ranch,[PREMIUM],[PREMIUM],92896,Truck,Beige,Brown,Four-wheel Drive,,,Gasoline,,,private,[PREMIUM],,,/vehicles/vehicle-type-5.webp,,[],,,[PREMIUM]
c0c4d37b-0e3f-49f1-9f7a-13f8a158792f,2026-04-24 22:14:35.349,2026-04-30 22:14:57.703,c0c4d37b-0e3f-49f1-9f7a-13f8a158792f,[PREMIUM],Used,2019,BMW,540,i xDrive,[PREMIUM],[PREMIUM],33205,Sedan,Blue,Cognac,All-wheel Drive,,,Gasoline,,,dealership,[PREMIUM],Elmont,NY,/vehicles/vehicle-type-4.webp,,[],,,[PREMIUM]
fd27a378-6926-4f4f-8762-6371b23cf875,2026-04-24 22:14:35.342,2026-04-24 22:14:35.342,fd27a378-6926-4f4f-8762-6371b23cf875,[PREMIUM],Used,2019,RAM,3500,Tradesman Crew Cab 4x4 8&#39; Box,[PREMIUM],[PREMIUM],158170,Truck,Bright White Clearcoat,Black,Four-wheel Drive,,,Diesel,,,dealership,[PREMIUM],Dallas,TX,/vehicles/vehicle-type-4.webp,,[],,,[PREMIUM]
d49fb164-ce59-413d-ae29-d2d844febfd5,2026-04-24 22:14:25.157,2026-04-24 22:14:25.157,d49fb164-ce59-413d-ae29-d2d844febfd5,[PREMIUM],Used,2020,RAM,3500,Big Horn Crew Cab 4x4 8&#39; Box,[PREMIUM],[PREMIUM],164352,Truck,Bright White Clearcoat,Diesel Gray/Black,Four-wheel Drive,,,Diesel,,,dealership,[PREMIUM],Dallas,TX,/vehicles/vehicle-type-5.webp,,[],,,[PREMIUM]
a4689944-4e23-4af0-a8a1-bb65523e4b60,2026-04-24 22:14:24.994,2026-04-24 22:14:24.994,a4689944-4e23-4af0-a8a1-bb65523e4b60,[PREMIUM],Used,2020,RAM,1500,Rebel,[PREMIUM],[PREMIUM],109472,Truck,Granite Crystal Metallic Clearcoat,Black,Four-wheel Drive,,,Gasoline,,,dealership,[PREMIUM],Gilbert,AZ,/vehicles/vehicle-type-6.webp,,[],,,[PREMIUM]
82abf9be-1e6f-4d91-a227-dc719f2d6ddc,2026-04-24 22:14:24.993,2026-04-24 22:14:24.993,82abf9be-1e6f-4d91-a227-dc719f2d6ddc,[PREMIUM],Used,2020,Lincoln,Aviator,Reserve AWD,[PREMIUM],[PREMIUM],52155,SUV,INFINITE BLACK METALLIC,ROAST LEATHER SEATS,All-wheel Drive,,,Gasoline,,,dealership,[PREMIUM],Neenah,WI,/vehicles/vehicle-type-6.webp,,[],,,[PREMIUM]
6b82ec33-835a-4e0f-b1ca-89fb3a5bc80b,2026-04-24 22:14:24.981,2026-04-24 22:14:24.981,6b82ec33-835a-4e0f-b1ca-89fb3a5bc80b,[PREMIUM],Used,2020,GMC,Sierra 1500,AT4,[PREMIUM],[PREMIUM],110798,Truck,Satin Steel Metallic,Jet Black w/Kalahari Accents,Four-wheel Drive,,,Gasoline,,,dealership,[PREMIUM],Annapolis,MD,/vehicles/vehicle-type-6.webp,,[],,,[PREMIUM]
54e80098-c039-4ee0-8210-16d933bed053,2026-04-24 22:14:24.952,2026-04-24 22:14:24.952,54e80098-c039-4ee0-8210-16d933bed053,[PREMIUM],Used,2019,Lexus,ES 350,F-Sport,[PREMIUM],[PREMIUM],42935,Sedan,White,TAN,2WD,,,Gas,,,dealership,[PREMIUM],Murrieta,CA,/vehicles/vehicle-type-1.webp,,[],,,[PREMIUM]
cf19c7c1-ad5e-42d5-bc5a-62fad1e742cc,2026-04-24 22:14:24.871,2026-04-24 22:14:24.871,cf19c7c1-ad5e-42d5-bc5a-62fad1e742cc,[PREMIUM],Used,2020,RAM,3500,Big Horn Crew Cab 4x4 8&#39; Box,[PREMIUM],[PREMIUM],170134,Truck,Bright White Clearcoat,Diesel Gray/Black,Four-wheel Drive,,,Diesel,,,dealership,[PREMIUM],Dallas,TX,/vehicles/vehicle-type-5.webp,,[],,,[PREMIUM]
c428235c-f950-43a9-8d92-43997a267420,2026-04-24 22:14:24.869,2026-04-24 22:14:24.869,c428235c-f950-43a9-8d92-43997a267420,[PREMIUM],Used,2020,Toyota,Tacoma,SR,[PREMIUM],[PREMIUM],35882,Truck,Gray,BLACK,Four-wheel Drive,,,Gasoline,,,dealership,[PREMIUM],Frederick,MD,/vehicles/vehicle-type-2.webp,,[],,,[PREMIUM]
fc7d43cf-a201-4c2a-a9d2-3e10afbeb2e1,2026-04-24 22:14:24.849,2026-04-24 22:14:24.849,fc7d43cf-a201-4c2a-a9d2-3e10afbeb2e1,[PREMIUM],Used,2019,Audi,A6,Premium Plus,[PREMIUM],[PREMIUM],32908,Sedan,Red,BLACK,Four-wheel Drive,,,Gasoline,,,dealership,[PREMIUM],Hoover,AL,/vehicles/vehicle-type-6.webp,,[],,,[PREMIUM]
711f7462-2c7e-424b-acb0-f6c571fb1932,2026-04-24 22:14:24.833,2026-04-24 22:14:24.833,711f7462-2c7e-424b-acb0-f6c571fb1932,[PREMIUM],Used,2020,BMW,750,i xDrive,[PREMIUM],[PREMIUM],87117,Sedan,Bemina Grey Amber Effect,Mocha,All-wheel Drive,,,Gasoline,,,dealership,[PREMIUM],Pompano Beach,FL,/vehicles/vehicle-type-5.webp,,[],,,[PREMIUM]
bf473361-ddae-4360-8361-30dc020a4f5b,2026-04-24 22:14:14.601,2026-04-24 22:14:14.601,bf473361-ddae-4360-8361-30dc020a4f5b,[PREMIUM],Used,2020,Toyota,4Runner,SR5 Premium,[PREMIUM],[PREMIUM],72341,SUV,Gray,BLACK,Four-wheel Drive,,,Gasoline,,,dealership,[PREMIUM],Federal Heights,CO,/vehicles/vehicle-type-7.webp,,[],,,[PREMIUM]
692d808e-3413-4fd8-891c-02826d92f5e9,2026-04-24 22:14:14.575,2026-04-24 22:14:14.575,692d808e-3413-4fd8-891c-02826d92f5e9,[PREMIUM],Used,2020,GMC,Sierra 1500,SLE,[PREMIUM],[PREMIUM],87428,Truck,Black,BLACK,Rear-wheel Drive,,,Gasoline,,,dealership,[PREMIUM],Memphis,TN,/vehicles/vehicle-type-4.webp,,[],,,[PREMIUM]
ac741ff3-e3b5-4855-a520-3faf48607c2a,2026-04-24 22:14:14.489,2026-04-30 22:14:37.390,ac741ff3-e3b5-4855-a520-3faf48607c2a,[PREMIUM],Used,2020,Acura,RDX,SH-AWD Advance,[PREMIUM],[PREMIUM],55324,SUV,White,BROWN,Four-wheel Drive,,,Gasoline,,,dealership,[PREMIUM],Puyallup,WA,/vehicles/vehicle-type-6.webp,,[],,,[PREMIUM]
acbdf5a1-9afe-4777-ac3b-9c38ab145254,2026-04-24 22:14:14.487,2026-04-24 22:14:14.487,acbdf5a1-9afe-4777-ac3b-9c38ab145254,[PREMIUM],Used,2020,RAM,2500,Tradesman Crew Cab 4x4 6&#39;4&#39; Box,[PREMIUM],[PREMIUM],55997,Truck,Bright White Clearcoat,Black,Four-wheel Drive,,,Gasoline,,,dealership,[PREMIUM],Waite Park,MN,/vehicles/vehicle-type-6.webp,,[],,,[PREMIUM]
cc25581f-2773-49af-8663-07d1e913ce6b,2026-04-24 22:14:04.287,2026-04-27 22:14:14.588,cc25581f-2773-49af-8663-07d1e913ce6b,[PREMIUM],Used,2020,Ford,F-150,XLT,[PREMIUM],[PREMIUM],47636,Truck,Blue,GRAY,Four-wheel Drive,,,Gasoline,,,dealership,[PREMIUM],Melbourne,FL,/vehicles/vehicle-type-4.webp,,[],,,[PREMIUM]
d95ea1a0-55b5-42b6-9b9c-d76209cb67be,2026-04-24 22:14:04.255,2026-04-24 22:14:04.255,d95ea1a0-55b5-42b6-9b9c-d76209cb67be,[PREMIUM],Used,2020,Jeep,Wrangler,Unlimited Rubicon,[PREMIUM],[PREMIUM],62989,SUV,White,BROWN,Four-wheel Drive,,,Gasoline,,,dealership,[PREMIUM],Chattanooga,TN,/vehicles/vehicle-type-3.webp,,[],,,[PREMIUM]
d0ec26e0-08b7-4c2b-8288-0096b06d15c5,2026-04-24 22:14:04.245,2026-04-30 22:14:27.416,d0ec26e0-08b7-4c2b-8288-0096b06d15c5,[PREMIUM],Used,2020,Lexus,RX 450h,L,[PREMIUM],[PREMIUM],98799,SUV,Silver,CREAM,Four-wheel Drive,,,Hybrid,,,dealership,[PREMIUM],Duarte,CA,/vehicles/vehicle-type-5.webp,,[],,,[PREMIUM]
04293190-29d0-457e-bb9e-26245107fbc4,2026-04-24 22:12:54.120,2026-04-30 22:13:16.397,04293190-29d0-457e-bb9e-26245107fbc4,[PREMIUM],Used,2021,BMW,X5,sDrive40i,[PREMIUM],[PREMIUM],42141,SUV,Blue,Ivory White,Rear-wheel Drive,,,Gasoline,,,dealership,[PREMIUM],Houston,TX,/vehicles/vehicle-type-5.webp,,[],,,[PREMIUM]
d88a29b4-d0bd-410b-ab17-e87e58373c57,2026-04-24 22:12:54.040,2026-04-24 22:12:54.040,d88a29b4-d0bd-410b-ab17-e87e58373c57,[PREMIUM],Used,2021,Toyota,Sienna,XSE 7 Passenger,[PREMIUM],[PREMIUM],126244,Passenger Van,Midnight Black Metallic,Moonstone,Front-wheel Drive,,,Gasoline,,,dealership,[PREMIUM],Oakland,CA,/vehicles/vehicle-type-1.webp,,[],,,[PREMIUM]
94fbf4ca-f1e4-486f-9fc0-091a13ba4aa1,2026-04-24 22:12:33.906,2026-04-24 22:12:33.906,94fbf4ca-f1e4-486f-9fc0-091a13ba4aa1,[PREMIUM],Used,2021,Dodge,Charger,R/T,[PREMIUM],[PREMIUM],53800,Sedan,Black,BLACK,Rear-wheel Drive,,,Gasoline,,,dealership,[PREMIUM],Greensboro,NC,/vehicles/vehicle-type-7.webp,,[],,,[PREMIUM]
d09ff6e0-7b2a-4bf0-806c-7308d4115580,2026-04-24 22:12:33.870,2026-04-24 22:12:33.870,d09ff6e0-7b2a-4bf0-806c-7308d4115580,[PREMIUM],Used,2021,Chevrolet,Silverado 1500,LT,[PREMIUM],[PREMIUM],56664,Truck,White,GRAY,Four-wheel Drive,,,Gasoline,,,dealership,[PREMIUM],Houston,TX,/vehicles/vehicle-type-5.webp,,[],,,[PREMIUM]
90e7cd79-7f21-4349-9bab-0c02557994b9,2026-04-24 22:12:33.841,2026-04-24 22:12:33.841,90e7cd79-7f21-4349-9bab-0c02557994b9,[PREMIUM],Used,2021,Mercedes-Benz,AMG A 35,,[PREMIUM],[PREMIUM],38023,Sedan,Black,BLACK,Four-wheel Drive,,,Gasoline,,,dealership,[PREMIUM],Smithtown,NY,/vehicles/vehicle-type-4.webp,,[],,,[PREMIUM]
9fe63643-d862-4239-b900-63a75ce916ce,2026-04-24 22:12:33.830,2026-04-24 22:12:33.830,9fe63643-d862-4239-b900-63a75ce916ce,[PREMIUM],Used,2021,Genesis,G80,,[PREMIUM],[PREMIUM],26475,Sedan,Black,BLACK,Four-wheel Drive,,,Gasoline,,,dealership,[PREMIUM],Hillside,IL,/vehicles/vehicle-type-5.webp,,[],,,[PREMIUM]
a0d6d2e9-841a-4b01-a601-30b45a20c302,2026-04-24 22:12:13.519,2026-05-06 22:13:23.953,a0d6d2e9-841a-4b01-a601-30b45a20c302,[PREMIUM],Used,2022,Nissan,Titan,SV,[PREMIUM],[PREMIUM],29102,Truck,Gun Metallic,Black,Four-wheel Drive,,,Gasoline,,,dealership,[PREMIUM],High Point,NC,/vehicles/vehicle-type-2.webp,,[],,,[PREMIUM]
fd25f71d-fe1d-4d25-be4a-4c266890f7d5,2026-04-24 22:12:13.446,2026-04-24 22:12:13.446,fd25f71d-fe1d-4d25-be4a-4c266890f7d5,[PREMIUM],Used,2022,Tesla,Model Y,Long Range,[PREMIUM],[PREMIUM],32606,SUV,White,WHITE,Four-wheel Drive,,,Electric,,,dealership,[PREMIUM],Gaithersburg,MD,/vehicles/vehicle-type-2.webp,,[],,,[PREMIUM]
04be8e0d-411e-4ad0-8d33-1437183a0907,2026-04-24 22:12:13.415,2026-04-24 22:12:13.415,04be8e0d-411e-4ad0-8d33-1437183a0907,[PREMIUM],Used,2022,Chevrolet,Silverado 1500 Limited,Custom,[PREMIUM],[PREMIUM],32653,Truck,Silver,BLACK,Rear-wheel Drive,,,Gasoline,,,dealership,[PREMIUM],Norman,OK,/vehicles/vehicle-type-3.webp,,[],,,[PREMIUM]
9b58fcb2-0290-4bac-93b3-55e0153a0d65,2026-04-24 22:11:53.423,2026-04-24 22:11:53.423,9b58fcb2-0290-4bac-93b3-55e0153a0d65,[PREMIUM],Used,2022,Ford,F-150,Lariat,[PREMIUM],[PREMIUM],54220,Truck,White,BLACK,Rear-wheel Drive,,,Gasoline,,,dealership,[PREMIUM],Gainesville,GA,/vehicles/vehicle-type-4.webp,,[],,,[PREMIUM]
d73bbd2a-8481-4b37-8955-1dcc87dff573,2026-04-24 22:11:53.250,2026-04-24 22:11:53.250,d73bbd2a-8481-4b37-8955-1dcc87dff573,[PREMIUM],Used,2022,Honda,Odyssey,EX-L,[PREMIUM],[PREMIUM],47881,Passenger Van,Gray,GRAY,Rear-wheel Drive,,,Gasoline,,,dealership,[PREMIUM],Palmdale,CA,/vehicles/vehicle-type-6.webp,,[],,,[PREMIUM]
9c51d97a-aaca-4b46-9de7-066d3c798075,2026-04-24 22:11:53.204,2026-04-24 22:11:53.204,9c51d97a-aaca-4b46-9de7-066d3c798075,[PREMIUM],Used,2022,Honda,Ridgeline,RTL-E,[PREMIUM],[PREMIUM],39387,Truck,Gray,BLACK,Four-wheel Drive,,,Gasoline,,,dealership,[PREMIUM],Midland,TX,/vehicles/vehicle-type-2.webp,,[],,,[PREMIUM]
51c263e0-d096-4760-8c50-9162bc4ef623,2026-04-24 22:11:53.175,2026-04-24 22:11:53.175,51c263e0-d096-4760-8c50-9162bc4ef623,[PREMIUM],Used,2022,BMW,530,I,[PREMIUM],[PREMIUM],28036,Sedan,White,BLACK,Rear-wheel Drive,,,Gasoline,,,dealership,[PREMIUM],Irving,TX,/vehicles/vehicle-type-1.webp,,[],,,[PREMIUM]
691362d1-2942-495a-922e-162198b69c4c,2026-04-24 22:11:53.150,2026-04-24 22:11:53.150,691362d1-2942-495a-922e-162198b69c4c,[PREMIUM],Used,2022,Chevrolet,Silverado 1500,Custom,[PREMIUM],[PREMIUM],22987,Truck,Blue,Black,Four-wheel Drive,,,Gasoline,,,dealership,[PREMIUM],East Dubuque,IL,/vehicles/vehicle-type-3.webp,,[],,,[PREMIUM]
4a385cb1-d600-4e65-b1df-afcc37d241e2,2026-04-24 22:11:53.147,2026-04-24 22:11:53.147,4a385cb1-d600-4e65-b1df-afcc37d241e2,[PREMIUM],Used,2022,BMW,530,I,[PREMIUM],[PREMIUM],17351,Sedan,White,BLACK,Rear-wheel Drive,,,Gasoline,,,dealership,[PREMIUM],Irving,TX,/vehicles/vehicle-type-7.webp,,[],,,[PREMIUM]
e161c9ef-3ea3-4c77-b3ce-2669d62c30d6,2026-04-24 22:11:53.144,2026-04-24 22:11:53.144,e161c9ef-3ea3-4c77-b3ce-2669d62c30d6,[PREMIUM],Used,2022,Honda,Pilot,Special Edition,[PREMIUM],[PREMIUM],36710,SUV,Gray,GRAY,Four-wheel Drive,,,Gasoline,,,dealership,[PREMIUM],Glen Allen,VA,/vehicles/vehicle-type-6.webp,,[],,,[PREMIUM]
af4ac8c9-7628-49bf-b82e-a1b206bacc8f,2026-04-24 22:11:53.124,2026-04-30 22:12:24.962,af4ac8c9-7628-49bf-b82e-a1b206bacc8f,[PREMIUM],Used,2022,RAM,1500,Bighorn,[PREMIUM],[PREMIUM],32852,Truck,White,BLACK,Rear-wheel Drive,,,Gasoline,,,dealership,[PREMIUM],Myrtle Beach,SC,/vehicles/vehicle-type-4.webp,,[],,,[PREMIUM]
460983cf-4e42-45c5-a174-00dd6a9ec621,2026-04-24 22:11:53.108,2026-04-24 22:11:53.108,460983cf-4e42-45c5-a174-00dd6a9ec621,[PREMIUM],Used,2022,RAM,1500,Bighorn,[PREMIUM],[PREMIUM],42659,Truck,Red,GRAY,Four-wheel Drive,,,Gasoline,,,dealership,[PREMIUM],Memphis,TN,/vehicles/vehicle-type-7.webp,,[],,,[PREMIUM]
98b48127-c435-4a72-8e1d-af4a8c2bbef7,2026-04-24 22:11:53.068,2026-04-24 22:11:53.068,98b48127-c435-4a72-8e1d-af4a8c2bbef7,[PREMIUM],Used,2022,Mercedes-Benz,GLC 300,,[PREMIUM],[PREMIUM],39084,SUV,Blue,TAN,Four-wheel Drive,,,Gasoline,,,dealership,[PREMIUM],Gastonia,NC,/vehicles/vehicle-type-2.webp,,[],,,[PREMIUM]
e3016d37-5924-415c-a0ec-19ccd8c770da,2026-04-24 22:11:53.059,2026-04-27 22:12:03.955,e3016d37-5924-415c-a0ec-19ccd8c770da,[PREMIUM],Used,2022,Chevrolet,Silverado 1500,Custom,[PREMIUM],[PREMIUM],47700,Truck,Blue,BLACK,Four-wheel Drive,,,Gasoline,,,dealership,[PREMIUM],Milwaukie,OR,/vehicles/vehicle-type-4.webp,,[],,,[PREMIUM]
22eab486-b428-4bfc-9b69-88a55024ac2b,2026-04-24 22:11:42.732,2026-04-24 22:11:42.732,22eab486-b428-4bfc-9b69-88a55024ac2b,[PREMIUM],Used,2023,Honda,CR-V Hybrid,Sport Touring AWD,[PREMIUM],[PREMIUM],59273,SUV,Urban Gray Pearl,Black,All-wheel Drive,,,Hybrid,,,dealership,[PREMIUM],Madison,WI,/vehicles/vehicle-type-7.webp,,[],,,[PREMIUM]
044eb75c-0eaa-443a-b8c1-583a21aae2d5,2026-04-24 22:11:32.695,2026-04-24 22:11:32.695,044eb75c-0eaa-443a-b8c1-583a21aae2d5,[PREMIUM],Used,2023,Toyota,Highlander,XLE,[PREMIUM],[PREMIUM],73487,SUV,Pearl,Black,Front-wheel Drive,,,Gasoline,,,dealership,[PREMIUM],High Point,NC,/vehicles/vehicle-type-5.webp,,[],,,[PREMIUM]
31ef220d-a279-4439-a250-ffe8473f9b17,2026-04-24 22:11:32.612,2026-04-27 22:11:43.889,31ef220d-a279-4439-a250-ffe8473f9b17,[PREMIUM],Used,2023,GMC,Canyon,AT4,[PREMIUM],[PREMIUM],41804,Truck,Solar Flare Metallic,Jet Black/Timber,Four-wheel Drive,,,Gasoline,,,dealership,[PREMIUM],White Plains,NY,/vehicles/vehicle-type-2.webp,,[],,,[PREMIUM]
617057e5-b655-4e0f-9203-1fb6f55c9668,2026-04-24 22:11:32.599,2026-04-27 22:11:43.881,617057e5-b655-4e0f-9203-1fb6f55c9668,[PREMIUM],Used,2023,Volvo,S60,B5 Plus Black Edition,[PREMIUM],[PREMIUM],47720,Sedan,Onyx Black Metallic,Charcoal,All-wheel Drive,,,Gasoline,,,dealership,[PREMIUM],Madison,WI,/vehicles/vehicle-type-4.webp,,[],,,[PREMIUM]
ca50deb7-270a-43c6-bed4-3f36e4de6b92,2026-04-24 22:11:32.566,2026-04-24 22:11:32.566,ca50deb7-270a-43c6-bed4-3f36e4de6b92,[PREMIUM],Used,2023,Toyota,RAV4 Hybrid,XLE Premium,[PREMIUM],[PREMIUM],52380,SUV,Silver Sky Metallic,Ash,AWD,,,Hybrid,,,dealership,[PREMIUM],High Point,NC,/vehicles/vehicle-type-4.webp,,[],,,[PREMIUM]
97c16786-2264-47c3-9851-556879060b34,2026-04-24 22:11:22.280,2026-05-03 22:12:15.903,97c16786-2264-47c3-9851-556879060b34,[PREMIUM],Used,2023,Honda,Ridgeline,RTL,[PREMIUM],[PREMIUM],19922,Truck,Obsidian Blue Pearl,Gray,All-wheel Drive,,,Gasoline,,,dealership,[PREMIUM],Staten Island,NY,/vehicles/vehicle-type-6.webp,,[],,,[PREMIUM]
687a5ab2-3a72-4a15-b912-4fd31d67b429,2026-04-24 22:11:22.204,2026-04-24 22:11:22.204,687a5ab2-3a72-4a15-b912-4fd31d67b429,[PREMIUM],Used,2023,Dodge,Durango,GT Plus,[PREMIUM],[PREMIUM],28158,SUV,Destroyer Gray Clearcoat,Black,All Wheel Drive,,,Regular unleaded,,,dealership,[PREMIUM],Huntley,IL,/vehicles/vehicle-type-5.webp,,[],,,[PREMIUM]
71539572-55ee-4191-8194-9665763be04e,2026-04-24 22:11:12.008,2026-05-06 22:12:03.503,71539572-55ee-4191-8194-9665763be04e,[PREMIUM],Used,2023,Jeep,Grand Cherokee,Altitude,[PREMIUM],[PREMIUM],46639,SUV,Black,BLACK,Four-wheel Drive,,,Gasoline,,,dealership,[PREMIUM],Columbia,SC,/vehicles/vehicle-type-2.webp,,[],,,[PREMIUM]
4ed5c117-52df-4d3e-b818-f75f46db5bb7,2026-04-24 22:11:11.938,2026-04-27 22:11:23.696,4ed5c117-52df-4d3e-b818-f75f46db5bb7,[PREMIUM],Used,2023,Toyota,Camry,TRD,[PREMIUM],[PREMIUM],37603,Sedan,White,BLACK,Rear-wheel Drive,,,Gasoline,,,dealership,[PREMIUM],Greenville,SC,/vehicles/vehicle-type-1.webp,,[],,,[PREMIUM]
28808640-a8c2-4136-8127-e2beefd80921,2026-04-24 22:11:11.928,2026-04-24 22:11:11.928,28808640-a8c2-4136-8127-e2beefd80921,[PREMIUM],Used,2023,Jeep,Grand Cherokee L,Limited,[PREMIUM],[PREMIUM],26375,SUV,Black,BLACK,Four-wheel Drive,,,Gasoline,,,dealership,[PREMIUM],Sicklerville,NJ,/vehicles/vehicle-type-5.webp,,[],,,[PREMIUM]
dd27f088-7e00-4d1d-ad4a-bec473699bd3,2026-04-24 22:11:01.831,2026-04-27 22:11:23.931,dd27f088-7e00-4d1d-ad4a-bec473699bd3,[PREMIUM],Used,2023,Nissan,Frontier,SV,[PREMIUM],[PREMIUM],50146,Truck,Green,GRAY,Four-wheel Drive,,,Gasoline,,,dealership,[PREMIUM],Knoxville,TN,/vehicles/vehicle-type-1.webp,,[],,,[PREMIUM]
9672fd9b-aa43-487f-bf67-1ea648999519,2026-04-24 22:11:01.784,2026-04-24 22:11:01.784,9672fd9b-aa43-487f-bf67-1ea648999519,[PREMIUM],Used,2023,Ford,F-150,XL,[PREMIUM],[PREMIUM],28878,Truck,Gray,GRAY,Four-wheel Drive,,,Gasoline,,,dealership,[PREMIUM],Naples,FL,/vehicles/vehicle-type-3.webp,,[],,,[PREMIUM]
0f789226-3a61-4901-9f1a-4c801fc2bc26,2026-04-24 22:11:01.740,2026-04-30 22:11:34.235,0f789226-3a61-4901-9f1a-4c801fc2bc26,[PREMIUM],Used,2023,Audi,A4,S-Line Premium Plus,[PREMIUM],[PREMIUM],28978,Sedan,Black,BROWN,Four-wheel Drive,,,Gasoline,,,dealership,[PREMIUM],Hamilton,NJ,/vehicles/vehicle-type-4.webp,,[],,,[PREMIUM]
f05756d6-0c44-4c58-8134-31a3c89a77d0,2026-04-24 22:11:01.731,2026-04-24 22:11:01.731,f05756d6-0c44-4c58-8134-31a3c89a77d0,[PREMIUM],Used,2023,Chevrolet,Traverse,LS,[PREMIUM],[PREMIUM],22104,SUV,Blue,CREAM,Rear-wheel Drive,,,Gasoline,,,dealership,[PREMIUM],Memphis,TN,/vehicles/vehicle-type-3.webp,,[],,,[PREMIUM]
f30220f5-1d03-4746-acc7-fc3c0675cce3,2026-04-24 22:11:01.722,2026-04-24 22:11:01.722,f30220f5-1d03-4746-acc7-fc3c0675cce3,[PREMIUM],Used,2023,Honda,Ridgeline,Sport,[PREMIUM],[PREMIUM],15872,Truck,Silver,BLACK,Four-wheel Drive,,,Gasoline,,,dealership,[PREMIUM],Gastonia,NC,/vehicles/vehicle-type-2.webp,,[],,,[PREMIUM]
6d0d07d5-8fd3-48c1-986b-272a2d071461,2026-04-24 22:11:01.696,2026-04-24 22:11:01.696,6d0d07d5-8fd3-48c1-986b-272a2d071461,[PREMIUM],Used,2023,Genesis,GV70,,[PREMIUM],[PREMIUM],52418,SUV,Red,BLACK,Four-wheel Drive,,,Gasoline,,,dealership,[PREMIUM],Boynton Beach,FL,/vehicles/vehicle-type-7.webp,,[],,,[PREMIUM]
67959763-dfe0-4cce-9ef1-fff09036c938,2026-04-24 22:10:51.724,2026-04-24 22:10:51.724,67959763-dfe0-4cce-9ef1-fff09036c938,[PREMIUM],Used,2023,Ford,Bronco Sport,Outer Banks,[PREMIUM],[PREMIUM],18344,SUV,Black,BLACK,Four-wheel Drive,,,Gasoline,,,dealership,[PREMIUM],Naperville,IL,/vehicles/vehicle-type-4.webp,,[],,,[PREMIUM]
6f70afe2-4416-47d4-b7ce-0d7e20bc1d7f,2026-04-24 22:10:51.724,2026-04-27 22:11:03.359,6f70afe2-4416-47d4-b7ce-0d7e20bc1d7f,[PREMIUM],Used,2023,Jeep,Grand Cherokee,Limited,[PREMIUM],[PREMIUM],35206,SUV,Black,BLACK,Four-wheel Drive,,,Gasoline,,,dealership,[PREMIUM],Independence,MO,/vehicles/vehicle-type-4.webp,,[],,,[PREMIUM]
919d1653-d233-470d-908a-e85fdcc11784,2026-04-24 22:10:51.396,2026-04-24 22:10:51.396,919d1653-d233-470d-908a-e85fdcc11784,[PREMIUM],Used,2023,Chevrolet,Silverado 1500,LT,[PREMIUM],[PREMIUM],41920,Truck,Burgundy,BLACK,Four-wheel Drive,,,Gasoline,,,dealership,[PREMIUM],Nashville,TN,/vehicles/vehicle-type-2.webp,,[],,,[PREMIUM]
521b4bf2-6ccd-4db4-abaa-bd3d090e8d83,2026-04-24 22:10:51.384,2026-04-24 22:10:51.384,521b4bf2-6ccd-4db4-abaa-bd3d090e8d83,[PREMIUM],Used,2023,Tesla,Model Y,Long Range,[PREMIUM],[PREMIUM],81851,SUV,White,BLACK,Four-wheel Drive,,,Electric,,,dealership,[PREMIUM],Modesto,CA,/vehicles/vehicle-type-7.webp,,[],,,[PREMIUM]
8c7a7b86-ea7a-4b2a-9ac1-538b3510da42,2026-04-24 22:10:51.347,2026-04-24 22:10:51.347,8c7a7b86-ea7a-4b2a-9ac1-538b3510da42,[PREMIUM],Used,2023,INFINITI,QX60,Pure,[PREMIUM],[PREMIUM],30364,SUV,Gray,BLACK,Four-wheel Drive,,,Gasoline,,,dealership,[PREMIUM],Sicklerville,NJ,/vehicles/vehicle-type-4.webp,,[],,,[PREMIUM]
fef65730-b2e3-4cb5-88b2-21923db9334d,2026-04-24 22:10:51.296,2026-04-30 22:11:13.848,fef65730-b2e3-4cb5-88b2-21923db9334d,[PREMIUM],Used,2023,Honda,CR-V Hybrid,Sport,[PREMIUM],[PREMIUM],36050,SUV,White,BLACK,Rear-wheel Drive,,,Hybrid,,,dealership,[PREMIUM],Littleton,CO,/vehicles/vehicle-type-7.webp,,[],,,[PREMIUM]
6f6d013e-7514-4e15-910e-1aa0c01ad7e2,2026-04-24 22:10:21.035,2026-04-24 22:10:21.035,6f6d013e-7514-4e15-910e-1aa0c01ad7e2,[PREMIUM],Used,2024,Kia,Carnival,LX,[PREMIUM],[PREMIUM],32686,Passenger Van,Deep Chroma Blue,Gray,Front-wheel Drive,,,Gasoline,,,dealership,[PREMIUM],Longwood,FL,/vehicles/vehicle-type-3.webp,,[],,,[PREMIUM]
55de03cb-3903-45b7-a721-356883cffc55,2026-04-24 22:10:10.928,2026-04-30 22:10:32.610,55de03cb-3903-45b7-a721-356883cffc55,[PREMIUM],Used,2024,Honda,CR-V,EX,[PREMIUM],[PREMIUM],30870,SUV,Meteorite Gray Metallic,Black,All-wheel Drive,,,Gasoline,,,dealership,[PREMIUM],Yorktown Heights,NY,/vehicles/vehicle-type-3.webp,,[],,,[PREMIUM]
4ee280a1-cb8a-4631-ab46-6e0ec596bb85,2026-04-24 22:10:10.868,2026-04-27 22:10:23.020,4ee280a1-cb8a-4631-ab46-6e0ec596bb85,[PREMIUM],Used,2024,Subaru,Outback,Touring,[PREMIUM],[PREMIUM],22475,SUV,Dark Mahogany Pearl,Black,,,,,,,dealership,[PREMIUM],Milwaukee,WI,/vehicles/vehicle-type-6.webp,,[],,,[PREMIUM]
612b5f54-4fdc-458a-9a85-1c9de3bc7115,2026-04-24 22:10:10.867,2026-04-24 22:10:10.867,612b5f54-4fdc-458a-9a85-1c9de3bc7115,[PREMIUM],Used,2024,Toyota,RAV4 Hybrid,LE,[PREMIUM],[PREMIUM],18702,SUV,White,BLACK,4WD,,,Hybrid,,,dealership,[PREMIUM],Gaithersburg,MD,/vehicles/vehicle-type-6.webp,,[],,,[PREMIUM]
b862172a-bb4f-4ae7-8837-5248510c19e5,2026-04-24 22:10:10.866,2026-04-24 22:10:10.866,b862172a-bb4f-4ae7-8837-5248510c19e5,[PREMIUM],Used,2024,Acura,Integra,A-Spec,[PREMIUM],[PREMIUM],11057,Hatchback,Gray,BLACK,Rear-wheel Drive,,,Gasoline,,,dealership,[PREMIUM],Tinley Park,IL,/vehicles/vehicle-type-1.webp,,[],,,[PREMIUM]
f8e58fd6-bdb7-4e93-83f8-146febe72ce0,2026-04-24 22:10:10.799,2026-04-24 22:10:10.799,f8e58fd6-bdb7-4e93-83f8-146febe72ce0,[PREMIUM],Used,2024,Hyundai,SANTA FE HEV,SEL,[PREMIUM],[PREMIUM],17220,SUV,Green,CREAM,Rear-wheel Drive,,,Hybrid,,,dealership,[PREMIUM],Santa Rosa,CA,/vehicles/vehicle-type-7.webp,,[],,,[PREMIUM]
8e1ec21c-9adb-4170-b60d-fb4219b35401,2026-04-24 22:10:10.795,2026-04-27 22:10:23.003,8e1ec21c-9adb-4170-b60d-fb4219b35401,[PREMIUM],Used,2024,Honda,CR-V,EX-L,[PREMIUM],[PREMIUM],19200,SUV,Gray,BLACK,Rear-wheel Drive,,,Gasoline,,,dealership,[PREMIUM],Las Vegas,NV,/vehicles/vehicle-type-3.webp,,[],,,[PREMIUM]
7f764fc4-1d3f-47ee-9518-c19754d8f3a7,2026-04-24 22:10:10.784,2026-04-27 22:10:22.999,7f764fc4-1d3f-47ee-9518-c19754d8f3a7,[PREMIUM],Used,2024,Subaru,Outback,Limited,[PREMIUM],[PREMIUM],15114,SUV,Red,Black,,,,,,,dealership,[PREMIUM],Traverse City,MI,/vehicles/vehicle-type-6.webp,,[],,,[PREMIUM]
85574545-c242-486c-a0b1-a70ae8585e3e,2026-04-24 22:10:10.776,2026-04-24 22:10:10.776,85574545-c242-486c-a0b1-a70ae8585e3e,[PREMIUM],Used,2024,Subaru,Outback,Touring XT,[PREMIUM],[PREMIUM],30246,SUV,Brown,Black,,,,,,,dealership,[PREMIUM],Traverse City,MI,/vehicles/vehicle-type-6.webp,,[],,,[PREMIUM]
58895314-2118-4f0b-a448-36b38b63b6fc,2026-04-24 22:10:10.760,2026-04-27 22:10:23.311,58895314-2118-4f0b-a448-36b38b63b6fc,[PREMIUM],Used,2024,Mitsubishi,Outlander,SEL,[PREMIUM],[PREMIUM],16699,SUV,Blue,BLACK,Four-wheel Drive,,,Gasoline,,,dealership,[PREMIUM],Brooklyn Park,MN,/vehicles/vehicle-type-7.webp,,[],,,[PREMIUM]
25416711-7d84-4554-add4-a164cfac3b49,2026-04-24 22:09:50.493,2026-04-24 22:09:50.493,25416711-7d84-4554-add4-a164cfac3b49,[PREMIUM],Used,2025,Nissan,Rogue,SL,[PREMIUM],[PREMIUM],16324,SUV,Boulder Gray Pearl,charcoal,Front-wheel Drive,,,Gasoline,,,dealership,[PREMIUM],Round Rock,TX,/vehicles/vehicle-type-5.webp,,[],,,[PREMIUM]
7857f086-5a7e-45c2-b733-d5683316f59a,2026-04-24 22:09:30.248,2026-04-27 22:09:53.022,7857f086-5a7e-45c2-b733-d5683316f59a,[PREMIUM],Used,2025,Chevrolet,Equinox,AWD ACTIV,[PREMIUM],[PREMIUM],28407,SUV,Mosaic Black Metallic,Maple Sugar,All-wheel Drive,,,Gasoline,,,dealership,[PREMIUM],Ankeny,IA,/vehicles/vehicle-type-6.webp,,[],,,[PREMIUM]
3f8ecb32-a12d-44f8-8078-d6dabc2f4c86,2026-04-24 22:08:59.692,2026-04-24 22:08:59.692,3f8ecb32-a12d-44f8-8078-d6dabc2f4c86,[PREMIUM],Used,2025,Toyota,RAV4,LE,[PREMIUM],[PREMIUM],15653,SUV,Ruby Flare Pearl,Black,All-wheel Drive,,,Gasoline,,,dealership,[PREMIUM],Kenosha,WI,/vehicles/vehicle-type-7.webp,,[],,,[PREMIUM]
8c11c4eb-c789-46fc-8b54-9d7c44f72bb3,2026-04-24 22:08:59.686,2026-04-27 22:09:12.452,8c11c4eb-c789-46fc-8b54-9d7c44f72bb3,[PREMIUM],Used,2025,Toyota,Camry,SE,[PREMIUM],[PREMIUM],9779,Sedan,Underground,Black,Front-wheel Drive,,,Gasoline,,,dealership,[PREMIUM],Peoria,AZ,/vehicles/vehicle-type-3.webp,,[],,,[PREMIUM]
a150bf93-0b85-447c-9e1a-c93f3cd8ebd2,2026-04-24 22:08:59.658,2026-04-24 22:08:59.658,a150bf93-0b85-447c-9e1a-c93f3cd8ebd2,[PREMIUM],New,2025,Ford,Escape PHEV,PHEV,[PREMIUM],[PREMIUM],5981,SUV,Carbonized Gray Metallic,Ebony,FWD,,,Hybrid,,,dealership,[PREMIUM],High Point,NC,/vehicles/vehicle-type-2.webp,,[],,,[PREMIUM]
cc7bdee9-562d-48de-8cef-28ee6aaa2042,2026-04-24 22:08:59.655,2026-04-27 22:09:12.400,cc7bdee9-562d-48de-8cef-28ee6aaa2042,[PREMIUM],New,2025,Ford,Maverick,Lobo Standard,[PREMIUM],[PREMIUM],10,Truck,Velocity Blue,Black Onyx,All-wheel Drive,,,Gasoline,,,dealership,[PREMIUM],High Point,NC,/vehicles/vehicle-type-7.webp,,[],,,[PREMIUM]
5700728d-8637-4a89-be14-252d6567819a,2026-04-24 22:08:59.644,2026-04-24 22:08:59.644,5700728d-8637-4a89-be14-252d6567819a,[PREMIUM],New,2025,Ford,Ranger,XLT,[PREMIUM],[PREMIUM],10,Truck,Velocity Blue Metallic,Sandstone,RWD,,,Gasoline,,,dealership,[PREMIUM],High Point,NC,/vehicles/vehicle-type-2.webp,,[],,,[PREMIUM]
bbb76a94-0fff-4a9f-af1d-8aae513c8807,2026-04-24 22:08:59.618,2026-04-27 22:09:12.466,bbb76a94-0fff-4a9f-af1d-8aae513c8807,[PREMIUM],New,2025,Ford,Bronco Sport,Outer Banks,[PREMIUM],[PREMIUM],1704,SUV,Shadow Black,Ebony,Four-wheel Drive,,,Gasoline,,,dealership,[PREMIUM],High Point,NC,/vehicles/vehicle-type-3.webp,,[],,,[PREMIUM]
55329658-f0e4-4f00-916b-a48039853c71,2026-04-24 22:08:59.578,2026-04-24 22:08:59.578,55329658-f0e4-4f00-916b-a48039853c71,[PREMIUM],Used,2025,Toyota,RAV4,XLE,[PREMIUM],[PREMIUM],32031,SUV,Ice,Black,All-wheel Drive,,,Gasoline,,,dealership,[PREMIUM],North Branch,MN,/vehicles/vehicle-type-3.webp,,[],,,[PREMIUM]
8b51288c-141d-4b35-8b33-49cf1c8f23ec,2026-04-24 22:08:28.913,2026-04-24 22:08:28.913,8b51288c-141d-4b35-8b33-49cf1c8f23ec,[PREMIUM],Used,2025,Kia,K5,GT-Line,[PREMIUM],[PREMIUM],8661,Sedan,Gray,RED,Four-wheel Drive,,,Gasoline,,,dealership,[PREMIUM],Kenosha,WI,/vehicles/vehicle-type-1.webp,,[],,,[PREMIUM]
9014bb32-3ecb-44cd-ace1-df6a3125fcaa,2026-04-24 22:08:28.888,2026-04-24 22:08:28.888,9014bb32-3ecb-44cd-ace1-df6a3125fcaa,[PREMIUM],New,2025,Ford,Maverick,XLT,[PREMIUM],[PREMIUM],100,Truck,Ruby Red Metallic Tinted Clearcoat,Navy Pier/Aspen Gray,Front-wheel Drive,,,Gasoline,,,dealership,[PREMIUM],Richmond,VA,/vehicles/vehicle-type-3.webp,,[],,,[PREMIUM]
f7faee31-671f-4bcf-898f-564d03962a90,2026-04-24 22:08:28.845,2026-04-27 22:08:32.020,f7faee31-671f-4bcf-898f-564d03962a90,[PREMIUM],Used,2025,Subaru,Crosstrek,Wilderness,[PREMIUM],[PREMIUM],10058,SUV,Alpine Green,Wilderness StarTex,,,,,,,dealership,[PREMIUM],Augusta,ME,/vehicles/vehicle-type-2.webp,,[],,,[PREMIUM]
e20c7d25-7689-428f-84ac-dc573a95532f,2026-04-24 22:08:18.336,2026-04-24 22:08:18.336,e20c7d25-7689-428f-84ac-dc573a95532f,[PREMIUM],Used,2025,Honda,CR-V Hybrid,Sport-L,[PREMIUM],[PREMIUM],41240,SUV,Silver,BLACK,Rear-wheel Drive,,,Hybrid,,,dealership,[PREMIUM],Raleigh,NC,/vehicles/vehicle-type-6.webp,,[],,,[PREMIUM]
3c4572b3-4f10-4dd8-a80f-faf424436b03,2026-04-24 22:08:18.279,2026-04-24 22:08:18.279,3c4572b3-4f10-4dd8-a80f-faf424436b03,[PREMIUM],New,2026,Kia,K5,GT-Line FWD,[PREMIUM],[PREMIUM],10,Sedan,Gray,Black,Front-wheel Drive,,,Gasoline,,,dealership,[PREMIUM],Hollywood,FL,/vehicles/vehicle-type-2.webp,,[],,,[PREMIUM]
55fdc253-60f8-40a9-86e5-b23c786b04da,2026-04-24 22:08:18.270,2026-04-24 22:08:18.270,55fdc253-60f8-40a9-86e5-b23c786b04da,[PREMIUM],Used,2025,Ford,Maverick,XLT,[PREMIUM],[PREMIUM],2017,Truck,Gray,GRAY,4WD,,,Gas,,,dealership,[PREMIUM],Westborough,MA,/vehicles/vehicle-type-4.webp,,[],,,[PREMIUM]
ceb78cf0-b941-4909-aad3-3120d710bb22,2026-04-24 22:08:18.268,2026-04-24 22:08:18.268,ceb78cf0-b941-4909-aad3-3120d710bb22,[PREMIUM],Used,2025,Kia,K5,GT-Line,[PREMIUM],[PREMIUM],6162,Sedan,White,BLACK,Rear-wheel Drive,,,Gasoline,,,dealership,[PREMIUM],Wilmington,NC,/vehicles/vehicle-type-4.webp,,[],,,[PREMIUM]
e3b9ee02-e770-4aef-a11b-b9c323d679fd,2026-04-24 22:08:18.251,2026-04-24 22:08:18.251,e3b9ee02-e770-4aef-a11b-b9c323d679fd,[PREMIUM],New,2026,Subaru,Forester,Base,[PREMIUM],[PREMIUM],1,SUV,Crystal White Pearl,Gray,All-wheel Drive,,,Gasoline,,,dealership,[PREMIUM],White River Junction,VT,/vehicles/vehicle-type-3.webp,,[],,,[PREMIUM]
afcfa84a-e024-4ee9-998b-0077d4325554,2026-04-24 22:08:18.238,2026-04-24 22:08:18.238,afcfa84a-e024-4ee9-998b-0077d4325554,[PREMIUM],Used,2025,Toyota,RAV4,XLE,[PREMIUM],[PREMIUM],16709,SUV,Silver,GRAY,Four-wheel Drive,,,Gasoline,,,dealership,[PREMIUM],Fredericksburg,VA,/vehicles/vehicle-type-3.webp,,[],,,[PREMIUM]
4714345b-56f6-4ca2-b387-7c6988fd5b89,2026-04-24 22:08:18.226,2026-04-24 22:08:18.226,4714345b-56f6-4ca2-b387-7c6988fd5b89,[PREMIUM],New,2026,Subaru,Crosstrek,Base,[PREMIUM],[PREMIUM],1,SUV,Magnetite Gray/Crystal Black Silica,Gray,All-wheel Drive,,,Gasoline,,,dealership,[PREMIUM],White River Junction,VT,/vehicles/vehicle-type-1.webp,,[],,,[PREMIUM]
bac28ffc-e14c-45cb-9264-be3c53500402,2026-04-24 22:08:18.191,2026-04-24 22:08:18.191,bac28ffc-e14c-45cb-9264-be3c53500402,[PREMIUM],Used,2025,Hyundai,TUCSON,SEL Convenience,[PREMIUM],[PREMIUM],43,SUV,Red,GRAY,Four-wheel Drive,,,Gasoline,,,dealership,[PREMIUM],Richmond,TX,/vehicles/vehicle-type-2.webp,,[],,,[PREMIUM]
0ba537a6-4efb-4541-8fa4-338a0c29c816,2026-04-24 22:08:18.157,2026-04-24 22:08:18.157,0ba537a6-4efb-4541-8fa4-338a0c29c816,[PREMIUM],Used,2025,Mazda,CX-70,Turbo Preferred,[PREMIUM],[PREMIUM],30584,SUV,Blue,BLACK,Four-wheel Drive,,,Gasoline,,,dealership,[PREMIUM],O'Fallon,IL,/vehicles/vehicle-type-5.webp,,[],,,[PREMIUM]
911ac7e1-c7f2-46fd-ad1e-3e87a781cd26,2026-04-24 22:08:18.142,2026-04-24 22:08:18.142,911ac7e1-c7f2-46fd-ad1e-3e87a781cd26,[PREMIUM],Used,2025,Jeep,Wrangler 4xe,Sahara,[PREMIUM],[PREMIUM],8891,SUV,White,BLACK,Four-wheel Drive,,,Plug-In Hybrid,,,dealership,[PREMIUM],Escondido,CA,/vehicles/vehicle-type-2.webp,,[],,,[PREMIUM]
ce727700-5781-48d0-b858-b2dd0999a251,2026-04-24 22:08:08.165,2026-04-24 22:08:08.165,ce727700-5781-48d0-b858-b2dd0999a251,[PREMIUM],New,2026,Mazda,CX-30,2.5 S Carbon Edition,[PREMIUM],[PREMIUM],0,SUV,Polymetal Gray Metallic,Red/Black,AWD,,,Gasoline,,,dealership,[PREMIUM],Daytona Beach,FL,/vehicles/vehicle-type-7.webp,,[],,,[PREMIUM]
b5fa3137-e896-461e-b098-c85a048ebe10,2026-04-24 22:08:08.128,2026-04-24 22:08:08.128,b5fa3137-e896-461e-b098-c85a048ebe10,[PREMIUM],New,2026,Nissan,Altima,SR FWD,[PREMIUM],[PREMIUM],10,Sedan,Gray Sky Pearl/Super Black,Sport,Front-wheel Drive,,,Gasoline,,,dealership,[PREMIUM],Hasbrouck Heights,NJ,/vehicles/vehicle-type-6.webp,,[],,,[PREMIUM]
7d0390d4-cce3-42c2-ae2a-93efba3b0a7b,2026-04-24 22:08:07.946,2026-04-24 22:08:07.946,7d0390d4-cce3-42c2-ae2a-93efba3b0a7b,[PREMIUM],New,2026,Toyota,Camry,SE,[PREMIUM],[PREMIUM],0,Sedan,Teal,Boulder SofTex &amp; Fabric,Front-wheel Drive,,,Gasoline,,,dealership,[PREMIUM],Auburn,AL,/vehicles/vehicle-type-2.webp,,[],,,[PREMIUM]
f5d74d2b-e151-4750-ac1a-ae7c1fb9e8de,2026-04-24 22:08:07.913,2026-04-24 22:08:07.913,f5d74d2b-e151-4750-ac1a-ae7c1fb9e8de,[PREMIUM],New,2026,Toyota,Camry,SE,[PREMIUM],[PREMIUM],0,Sedan,Ocean Gem,Black,Front-wheel Drive,,,Gasoline,,,dealership,[PREMIUM],West Columbia,SC,/vehicles/vehicle-type-2.webp,,[],,,[PREMIUM]
4ab21d4f-f6f9-48b1-a522-bf3cb22928b6,2026-04-24 22:08:07.908,2026-05-06 22:09:12.765,4ab21d4f-f6f9-48b1-a522-bf3cb22928b6,[PREMIUM],New,2026,Ford,Maverick,XL,[PREMIUM],[PREMIUM],0,Truck,White,Black Onyx/Dark Slate,Front-wheel Drive,,,Gasoline,,,dealership,[PREMIUM],Pensacola,FL,/vehicles/vehicle-type-3.webp,,[],,,[PREMIUM]
7e1f4caf-4a88-4971-a63a-7c28f28c85db,2026-04-24 22:08:07.882,2026-04-24 22:08:07.882,7e1f4caf-4a88-4971-a63a-7c28f28c85db,[PREMIUM],New,2026,Toyota,Tacoma,SR,[PREMIUM],[PREMIUM],0,Truck,Gray,Black,Rear-wheel Drive,,,Gasoline,,,dealership,[PREMIUM],Mobile,AL,/vehicles/vehicle-type-2.webp,,[],,,[PREMIUM]
1fe7e9d3-35a2-49e9-b9ab-41f457cb829f,2026-04-24 22:08:07.877,2026-04-24 22:08:07.877,1fe7e9d3-35a2-49e9-b9ab-41f457cb829f,[PREMIUM],New,2026,Mazda,CX-5,2.5 S Select Package,[PREMIUM],[PREMIUM],15,SUV,Black,Black Leatherette,All-wheel Drive,,,Gasoline,,,dealership,[PREMIUM],Hartford,CT,/vehicles/vehicle-type-4.webp,,[],,,[PREMIUM]
08940aa1-9ced-4103-9692-8c8728ea022e,2026-04-24 22:08:07.873,2026-04-27 22:08:21.702,08940aa1-9ced-4103-9692-8c8728ea022e,[PREMIUM],New,2026,Nissan,Altima,SR FWD,[PREMIUM],[PREMIUM],10,Sedan,Gun Metallic,Sport,Front-wheel Drive,,,Gasoline,,,dealership,[PREMIUM],Hasbrouck Heights,NJ,/vehicles/vehicle-type-1.webp,,[],,,[PREMIUM]
062bcfb1-2f4a-4eeb-8ef2-3c229fc0f5ab,2026-04-24 22:08:07.866,2026-04-27 22:08:21.768,062bcfb1-2f4a-4eeb-8ef2-3c229fc0f5ab,[PREMIUM],New,2026,Toyota,Camry,SE,[PREMIUM],[PREMIUM],0,Sedan,Underground,Black,Front-wheel Drive,,,Gasoline,,,dealership,[PREMIUM],West Columbia,SC,/vehicles/vehicle-type-2.webp,,[],,,[PREMIUM]
270b58bd-5f41-4da2-ab5f-b4a9b939ebb9,2026-04-24 22:08:07.866,2026-04-27 22:08:21.728,270b58bd-5f41-4da2-ab5f-b4a9b939ebb9,[PREMIUM],New,2026,Honda,Accord,SE,[PREMIUM],[PREMIUM],5,Sedan,Gray,Black,Front-wheel Drive,,,Gasoline,,,dealership,[PREMIUM],Egg Harbor Township,NJ,/vehicles/vehicle-type-2.webp,,[],,,[PREMIUM]
83e20bbe-f1c7-4012-b430-1420174f709d,2026-04-24 22:08:07.866,2026-04-27 22:08:22.143,83e20bbe-f1c7-4012-b430-1420174f709d,[PREMIUM],New,2026,Kia,Sportage,LX,[PREMIUM],[PREMIUM],9,SUV,Glacial White Pearl,Black,Front-wheel Drive,,,Gasoline,,,dealership,[PREMIUM],Hollywood,FL,/vehicles/vehicle-type-3.webp,,[],,,[PREMIUM]
02378112-c383-4a98-a984-1d21813655d2,2026-04-24 22:08:07.863,2026-04-27 22:08:21.727,02378112-c383-4a98-a984-1d21813655d2,[PREMIUM],New,2026,Chevrolet,Trailblazer,LT,[PREMIUM],[PREMIUM],2,SUV,Mosaic Black Metallic,Jet Blk Clth,All-wheel Drive,,,Gasoline,,,dealership,[PREMIUM],North Branch,MN,/vehicles/vehicle-type-5.webp,,[],,,[PREMIUM]
43ac0c40-1ff0-4912-9473-5c6c3832b590,2026-04-24 22:08:07.856,2026-05-03 22:08:52.231,43ac0c40-1ff0-4912-9473-5c6c3832b590,[PREMIUM],New,2026,Kia,Sportage,EX,[PREMIUM],[PREMIUM],8,SUV,Panthera Metal Gray,Black,Front-wheel Drive,,,Gasoline,,,dealership,[PREMIUM],Hollywood,FL,/vehicles/vehicle-type-1.webp,,[],,,[PREMIUM]
3db99f2f-128c-452b-acf5-4a011c9f044d,2026-04-24 22:08:07.847,2026-04-24 22:08:07.847,3db99f2f-128c-452b-acf5-4a011c9f044d,[PREMIUM],New,2026,Kia,Sportage,EX,[PREMIUM],[PREMIUM],0,SUV,Ebony,Blk Syntex Lthette,Front-wheel Drive,,,Gasoline,,,dealership,[PREMIUM],Hollywood,FL,/vehicles/vehicle-type-4.webp,,[],,,[PREMIUM]
e8efd48d-cc9e-4afc-8345-c9be0c349362,2026-04-24 22:08:07.842,2026-04-24 22:08:07.842,e8efd48d-cc9e-4afc-8345-c9be0c349362,[PREMIUM],New,2026,Toyota,RAV4,LE,[PREMIUM],[PREMIUM],5,SUV,Ice Cap,Black,Front-wheel Drive,,,Gasoline,,,dealership,[PREMIUM],Albuquerque,NM,/vehicles/vehicle-type-5.webp,,[],,,[PREMIUM]
72052ae1-bc8b-41ba-8f6e-dc8f3731fd55,2026-04-24 22:07:57.548,2026-04-24 22:07:57.548,72052ae1-bc8b-41ba-8f6e-dc8f3731fd55,[PREMIUM],New,2026,Mitsubishi,Outlander,SE 1.5T 2WD,[PREMIUM],[PREMIUM],5,SUV,Moonstone Gray Metallic,L/Gray,Front Wheel Drive,,,Regular unleaded,,,dealership,[PREMIUM],Winter Park,FL,/vehicles/vehicle-type-5.webp,,[],,,[PREMIUM]
9059bd2d-c9d3-45cf-9312-2e7e9d383b18,2026-04-24 22:07:57.286,2026-04-24 22:07:57.286,9059bd2d-c9d3-45cf-9312-2e7e9d383b18,[PREMIUM],New,2026,Toyota,Corolla Cross,XLE,[PREMIUM],[PREMIUM],0,SUV,Cypress,Portobello,All-wheel Drive,,,Gasoline,,,dealership,[PREMIUM],West Palm Beach,FL,/vehicles/vehicle-type-5.webp,,[],,,[PREMIUM]
c0e2421f-0edd-4768-9f61-ddca0615c836,2026-04-24 22:07:57.255,2026-04-24 22:07:57.255,c0e2421f-0edd-4768-9f61-ddca0615c836,[PREMIUM],New,2026,Toyota,Camry,Nightshade,[PREMIUM],[PREMIUM],0,Sedan,Black,Black,FWD,,,Hybrid,,,dealership,[PREMIUM],Miami,FL,/vehicles/vehicle-type-7.webp,,[],,,[PREMIUM]
1b1b06fc-eebe-43f7-a449-254a0a8ca292,2026-04-24 22:07:57.250,2026-04-24 22:07:57.250,1b1b06fc-eebe-43f7-a449-254a0a8ca292,[PREMIUM],New,2026,Subaru,Crosstrek,Premium,[PREMIUM],[PREMIUM],2,SUV,Sapphire Blue Pearl,Black,All-wheel Drive,,,Gasoline,,,dealership,[PREMIUM],Renfrew,PA,/vehicles/vehicle-type-5.webp,,[],,,[PREMIUM]
79a423d1-eb41-4a6a-81af-3798a6234d0a,2026-04-24 22:07:57.218,2026-04-24 22:07:57.218,79a423d1-eb41-4a6a-81af-3798a6234d0a,[PREMIUM],New,2026,Buick,Envista,Sport Touring FWD,[PREMIUM],[PREMIUM],5,SUV,Ceramic,Ebony w/Whisper Beige Stitching,Front-wheel Drive,,,Gasoline,,,dealership,[PREMIUM],White Plains,NY,/vehicles/vehicle-type-2.webp,,[],,,[PREMIUM]
19750817-87f3-4f98-b065-4e4f25bd4bbe,2026-04-24 22:07:57.200,2026-04-24 22:07:57.200,19750817-87f3-4f98-b065-4e4f25bd4bbe,[PREMIUM],New,2026,Buick,Encore GX,Sport Touring,[PREMIUM],[PREMIUM],5,SUV,Ebony Twilight Metallic,Ebony w/Santorini Blue Stitching,All-wheel Drive,,,Gasoline,,,dealership,[PREMIUM],White Plains,NY,/vehicles/vehicle-type-4.webp,,[],,,[PREMIUM]
85ed640a-72af-4099-b13d-a9c5c3fa89f0,2026-04-24 22:07:57.200,2026-04-24 22:07:57.200,85ed640a-72af-4099-b13d-a9c5c3fa89f0,[PREMIUM],New,2026,Toyota,RAV4,LE,[PREMIUM],[PREMIUM],0,SUV,White,Black,FWD,,,Gasoline,,,dealership,[PREMIUM],Miami,FL,/vehicles/vehicle-type-7.webp,,[],,,[PREMIUM]
726c9610-0a3b-4dd5-8984-ea1d02e73a7c,2026-04-24 22:07:57.194,2026-04-27 22:08:01.660,726c9610-0a3b-4dd5-8984-ea1d02e73a7c,[PREMIUM],New,2026,Ford,Explorer,Active,[PREMIUM],[PREMIUM],1,SUV,Carbonized Gray,Dark Space Gray,Rear-wheel Drive,,,Gasoline,,,dealership,[PREMIUM],Clearwater,FL,/vehicles/vehicle-type-5.webp,,[],,,[PREMIUM]
b37afe79-4a7f-4dee-bfec-3aaebb73e262,2026-04-24 22:07:57.187,2026-04-24 22:07:57.187,b37afe79-4a7f-4dee-bfec-3aaebb73e262,[PREMIUM],New,2026,Toyota,RAV4,LE,[PREMIUM],[PREMIUM],0,SUV,White,Black,FWD,,,Gasoline,,,dealership,[PREMIUM],Miami,FL,/vehicles/vehicle-type-3.webp,,[],,,[PREMIUM]
bb37546f-b977-4d86-94c3-f3816368a724,2026-04-24 22:07:57.186,2026-04-24 22:07:57.186,bb37546f-b977-4d86-94c3-f3816368a724,[PREMIUM],New,2026,Kia,Sportage,EX,[PREMIUM],[PREMIUM],1,SUV,Wolf Gray,Black,FWD,,,Flexible Fuel,,,dealership,[PREMIUM],Lithonia,GA,/vehicles/vehicle-type-2.webp,,[],,,[PREMIUM]
dab7b05f-d6ec-4ae7-abf5-774a72cdbb14,2026-04-24 22:07:57.183,2026-04-24 22:07:57.183,dab7b05f-d6ec-4ae7-abf5-774a72cdbb14,[PREMIUM],New,2026,Nissan,Rogue,Rock Creek,[PREMIUM],[PREMIUM],6,SUV,Baja Storm,Charcoal,AWD,,,Gasoline,,,dealership,[PREMIUM],Poway,CA,/vehicles/vehicle-type-4.webp,,[],,,[PREMIUM]
88db9f15-273e-4553-b2a0-25a4311a94cc,2026-04-24 22:07:57.178,2026-04-24 22:07:57.178,88db9f15-273e-4553-b2a0-25a4311a94cc,[PREMIUM],New,2026,Chevrolet,Trailblazer,LT,[PREMIUM],[PREMIUM],2,SUV,Summit White,Jet Blk Clth,Front-wheel Drive,,,Gasoline,,,dealership,[PREMIUM],North Branch,MN,/vehicles/vehicle-type-4.webp,,[],,,[PREMIUM]
bc2a677b-9fad-4514-ae7d-58a21f0835ef,2026-04-24 22:07:57.175,2026-04-24 22:07:57.175,bc2a677b-9fad-4514-ae7d-58a21f0835ef,[PREMIUM],New,2026,Mitsubishi,Outlander,SE 1.5T 2WD,[PREMIUM],[PREMIUM],10,SUV,Red Diamond,L/Gray,Front Wheel Drive,,,Regular unleaded,,,dealership,[PREMIUM],Winter Park,FL,/vehicles/vehicle-type-3.webp,,[],,,[PREMIUM]
3f78f3ff-1d87-4cba-8a7b-4dda981d660b,2026-04-24 22:07:57.171,2026-04-24 22:07:57.171,3f78f3ff-1d87-4cba-8a7b-4dda981d660b,[PREMIUM],New,2026,Chevrolet,Trailblazer,LT,[PREMIUM],[PREMIUM],2,SUV,Apex Red,Jet Blk Clth,All-wheel Drive,,,Gasoline,,,dealership,[PREMIUM],North Branch,MN,/vehicles/vehicle-type-2.webp,,[],,,[PREMIUM]
41077060-49e5-4550-9258-ea86a5aeb7fa,2026-04-24 22:07:57.160,2026-04-27 22:08:01.264,41077060-49e5-4550-9258-ea86a5aeb7fa,[PREMIUM],New,2026,Chevrolet,Trailblazer,LT,[PREMIUM],[PREMIUM],35,SUV,Mosaic Black Metallic,Jet Black,All-wheel Drive,,,Gasoline,,,dealership,[PREMIUM],Hamburg,PA,/vehicles/vehicle-type-6.webp,,[],,,[PREMIUM]
299da63c-94da-4285-9bf9-5a6f017052ad,2026-04-24 22:07:47.089,2026-04-24 22:07:47.089,299da63c-94da-4285-9bf9-5a6f017052ad,[PREMIUM],New,2026,Nissan,Rogue,Rock Creek,[PREMIUM],[PREMIUM],6,SUV,Obsidian Green,Charcoal,AWD,,,Gasoline,,,dealership,[PREMIUM],Poway,CA,/vehicles/vehicle-type-4.webp,,[],,,[PREMIUM]
9b768e52-c955-4859-917a-e879e130fb39,2026-04-24 22:07:46.902,2026-04-24 22:07:46.902,9b768e52-c955-4859-917a-e879e130fb39,[PREMIUM],New,2026,Chevrolet,Equinox,LT,[PREMIUM],[PREMIUM],,SUV,Summit White,Black,Front-wheel Drive,,,Gasoline,,,dealership,[PREMIUM],Bourbonnais,IL,/vehicles/vehicle-type-6.webp,,[],,,[PREMIUM]
b9f34291-11fe-4634-bded-1d23cf168aff,2026-04-24 22:07:46.833,2026-04-27 22:08:01.358,b9f34291-11fe-4634-bded-1d23cf168aff,[PREMIUM],New,2026,Kia,Sportage,EX,[PREMIUM],[PREMIUM],,SUV,Gray,Black,Front-wheel Drive,,,E85 Flex Fuel,,,dealership,[PREMIUM],Indianapolis,IN,/vehicles/vehicle-type-7.webp,,[],,,[PREMIUM]
52801b7e-1d2d-45a8-905a-bb290a97a0e4,2026-04-24 22:07:46.811,2026-04-24 22:07:46.811,52801b7e-1d2d-45a8-905a-bb290a97a0e4,[PREMIUM],New,2026,Nissan,Rogue,Dark Armor,[PREMIUM],[PREMIUM],6,SUV,Gun Metallic,Charcoal,Front-wheel Drive,,,Gasoline,,,dealership,[PREMIUM],Poway,CA,/vehicles/vehicle-type-1.webp,,[],,,[PREMIUM]
626c5c68-61a5-49c2-a24a-a79c9fcda05a,2026-04-24 22:07:46.781,2026-04-24 22:07:46.781,626c5c68-61a5-49c2-a24a-a79c9fcda05a,[PREMIUM],New,2026,Mitsubishi,Outlander,SE 1.5T 2WD,[PREMIUM],[PREMIUM],10,SUV,Red Diamond,L/Gray,Front Wheel Drive,,,Regular unleaded,,,dealership,[PREMIUM],Winter Park,FL,/vehicles/vehicle-type-6.webp,,[],,,[PREMIUM]
bed36bf2-741c-402a-8fdd-d2dcf049e563,2026-04-24 22:07:46.743,2026-04-24 22:07:46.743,bed36bf2-741c-402a-8fdd-d2dcf049e563,[PREMIUM],New,2026,Mitsubishi,Outlander,SE 1.5T 2WD,[PREMIUM],[PREMIUM],5,SUV,Red Diamond,L/Gray,Front Wheel Drive,,,Regular unleaded,,,dealership,[PREMIUM],Winter Park,FL,/vehicles/vehicle-type-4.webp,,[],,,[PREMIUM]
54dff030-440a-48d5-9c82-10c789092f3e,2026-04-24 22:07:46.738,2026-04-24 22:07:46.738,54dff030-440a-48d5-9c82-10c789092f3e,[PREMIUM],New,2026,Nissan,Rogue,Dark Armor,[PREMIUM],[PREMIUM],3,SUV,Black,Charcoal,Front-wheel Drive,,,Gasoline,,,dealership,[PREMIUM],Poway,CA,/vehicles/vehicle-type-5.webp,,[],,,[PREMIUM]
49384ba7-a98c-43db-b97f-1eb9400df5c9,2026-04-24 22:07:46.734,2026-04-24 22:07:46.734,49384ba7-a98c-43db-b97f-1eb9400df5c9,[PREMIUM],New,2026,Mitsubishi,Eclipse Cross,SEL,[PREMIUM],[PREMIUM],10,SUV,Alloy Silver Metallic,L/Gray,Four Wheel Drive,,,Regular unleaded,,,dealership,[PREMIUM],Winter Park,FL,/vehicles/vehicle-type-3.webp,,[],,,[PREMIUM]
89e05210-01b0-4689-b4c5-5c0728296479,2026-04-24 22:07:46.734,2026-04-24 22:07:46.734,89e05210-01b0-4689-b4c5-5c0728296479,[PREMIUM],New,2026,Nissan,Rogue,Rock Creek,[PREMIUM],[PREMIUM],6,SUV,Baja Storm,Charcoal,AWD,,,Gasoline,,,dealership,[PREMIUM],Poway,CA,/vehicles/vehicle-type-5.webp,,[],,,[PREMIUM]
16e4dc63-2d00-404b-92ab-7864d677512d,2026-04-24 22:07:46.717,2026-04-24 22:07:46.717,16e4dc63-2d00-404b-92ab-7864d677512d,[PREMIUM],New,2026,Mitsubishi,Outlander,SE 1.5T 2WD,[PREMIUM],[PREMIUM],10,SUV,Cosmic Blue Metallic,L/Gray,Front Wheel Drive,,,Regular unleaded,,,dealership,[PREMIUM],Winter Park,FL,/vehicles/vehicle-type-1.webp,,[],,,[PREMIUM]
6585e195-d6ee-44da-b098-f274414a8684,2026-04-24 22:07:26.377,2026-04-24 22:07:26.377,6585e195-d6ee-44da-b098-f274414a8684,[PREMIUM],New,2026,Subaru,Forester Hybrid,Premium,[PREMIUM],[PREMIUM],5,SUV,Crimson Red Pearl,Gray,All-wheel Drive,,,Gasoline,,,dealership,[PREMIUM],Port Richey,FL,/vehicles/vehicle-type-5.webp,,[],,,[PREMIUM]
edb02961-eea9-4386-9c19-cf17e462306a,2026-04-24 22:07:26.316,2026-04-27 22:07:40.968,edb02961-eea9-4386-9c19-cf17e462306a,[PREMIUM],New,2026,Mitsubishi,Outlander Sport,2.0 RALLIART,[PREMIUM],[PREMIUM],10,SUV,White Diamond,Black,Four-wheel Drive,,,Gasoline,,,dealership,[PREMIUM],Winter Park,FL,/vehicles/vehicle-type-4.webp,,[],,,[PREMIUM]
061ec925-fdf6-48e9-b228-2cf54be45635,2026-04-24 22:07:26.302,2026-04-24 22:07:26.302,061ec925-fdf6-48e9-b228-2cf54be45635,[PREMIUM],New,2026,Chevrolet,Trailblazer,RS,[PREMIUM],[PREMIUM],0,SUV,Mosaic Black Metallic,Jet Black w/Red Accents,All-wheel Drive,,,Gasoline,,,dealership,[PREMIUM],Somerset,PA,/vehicles/vehicle-type-1.webp,,[],,,[PREMIUM]
8279874a-0b37-41a7-9f92-483191c40d95,2026-04-24 22:07:16.102,2026-04-24 22:07:16.102,8279874a-0b37-41a7-9f92-483191c40d95,[PREMIUM],New,2026,Honda,Accord,LX 1.5T,[PREMIUM],[PREMIUM],10,Sedan,Platinum White Pearl,Nh-883p/Black,Front Wheel Drive,,,Regular unleaded,,,dealership,[PREMIUM],Stuart,FL,/vehicles/vehicle-type-1.webp,,[],,,[PREMIUM]
47d9960a-f31f-424e-adfa-c79336e2e31c,2026-04-24 22:07:16.073,2026-04-24 22:07:16.073,47d9960a-f31f-424e-adfa-c79336e2e31c,[PREMIUM],New,2026,Toyota,Camry,LE,[PREMIUM],[PREMIUM],0,Sedan,Underground,Black Fabric,Front-wheel Drive,,,Gasoline,,,dealership,[PREMIUM],San Marcos,TX,/vehicles/vehicle-type-1.webp,,[],,,[PREMIUM]
d4d0ca8f-9947-444a-8f08-c2a1a1b10102,2026-04-24 22:07:16.063,2026-04-24 22:07:16.063,d4d0ca8f-9947-444a-8f08-c2a1a1b10102,[PREMIUM],New,2027,Chevrolet,Bolt,LT FWD,[PREMIUM],[PREMIUM],0,SUV,Sterling Gray Metallic,Jet Black with Blue and Gray Stitching,Front-wheel Drive,,,Electric,,,dealership,[PREMIUM],Somerset,PA,/vehicles/vehicle-type-1.webp,,[],,,[PREMIUM]
f614b808-800c-4359-a29f-68653000f728,2026-04-24 22:05:45.322,2026-04-24 22:05:45.322,f614b808-800c-4359-a29f-68653000f728,[PREMIUM],Used,2014,Toyota,Tacoma,Prerunner,[PREMIUM],[PREMIUM],42531,Truck,Gray,GRAY,Rear-wheel Drive,,,Gasoline,,,dealership,[PREMIUM],Killeen,TX,/vehicles/vehicle-type-4.webp,,[],,,[PREMIUM]
7703cae4-7fa8-4d83-b83a-fe8113387665,2026-04-24 22:05:35.150,2026-04-27 22:05:50.874,7703cae4-7fa8-4d83-b83a-fe8113387665,[PREMIUM],Used,2015,Lexus,RX 350,,[PREMIUM],[PREMIUM],41608,SUV,Gold,TAN,Four-wheel Drive,,,Gasoline,,,dealership,[PREMIUM],Littleton,CO,/vehicles/vehicle-type-7.webp,,[],,,[PREMIUM]
85da4bd3-9821-4d34-bab4-1bc50892dab8,2026-04-24 22:05:15.046,2026-04-24 22:05:15.046,85da4bd3-9821-4d34-bab4-1bc50892dab8,[PREMIUM],Used,2016,Chevrolet,Silverado 1500,LT,[PREMIUM],[PREMIUM],87819,Truck,Red,BLACK,Four-wheel Drive,,,E85 Flex Fuel,,,dealership,[PREMIUM],St. Peters,MO,/vehicles/vehicle-type-6.webp,,[],,,[PREMIUM]
ea18fc4e-a10f-4112-9cf9-03484ecd148d,2026-04-24 22:04:44.660,2026-04-27 22:05:00.776,ea18fc4e-a10f-4112-9cf9-03484ecd148d,[PREMIUM],Used,2017,Lexus,RX 350,Base,[PREMIUM],[PREMIUM],48320,SUV,Nebula Gray Pearl,Black,All-wheel Drive,,,Gasoline,,,dealership,[PREMIUM],Orland Park,IL,/vehicles/vehicle-type-6.webp,,[],,,[PREMIUM]
277d7c65-add2-488a-a4b2-38046ad1c844,2026-04-24 22:04:44.557,2026-04-24 22:04:44.557,277d7c65-add2-488a-a4b2-38046ad1c844,[PREMIUM],Used,2017,Volvo,V60 Cross Country,T5 Platinum,[PREMIUM],[PREMIUM],22518,Wagon,Brown,BLACK,Four-wheel Drive,,,Gasoline,,,dealership,[PREMIUM],Brooklyn Park,MN,/vehicles/vehicle-type-5.webp,,[],,,[PREMIUM]
b002d32c-5d11-4f1e-8e43-1cf2ffd59b6f,2026-04-24 22:04:44.552,2026-04-24 22:04:44.552,b002d32c-5d11-4f1e-8e43-1cf2ffd59b6f,[PREMIUM],Used,2017,GMC,Sierra 1500,SLT,[PREMIUM],[PREMIUM],126314,Truck,WHITE,BLACK,Four Wheel Drive,,,Regular unleaded,,,dealership,[PREMIUM],Rainbow City,AL,/vehicles/vehicle-type-7.webp,,[],,,[PREMIUM]
70753647-4d35-4c63-a752-6f43dcee6e20,2026-04-24 22:04:34.610,2026-04-27 22:04:50.664,70753647-4d35-4c63-a752-6f43dcee6e20,[PREMIUM],Used,2017,Chevrolet,Silverado 1500,LS,[PREMIUM],[PREMIUM],83178,Truck,White,Gray,Rear-wheel Drive,,,Gasoline,,,dealership,[PREMIUM],Fresno,CA,/vehicles/vehicle-type-6.webp,,[],,,[PREMIUM]
2a5e2d05-76a7-4a81-8ee5-99076a22f47e,2026-04-24 22:04:34.352,2026-04-24 22:04:34.352,2a5e2d05-76a7-4a81-8ee5-99076a22f47e,[PREMIUM],Used,2017,Chevrolet,Silverado 1500,LTZ,[PREMIUM],[PREMIUM],102802,Truck,Burgundy,Charcoal,Four-wheel Drive,,,Gasoline,,,dealership,[PREMIUM],Fresno,CA,/vehicles/vehicle-type-1.webp,,[],,,[PREMIUM]
622c996c-8c30-4e36-b1d7-57168d48d814,2026-04-24 22:04:34.253,2026-04-24 22:04:34.253,622c996c-8c30-4e36-b1d7-57168d48d814,[PREMIUM],Used,2017,Ford,F-250,,[PREMIUM],[PREMIUM],159360,Truck,Oxford White,Gray,Four-wheel Drive,,,Diesel,,,dealership,[PREMIUM],Dallas,TX,/vehicles/vehicle-type-1.webp,,[],,,[PREMIUM]
2b7d05f1-0d4a-446f-a2d1-20f5f8c6dd75,2026-04-24 22:04:14.066,2026-04-24 22:04:14.066,2b7d05f1-0d4a-446f-a2d1-20f5f8c6dd75,[PREMIUM],Used,2018,Jeep,Grand Cherokee,Trailhawk,[PREMIUM],[PREMIUM],81286,SUV,Velvet Red Pearlcoat,Ruby Red/Black,Four-wheel Drive,,,Gasoline,,,dealership,[PREMIUM],North Branch,MN,/vehicles/vehicle-type-7.webp,,[],,,[PREMIUM]
e95db687-e99c-41d8-9c24-514a7430d7fd,2026-04-24 22:04:14.050,2026-04-24 22:04:14.050,e95db687-e99c-41d8-9c24-514a7430d7fd,[PREMIUM],Used,2018,Lexus,NX 300,,[PREMIUM],[PREMIUM],57677,SUV,Silver,BROWN,Four-wheel Drive,,,Gasoline,,,dealership,[PREMIUM],Glencoe,IL,/vehicles/vehicle-type-2.webp,,[],,,[PREMIUM]
5d01402f-5694-416d-9815-8773567f75f0,2026-04-24 22:04:14.019,2026-04-24 22:04:14.019,5d01402f-5694-416d-9815-8773567f75f0,[PREMIUM],Used,2018,Dodge,Challenger,R/T,[PREMIUM],[PREMIUM],24307,Coupe,Pitch Black Clearcoat,Black,Rear-wheel Drive,,,Gasoline,,,dealership,[PREMIUM],Houston,TX,/vehicles/vehicle-type-3.webp,,[],,,[PREMIUM]
d502af77-3a89-45d0-bdc6-edf0de3653dd,2026-04-24 22:04:14.015,2026-04-24 22:04:14.015,d502af77-3a89-45d0-bdc6-edf0de3653dd,[PREMIUM],Used,2018,Chevrolet,Suburban,Premier,[PREMIUM],[PREMIUM],107561,SUV,Tungsten Metallic,Cocoa/Mahogany,Four-wheel Drive,,,Gasoline,,,dealership,[PREMIUM],North Branch,MN,/vehicles/vehicle-type-7.webp,,[],,,[PREMIUM]
76d76386-0c3c-4c8b-b8d0-42203f372f9d,2026-04-24 22:04:14.006,2026-04-24 22:04:14.006,76d76386-0c3c-4c8b-b8d0-42203f372f9d,[PREMIUM],Used,2018,Audi,A5,Prestige,[PREMIUM],[PREMIUM],33070,Convertible,White,GRAY,Four-wheel Drive,,,Gasoline,,,dealership,[PREMIUM],Burbank,CA,/vehicles/vehicle-type-2.webp,,[],,,[PREMIUM]
deeb69e7-1f25-4662-b09b-5337b45e130e,2026-04-24 22:04:13.990,2026-04-27 22:04:20.456,deeb69e7-1f25-4662-b09b-5337b45e130e,[PREMIUM],Used,2018,Jeep,Wrangler JK Unlimited,Sahara,[PREMIUM],[PREMIUM],59904,SUV,Granite Crystal Clearcoat Metallic,Black,Four-wheel Drive,,,Gasoline,,,dealership,[PREMIUM],Florence,SC,/vehicles/vehicle-type-6.webp,,[],,,[PREMIUM]
fc9a49d3-01a8-4cbd-85d3-27e69ba49db5,2026-04-24 22:04:13.983,2026-04-24 22:04:13.983,fc9a49d3-01a8-4cbd-85d3-27e69ba49db5,[PREMIUM],Used,2018,Audi,S5,3.0T Prestige,[PREMIUM],[PREMIUM],44300,Hatchback,Black,Black,All-wheel Drive,,,Gasoline,,,private,[PREMIUM],,,/vehicles/vehicle-type-7.webp,,[],,,[PREMIUM]
e8fcde59-6c9c-4c20-8f38-5a8cee1ef31a,2026-04-24 22:04:13.981,2026-04-24 22:04:13.981,e8fcde59-6c9c-4c20-8f38-5a8cee1ef31a,[PREMIUM],Used,2018,Toyota,4Runner,SR5 Premium,[PREMIUM],[PREMIUM],110285,SUV,White,BLACK,Four-wheel Drive,,,Gasoline,,,dealership,[PREMIUM],Renton,WA,/vehicles/vehicle-type-2.webp,,[],,,[PREMIUM]
878aaca7-9794-4e27-bf39-bab384e13d82,2026-04-24 22:04:03.759,2026-04-27 22:04:20.858,878aaca7-9794-4e27-bf39-bab384e13d82,[PREMIUM],Used,2019,Toyota,Tundra,SR5,[PREMIUM],[PREMIUM],92273,Truck,Gray,BLACK,Rear-wheel Drive,,,Gasoline,,,dealership,[PREMIUM],Irving,TX,/vehicles/vehicle-type-5.webp,,[],,,[PREMIUM]
16d0d0fa-8e3d-4022-b3b0-cbc307f63bee,2026-04-24 22:04:03.747,2026-04-24 22:04:03.747,16d0d0fa-8e3d-4022-b3b0-cbc307f63bee,[PREMIUM],Used,2019,Ford,F-250,Lariat,[PREMIUM],[PREMIUM],237861,Truck,Ingot Silver Metallic,Black,Four-wheel Drive,,,Diesel,,,dealership,[PREMIUM],Dallas,TX,/vehicles/vehicle-type-1.webp,,[],,,[PREMIUM]
1812a02a-bd29-41fd-bde6-a9e376ce4772,2026-04-24 22:04:03.736,2026-04-24 22:04:03.736,1812a02a-bd29-41fd-bde6-a9e376ce4772,[PREMIUM],Used,2019,Toyota,RAV4,XLE,[PREMIUM],[PREMIUM],20915,SUV,White,TAN,Rear-wheel Drive,,,Gasoline,,,dealership,[PREMIUM],Oak Lawn,IL,/vehicles/vehicle-type-3.webp,,[],,,[PREMIUM]
bc495776-d3fb-4c6a-8e67-db7113b9bcd8,2026-04-24 22:04:03.723,2026-04-24 22:04:03.723,bc495776-d3fb-4c6a-8e67-db7113b9bcd8,[PREMIUM],Used,2019,GMC,Sierra 1500,Base,[PREMIUM],[PREMIUM],64579,Truck,Gray,Gray,Four-wheel Drive,,,Gasoline,,,dealership,[PREMIUM],Amsterdam,NY,/vehicles/vehicle-type-1.webp,,[],,,[PREMIUM]
c9fc444b-3887-4fb6-9c9a-bc351751b2e3,2026-04-24 22:04:03.701,2026-04-24 22:04:03.701,c9fc444b-3887-4fb6-9c9a-bc351751b2e3,[PREMIUM],Used,2019,Toyota,Highlander,SE,[PREMIUM],[PREMIUM],77200,SUV,Gray,Black,All-wheel Drive,,,Gasoline,,,private,[PREMIUM],,,/vehicles/vehicle-type-2.webp,,[],,,[PREMIUM]
bfc62704-4a63-44f0-a75e-b574f66d1e8e,2026-04-24 22:04:03.689,2026-04-24 22:04:03.689,bfc62704-4a63-44f0-a75e-b574f66d1e8e,[PREMIUM],Used,2019,Maserati,Levante,S GranLusso,[PREMIUM],[PREMIUM],45221,SUV,Bianco,Red w/Black Stitching,All-wheel Drive,,,Gasoline,,,dealership,[PREMIUM],Hermosa Beach,CA,/vehicles/vehicle-type-7.webp,,[],,,[PREMIUM]
04b54a9d-6115-47d2-819a-4487e61fb536,2026-04-24 22:04:03.660,2026-04-24 22:04:03.660,04b54a9d-6115-47d2-819a-4487e61fb536,[PREMIUM],Used,2019,BMW,X4,XDrive30i,[PREMIUM],[PREMIUM],52263,SUV,Black,BROWN,Four-wheel Drive,,,Gasoline,,,dealership,[PREMIUM],Clermont,FL,/vehicles/vehicle-type-6.webp,,[],,,[PREMIUM]
8d83d397-6e97-445c-869b-124baa0d4c37,2026-04-24 22:03:32.949,2026-04-24 22:03:32.949,8d83d397-6e97-445c-869b-124baa0d4c37,[PREMIUM],Used,2020,Toyota,Tacoma,TRD Sport,[PREMIUM],[PREMIUM],61734,Truck,Silver Sky Metallic,Black/Blue,Rear-wheel Drive,,,Gasoline,,,dealership,[PREMIUM],Royal Palm Beach,FL,/vehicles/vehicle-type-2.webp,,[],,,[PREMIUM]
caaea840-bfc2-41ab-b28d-cd63c51fde08,2026-04-24 22:03:02.489,2026-04-27 22:03:20.096,caaea840-bfc2-41ab-b28d-cd63c51fde08,[PREMIUM],Used,2020,Volkswagen,Atlas Cross Sport,3.6L V6 SEL Premium,[PREMIUM],[PREMIUM],58458,SUV,Pyrite Silver Metallic,Titan Black / Quarzit,All-wheel Drive,,,Gasoline,,,dealership,[PREMIUM],Milford,MA,/vehicles/vehicle-type-3.webp,,[],,,[PREMIUM]
73ad7db7-5ded-43e6-b3b7-2ccbb853e59c,2026-04-24 22:03:02.482,2026-04-27 22:03:20.139,73ad7db7-5ded-43e6-b3b7-2ccbb853e59c,[PREMIUM],Used,2020,Mercedes-Benz,GLE 350,Base 4MATIC,[PREMIUM],[PREMIUM],78270,SUV,White,Espresso Brown,All-wheel Drive,,,Gasoline,,,dealership,[PREMIUM],Beaumont,TX,/vehicles/vehicle-type-2.webp,,[],,,[PREMIUM]
8129d65a-7403-4104-969d-8a23911750ca,2026-04-24 22:03:02.465,2026-04-24 22:03:02.465,8129d65a-7403-4104-969d-8a23911750ca,[PREMIUM],Used,2020,Ford,F-150,XL,[PREMIUM],[PREMIUM],83776,Truck,Gray,BLACK,Rear-wheel Drive,,,Gasoline,,,dealership,[PREMIUM],Palmdale,CA,/vehicles/vehicle-type-3.webp,,[],,,[PREMIUM]
a2d5b661-01ce-42c7-88cd-7173b1d3fd9b,2026-04-24 22:03:02.419,2026-04-24 22:03:02.419,a2d5b661-01ce-42c7-88cd-7173b1d3fd9b,[PREMIUM],Used,2020,Toyota,Highlander,XLE,[PREMIUM],[PREMIUM],81015,SUV,Moon Dust,Black,All-wheel Drive,,,Gasoline,,,dealership,[PREMIUM],Buford,GA,/vehicles/vehicle-type-2.webp,,[],,,[PREMIUM]
bbcb36a6-bec7-4b61-a120-913ccb35005d,2026-04-24 22:03:02.402,2026-04-30 22:03:38.024,bbcb36a6-bec7-4b61-a120-913ccb35005d,[PREMIUM],Used,2020,Toyota,Highlander,XLE,[PREMIUM],[PREMIUM],78765,SUV,Black,TAN,Four-wheel Drive,,,Gasoline,,,dealership,[PREMIUM],Buford,GA,/vehicles/vehicle-type-7.webp,,[],,,[PREMIUM]
a8f0d4ad-03e0-44c6-b3bc-741e8ea6793b,2026-04-24 22:03:02.379,2026-04-24 22:03:02.379,a8f0d4ad-03e0-44c6-b3bc-741e8ea6793b,[PREMIUM],Used,2020,Ford,F-150,XLT,[PREMIUM],[PREMIUM],76147,Truck,LEAD FOOT,BLACK SPORT 40/CONSOLE/40,Four-wheel Drive,,,Gasoline,,,dealership,[PREMIUM],Hamilton,NY,/vehicles/vehicle-type-6.webp,,[],,,[PREMIUM]
8cbc750f-2bed-486c-b0b4-b5b945064219,2026-04-24 22:02:42.122,2026-04-27 22:02:59.893,8cbc750f-2bed-486c-b0b4-b5b945064219,[PREMIUM],Used,2020,Chevrolet,Silverado 1500,LT,[PREMIUM],[PREMIUM],91564,Truck,Summit White,Jet Black,Four-wheel Drive,,,Gasoline,,,dealership,[PREMIUM],Kennewick,WA,/vehicles/vehicle-type-1.webp,,[],,,[PREMIUM]
f4d00687-552d-4034-8a96-f4f6bfa42405,2026-04-24 22:02:42.112,2026-04-30 22:03:07.232,f4d00687-552d-4034-8a96-f4f6bfa42405,[PREMIUM],Used,2020,Chevrolet,Silverado 1500,LTZ,[PREMIUM],[PREMIUM],143207,Truck,Summit White,Gideon,Four-wheel Drive,,,Gasoline,,,dealership,[PREMIUM],Anoka,MN,/vehicles/vehicle-type-5.webp,,[],,,[PREMIUM]
e6db35d8-e614-4ce2-9b18-7f907cb5535a,2026-04-24 22:02:42.105,2026-04-24 22:02:42.105,e6db35d8-e614-4ce2-9b18-7f907cb5535a,[PREMIUM],Used,2020,Chevrolet,Tahoe,LT,[PREMIUM],[PREMIUM],104584,SUV,Shadow Gray Metallic,Black,Rear-wheel Drive,,,Gasoline,,,dealership,[PREMIUM],Houston,TX,/vehicles/vehicle-type-7.webp,,[],,,[PREMIUM]
4f46b69e-dcb7-40ad-9e5e-a92a9fe68392,2026-04-24 22:02:42.061,2026-04-24 22:02:42.061,4f46b69e-dcb7-40ad-9e5e-a92a9fe68392,[PREMIUM],Used,2020,Tesla,Model S,Long Range,[PREMIUM],[PREMIUM],74678,Hatchback,Gray,,AWD,,,Electric,,,dealership,[PREMIUM],Coconut Creek,FL,/vehicles/vehicle-type-3.webp,,[],,,[PREMIUM]
570eb8b6-18d2-4412-a99d-13974e1d19a1,2026-04-24 22:02:42.057,2026-04-27 22:02:59.848,570eb8b6-18d2-4412-a99d-13974e1d19a1,[PREMIUM],Used,2020,Mercedes-Benz,GLC 300,4MATIC Coupe,[PREMIUM],[PREMIUM],67717,SUV,Black,Silk Beige/Black,All-wheel Drive,,,Gasoline,,,dealership,[PREMIUM],Berwyn,IL,/vehicles/vehicle-type-2.webp,,[],,,[PREMIUM]
4e0ca8e3-1869-4521-a247-667cb68fb0ad,2026-04-24 22:02:42.044,2026-04-24 22:02:42.044,4e0ca8e3-1869-4521-a247-667cb68fb0ad,[PREMIUM],Used,2020,BMW,X5,sDrive40i,[PREMIUM],[PREMIUM],70614,SUV,Alpine White,Black,Rear-wheel Drive,,,Gasoline,,,dealership,[PREMIUM],Costa Mesa,CA,/vehicles/vehicle-type-7.webp,,[],,,[PREMIUM]
8fe97131-e896-41ed-9e44-52dbc45f6a5e,2026-04-24 22:02:21.519,2026-04-27 22:02:29.988,8fe97131-e896-41ed-9e44-52dbc45f6a5e,[PREMIUM],Used,2020,BMW,X3,xDrive30i,[PREMIUM],[PREMIUM],54153,SUV,Jet Black,Black,All-wheel Drive,,,Gasoline,,,dealership,[PREMIUM],Wayzata,MN,/vehicles/vehicle-type-7.webp,,[],,,[PREMIUM]
a4f208ad-429b-44dc-9fa5-a8ade2c1e611,2026-04-24 22:02:01.488,2026-04-24 22:02:01.488,a4f208ad-429b-44dc-9fa5-a8ade2c1e611,[PREMIUM],Used,2020,BMW,X5,sDrive40i,[PREMIUM],[PREMIUM],62045,SUV,Phytonic Blue Metallic,Black,Rear-wheel Drive,,,Gasoline,,,dealership,[PREMIUM],Orlando,FL,/vehicles/vehicle-type-7.webp,,[],,,[PREMIUM]
1ed25518-556f-437c-81d8-cdd0a834e60e,2026-04-24 22:02:01.438,2026-04-24 22:02:01.438,1ed25518-556f-437c-81d8-cdd0a834e60e,[PREMIUM],Used,2020,Jeep,Wrangler Unlimited,Sport,[PREMIUM],[PREMIUM],36345,SUV,Black Clearcoat,Black,Four-wheel Drive,,,Gasoline,,,dealership,[PREMIUM],Bloomfield,NJ,/vehicles/vehicle-type-3.webp,,[],,,[PREMIUM]
956dfa8c-f69c-4670-a041-f46d712eceef,2026-04-24 22:01:21.028,2026-04-24 22:01:21.028,956dfa8c-f69c-4670-a041-f46d712eceef,[PREMIUM],Used,2020,Toyota,Tacoma,TRD Sport,[PREMIUM],[PREMIUM],110546,Truck,Super White (040),Black (27),Four-wheel Drive,,,Gasoline,,,dealership,[PREMIUM],Greenwood,SC,/vehicles/vehicle-type-5.webp,,[],,,[PREMIUM]
aedc9d31-55ad-4c09-8c14-c1a719de0cb8,2026-04-24 22:01:21.009,2026-04-24 22:01:21.009,aedc9d31-55ad-4c09-8c14-c1a719de0cb8,[PREMIUM],Used,2020,BMW,X5,xDrive40i,[PREMIUM],[PREMIUM],62226,SUV,Alpine White,Coffee,All-wheel Drive,,,Gasoline,,,dealership,[PREMIUM],Fort Worth,TX,/vehicles/vehicle-type-4.webp,,[],,,[PREMIUM]
443436de-be8d-4672-93ef-721725d9ef50,2026-04-24 22:01:20.974,2026-04-24 22:01:20.974,443436de-be8d-4672-93ef-721725d9ef50,[PREMIUM],Used,2020,Ford,Ranger,XLT,[PREMIUM],[PREMIUM],49515,Truck,Shadow Black,Ebony,Rear-wheel Drive,,,Gasoline,,,dealership,[PREMIUM],High Point,NC,/vehicles/vehicle-type-3.webp,,[],,,[PREMIUM]
f6e20d9b-6d05-4537-861f-0476d4aa9ee9,2026-04-24 22:01:20.928,2026-04-24 22:01:20.928,f6e20d9b-6d05-4537-861f-0476d4aa9ee9,[PREMIUM],Used,2020,RAM,1500,Big Horn/Lone Star,[PREMIUM],[PREMIUM],95568,Truck,Billet Silver Metallic Clearcoat,,Four-wheel Drive,,,Gasoline,,,dealership,[PREMIUM],Baton Rouge,LA,/vehicles/vehicle-type-7.webp,,[],,,[PREMIUM]
36c7b681-7b69-4649-accf-93157eba46a6,2026-04-24 22:01:20.916,2026-04-24 22:01:20.916,36c7b681-7b69-4649-accf-93157eba46a6,[PREMIUM],Used,2020,Ford,F-250,,[PREMIUM],[PREMIUM],153546,Truck,Star White Metallic Tri-Coat,Highland Tan,Four-wheel Drive,,,Diesel,,,dealership,[PREMIUM],Dallas,TX,/vehicles/vehicle-type-5.webp,,[],,,[PREMIUM]
5d4d0995-903a-4e8e-9c6c-b26fe98a1192,2026-04-24 22:01:10.578,2026-04-24 22:01:10.578,5d4d0995-903a-4e8e-9c6c-b26fe98a1192,[PREMIUM],Used,2020,Toyota,Tacoma,SR5,[PREMIUM],[PREMIUM],64277,Truck,Silver Sky Metallic,Cement,RWD,,,Gasoline,,,dealership,[PREMIUM],Brandon,FL,/vehicles/vehicle-type-7.webp,,[],,,[PREMIUM]
831e7c15-d96c-428a-ad7f-1804617e7381,2026-04-24 22:01:10.568,2026-04-24 22:01:10.568,831e7c15-d96c-428a-ad7f-1804617e7381,[PREMIUM],Used,2020,Chevrolet,Silverado 1500,LT Trail Boss,[PREMIUM],[PREMIUM],131758,Truck,Black,Jet Black,Four-wheel Drive,,,Gasoline,,,dealership,[PREMIUM],Wooster,OH,/vehicles/vehicle-type-1.webp,,[],,,[PREMIUM]
128ff41e-3d4a-4caa-8105-6e74834166e9,2026-04-24 22:01:00.374,2026-04-24 22:01:00.374,128ff41e-3d4a-4caa-8105-6e74834166e9,[PREMIUM],Used,2020,Ford,Edge,ST,[PREMIUM],[PREMIUM],31669,SUV,Black,BLACK,4WD,,,Gas,,,dealership,[PREMIUM],Edison,NJ,/vehicles/vehicle-type-4.webp,,[],,,[PREMIUM]
bce99ffe-b9d5-4e81-acd8-1afe8d23b867,2026-04-24 22:01:00.359,2026-04-24 22:01:00.359,bce99ffe-b9d5-4e81-acd8-1afe8d23b867,[PREMIUM],Used,2020,Subaru,Forester,Touring,[PREMIUM],[PREMIUM],50443,SUV,White,BROWN,Four-wheel Drive,,,Gasoline,,,dealership,[PREMIUM],Lithia Springs,GA,/vehicles/vehicle-type-1.webp,,[],,,[PREMIUM]
ca9f9c40-1e81-40a6-a9af-333abe66c6e3,2026-04-24 22:01:00.350,2026-04-24 22:01:00.350,ca9f9c40-1e81-40a6-a9af-333abe66c6e3,[PREMIUM],Used,2020,Jeep,Wrangler,Sport S,[PREMIUM],[PREMIUM],33907,SUV,White,BLACK,Four-wheel Drive,,,Gasoline,,,dealership,[PREMIUM],Escondido,CA,/vehicles/vehicle-type-5.webp,,[],,,[PREMIUM]
979a0a62-2da2-442c-a040-c21822d29585,2026-04-24 22:01:00.347,2026-04-27 22:01:09.700,979a0a62-2da2-442c-a040-c21822d29585,[PREMIUM],Used,2020,Honda,Pilot,Touring,[PREMIUM],[PREMIUM],69358,SUV,Silver,GRAY,Rear-wheel Drive,,,Gasoline,,,dealership,[PREMIUM],Myrtle Beach,SC,/vehicles/vehicle-type-2.webp,,[],,,[PREMIUM]
18c39470-f300-4d23-9bfa-dae1bdb54306,2026-04-24 22:01:00.345,2026-04-24 22:01:00.345,18c39470-f300-4d23-9bfa-dae1bdb54306,[PREMIUM],Used,2020,Toyota,RAV4,XLE Premium,[PREMIUM],[PREMIUM],70175,SUV,Gray,BLACK,Four-wheel Drive,,,Gasoline,,,dealership,[PREMIUM],Charlotte,NC,/vehicles/vehicle-type-5.webp,,[],,,[PREMIUM]
e4feddb2-8551-4d0f-b447-0ad72f263be3,2026-04-24 22:01:00.345,2026-04-24 22:01:00.345,e4feddb2-8551-4d0f-b447-0ad72f263be3,[PREMIUM],Used,2020,BMW,X3,sDrive30i,[PREMIUM],[PREMIUM],42769,SUV,Black,TAN,Rear-wheel Drive,,,Gasoline,,,dealership,[PREMIUM],Clermont,FL,/vehicles/vehicle-type-5.webp,,[],,,[PREMIUM]
0a5778e0-2431-4007-8fb9-0849707eb49d,2026-04-24 22:00:50.152,2026-04-24 22:00:50.152,0a5778e0-2431-4007-8fb9-0849707eb49d,[PREMIUM],Used,2020,Toyota,RAV4 Hybrid,XSE,[PREMIUM],[PREMIUM],103444,SUV,Gray,BLACK,Four-wheel Drive,,,Hybrid,,,dealership,[PREMIUM],Reno,NV,/vehicles/vehicle-type-5.webp,,[],,,[PREMIUM]
2a65dc46-9113-4753-993f-28d3f0f47af8,2026-04-24 22:00:50.149,2026-04-24 22:00:50.149,2a65dc46-9113-4753-993f-28d3f0f47af8,[PREMIUM],Used,2020,Jeep,Gladiator,Sport S,[PREMIUM],[PREMIUM],43372,Truck,Gray,BLACK,Four-wheel Drive,,,Gasoline,,,dealership,[PREMIUM],Lexington,KY,/vehicles/vehicle-type-4.webp,,[],,,[PREMIUM]
44383dc4-3734-4a42-81a2-1ee96dd49b9e,2026-04-24 22:00:50.128,2026-04-24 22:00:50.128,44383dc4-3734-4a42-81a2-1ee96dd49b9e,[PREMIUM],Used,2020,Kia,Telluride,S,[PREMIUM],[PREMIUM],48894,SUV,Burgundy,BLACK,Rear-wheel Drive,,,Gasoline,,,dealership,[PREMIUM],Charlotte,NC,/vehicles/vehicle-type-7.webp,,[],,,[PREMIUM]
ef5f2e53-edf7-45fa-accd-e14b96280f21,2026-04-24 22:00:50.123,2026-04-24 22:00:50.123,ef5f2e53-edf7-45fa-accd-e14b96280f21,[PREMIUM],Used,2020,Honda,Pilot,Touring,[PREMIUM],[PREMIUM],66823,SUV,White,TAN,Four-wheel Drive,,,Gasoline,,,dealership,[PREMIUM],Roseville,CA,/vehicles/vehicle-type-1.webp,,[],,,[PREMIUM]
7bce71ee-6050-4936-9c31-a8971d78632f,2026-04-24 22:00:50.086,2026-04-30 22:01:56.247,7bce71ee-6050-4936-9c31-a8971d78632f,[PREMIUM],Used,2021,Audi,Q7,55 Premium,[PREMIUM],[PREMIUM],73483,SUV,Galaxy Blue Metallic,Saiga Beige,All-wheel Drive,,,Gasoline,,,dealership,[PREMIUM],Schaumburg,IL,/vehicles/vehicle-type-3.webp,,[],,,[PREMIUM]
ee6262c5-8344-4aaa-8492-d45233d0da62,2026-04-24 22:00:50.062,2026-04-27 22:01:09.521,ee6262c5-8344-4aaa-8492-d45233d0da62,[PREMIUM],Used,2021,Ford,Explorer,XLT,[PREMIUM],[PREMIUM],57390,SUV,Blue Metallic,Ebony,Four-wheel Drive,,,Gasoline,,,dealership,[PREMIUM],Zainesville,OH,/vehicles/vehicle-type-1.webp,,[],,,[PREMIUM]
7d014b8d-3b79-4c20-870d-d31edda63d97,2026-04-24 22:00:50.057,2026-04-24 22:00:50.057,7d014b8d-3b79-4c20-870d-d31edda63d97,[PREMIUM],Used,2020,INFINITI,Q60,Pure,[PREMIUM],[PREMIUM],22601,Coupe,Gray,BLACK,Four-wheel Drive,,,Gasoline,,,dealership,[PREMIUM],Buena Park,CA,/vehicles/vehicle-type-4.webp,,[],,,[PREMIUM]
048a451f-45d1-467f-bd84-89a4ee1097d2,2026-04-24 22:00:50.056,2026-04-24 22:00:50.056,048a451f-45d1-467f-bd84-89a4ee1097d2,[PREMIUM],Used,2020,Toyota,RAV4,XLE Premium,[PREMIUM],[PREMIUM],51592,SUV,Silver,GRAY,Rear-wheel Drive,,,Gasoline,,,dealership,[PREMIUM],San Antonio,TX,/vehicles/vehicle-type-7.webp,,[],,,[PREMIUM]
ec8fcb74-a65b-4368-afa9-5d1992c3fc6f,2026-04-24 22:00:50.055,2026-04-27 22:01:09.450,ec8fcb74-a65b-4368-afa9-5d1992c3fc6f,[PREMIUM],Used,2020,BMW,X3,XDrive30i,[PREMIUM],[PREMIUM],54397,SUV,White,CREAM,Four-wheel Drive,,,Gasoline,,,dealership,[PREMIUM],Gainesville,GA,/vehicles/vehicle-type-7.webp,,[],,,[PREMIUM]
bddfcf5b-ee41-4397-a949-31689f2e01f8,2026-04-24 22:00:50.041,2026-04-24 22:00:50.041,bddfcf5b-ee41-4397-a949-31689f2e01f8,[PREMIUM],Used,2020,Subaru,Forester,Limited,[PREMIUM],[PREMIUM],17478,SUV,White,GRAY,Four-wheel Drive,,,Gasoline,,,dealership,[PREMIUM],Tinley Park,IL,/vehicles/vehicle-type-5.webp,,[],,,[PREMIUM]
2b516046-3346-43e7-a5ed-93bddc4ac352,2026-04-24 22:00:39.826,2026-04-24 22:00:39.826,2b516046-3346-43e7-a5ed-93bddc4ac352,[PREMIUM],Used,2021,Acura,TLX,Technology,[PREMIUM],[PREMIUM],54841,Sedan,sparkle silver met,,Front-wheel Drive,,,Gasoline,,,dealership,[PREMIUM],Wilkes-Barre,PA,/vehicles/vehicle-type-7.webp,,[],,,[PREMIUM]
c9bb2e27-a1fb-4d4d-8e31-a4c4bd9ac34b,2026-04-24 22:00:39.817,2026-04-24 22:00:39.817,c9bb2e27-a1fb-4d4d-8e31-a4c4bd9ac34b,[PREMIUM],Used,2021,Honda,Pilot,Touring 8-Passenger,[PREMIUM],[PREMIUM],88772,SUV,Crystal Black Pearl,Black,Front-wheel Drive,,,Gasoline,,,dealership,[PREMIUM],Lillington,NC,/vehicles/vehicle-type-2.webp,,[],,,[PREMIUM]
d943e9bf-e5c5-4401-90c9-27438a345acc,2026-04-24 22:00:39.815,2026-04-30 22:01:56.258,d943e9bf-e5c5-4401-90c9-27438a345acc,[PREMIUM],Used,2021,Volkswagen,Atlas Cross Sport,3.6L V6 SEL R-Line,[PREMIUM],[PREMIUM],37080,SUV,Pure White,Titan Black,Front-wheel Drive,,,Gasoline,,,dealership,[PREMIUM],Fort Pierce,FL,/vehicles/vehicle-type-5.webp,,[],,,[PREMIUM]
9b3dd9e0-d9e6-4792-a951-17edcb7fa8f2,2026-04-24 22:00:39.808,2026-04-24 22:00:39.808,9b3dd9e0-d9e6-4792-a951-17edcb7fa8f2,[PREMIUM],Used,2021,Chevrolet,Traverse,Premier,[PREMIUM],[PREMIUM],50397,SUV,Iridescent Pearl Tricoat,Dark Atmosphere/Medium Ash Gray,All-wheel Drive,,,Gasoline,,,dealership,[PREMIUM],Celina,OH,/vehicles/vehicle-type-3.webp,,[],,,[PREMIUM]
42cc0e75-8ada-4afa-b017-ace73d063da2,2026-04-24 22:00:29.549,2026-04-24 22:00:29.549,42cc0e75-8ada-4afa-b017-ace73d063da2,[PREMIUM],Used,2021,Tesla,Model 3,Performance,[PREMIUM],[PREMIUM],62061,Sedan,White,White/Black,All-wheel Drive,,,Electric,,,dealership,[PREMIUM],Sanford,FL,/vehicles/vehicle-type-4.webp,,[],,,[PREMIUM]
7aaa6ae6-24ff-458b-9b8c-a7a581fff78b,2026-04-24 22:00:19.354,2026-04-24 22:00:19.354,7aaa6ae6-24ff-458b-9b8c-a7a581fff78b,[PREMIUM],Used,2021,BMW,X3,sDrive30i,[PREMIUM],[PREMIUM],18451,SUV,Mineral White Metallic,Canberra Beige/Black,Rear-wheel Drive,,,Gasoline,,,dealership,[PREMIUM],Corpus Christi,TX,/vehicles/vehicle-type-7.webp,,[],,,[PREMIUM]
9c7bec3c-6b6a-4503-84fb-7c3034710c38,2026-04-24 22:00:19.326,2026-04-30 22:01:25.150,9c7bec3c-6b6a-4503-84fb-7c3034710c38,[PREMIUM],Used,2021,Tesla,Model 3,Long Range,[PREMIUM],[PREMIUM],49447,Sedan,Solid Black,Black,All-wheel Drive,,,Electric,,,dealership,[PREMIUM],El Paso,TX,/vehicles/vehicle-type-4.webp,,[],,,[PREMIUM]
105831d4-0e98-456b-90de-b5974cc114ca,2026-04-24 22:00:09.098,2026-04-27 22:00:19.178,105831d4-0e98-456b-90de-b5974cc114ca,[PREMIUM],Used,2021,Chevrolet,Traverse,RS,[PREMIUM],[PREMIUM],71308,SUV,Mosaic Black Metallic,Black,All-wheel Drive,,,Gasoline,,,dealership,[PREMIUM],White Bear Lake,MN,/vehicles/vehicle-type-5.webp,,[],,,[PREMIUM]
28af5a27-458b-43e4-9e82-1126d713ee59,2026-04-24 21:59:59.001,2026-04-24 21:59:59.001,28af5a27-458b-43e4-9e82-1126d713ee59,[PREMIUM],Used,2021,GMC,Canyon,Denali,[PREMIUM],[PREMIUM],62604,Truck,Onyx Black,Jet Black,Four-wheel Drive,,,Gasoline,,,dealership,[PREMIUM],Fargo,ND,/vehicles/vehicle-type-4.webp,,[],,,[PREMIUM]
1c9d0c5b-8e19-4b98-bd7f-5035e550f53b,2026-04-24 21:59:58.953,2026-04-24 21:59:58.953,1c9d0c5b-8e19-4b98-bd7f-5035e550f53b,[PREMIUM],Used,2021,Ford,Ranger,XLT,[PREMIUM],[PREMIUM],34191,Truck,Carbonized Gray Metallic,Ebony,Four-wheel Drive,,,Gasoline,,,dealership,[PREMIUM],Crystal Lake,IL,/vehicles/vehicle-type-6.webp,,[],,,[PREMIUM]
1077ddf6-6bc2-4ec0-a0bc-a92e87d45419,2026-04-24 21:59:58.923,2026-04-27 22:00:08.605,1077ddf6-6bc2-4ec0-a0bc-a92e87d45419,[PREMIUM],Used,2021,RAM,ProMaster 3500,High Roof,[PREMIUM],[PREMIUM],42293,Cargo Van,Bright White Clearcoat,Black,Front-wheel Drive,,,Gasoline,,,dealership,[PREMIUM],Dearborn,MI,/vehicles/vehicle-type-4.webp,,[],,,[PREMIUM]
11ea0cdc-f88a-4e90-a12e-56328410f387,2026-04-24 21:59:58.918,2026-04-24 21:59:58.918,11ea0cdc-f88a-4e90-a12e-56328410f387,[PREMIUM],Used,2021,Honda,Pilot,Touring 8-Passenger,[PREMIUM],[PREMIUM],46836,SUV,Gray,Black,Front-wheel Drive,,,Gasoline,,,dealership,[PREMIUM],El Cajon,CA,/vehicles/vehicle-type-6.webp,,[],,,[PREMIUM]
723935ac-1cee-469c-b59b-f6033192489b,2026-04-24 21:59:58.820,2026-04-30 22:00:33.800,723935ac-1cee-469c-b59b-f6033192489b,[PREMIUM],Used,2021,Ford,F-150,XLT,[PREMIUM],[PREMIUM],99893,Truck,Guard Metallic,Black,Four-wheel Drive,,,Gasoline,,,dealership,[PREMIUM],High Point,NC,/vehicles/vehicle-type-6.webp,,[],,,[PREMIUM]
8443d3aa-3c6b-4327-9121-3992a7f603d6,2026-04-24 21:59:58.809,2026-04-24 21:59:58.809,8443d3aa-3c6b-4327-9121-3992a7f603d6,[PREMIUM],Used,2021,Chevrolet,Camaro,1LT,[PREMIUM],[PREMIUM],39474,Convertible,Summit White,Jet Black,Rear-wheel Drive,,,Gasoline,,,dealership,[PREMIUM],Memphis,TN,/vehicles/vehicle-type-3.webp,,[],,,[PREMIUM]
f7e2aae0-4da0-46b0-988a-9d23f551e43b,2026-04-24 21:59:48.437,2026-04-24 21:59:48.437,f7e2aae0-4da0-46b0-988a-9d23f551e43b,[PREMIUM],Used,2021,Volkswagen,Atlas,SE w/Tech,[PREMIUM],[PREMIUM],48460,SUV,White,BLACK,Rear-wheel Drive,,,Gasoline,,,dealership,[PREMIUM],Houston,TX,/vehicles/vehicle-type-3.webp,,[],,,[PREMIUM]
02ec9023-cda0-4c54-90fc-446cdcc0e9b3,2026-04-24 21:59:48.269,2026-04-30 22:00:12.154,02ec9023-cda0-4c54-90fc-446cdcc0e9b3,[PREMIUM],Used,2021,Jaguar,F-PACE,S P250 AWD Automatic,[PREMIUM],[PREMIUM],39545,SUV,Eiger Gray,Ebony/Ebony/Ebony,All-wheel Drive,,,Gasoline,,,dealership,[PREMIUM],Spokane,WA,/vehicles/vehicle-type-7.webp,,[],,,[PREMIUM]
20c6d4e9-3c23-4090-8376-496cb07f6ba3,2026-04-24 21:59:48.251,2026-04-24 21:59:48.251,20c6d4e9-3c23-4090-8376-496cb07f6ba3,[PREMIUM],Used,2021,Acura,RDX,SH-AWD Technology,[PREMIUM],[PREMIUM],42078,SUV,White,BLACK,Four-wheel Drive,,,Gasoline,,,dealership,[PREMIUM],Modesto,CA,/vehicles/vehicle-type-1.webp,,[],,,[PREMIUM]
6566d72f-e60b-4c68-b6fd-4408f8c908da,2026-04-24 21:59:48.206,2026-04-27 21:59:58.339,6566d72f-e60b-4c68-b6fd-4408f8c908da,[PREMIUM],Used,2021,Chevrolet,Silverado 1500,RST,[PREMIUM],[PREMIUM],109703,Truck,Red,Black,Four-wheel Drive,,,Gasoline,,,dealership,[PREMIUM],North Branch,MN,/vehicles/vehicle-type-5.webp,,[],,,[PREMIUM]
945995a7-c678-493f-833e-ac0a75dffdd9,2026-04-24 21:59:48.200,2026-04-27 21:59:58.208,945995a7-c678-493f-833e-ac0a75dffdd9,[PREMIUM],Used,2021,Honda,Pilot,,[PREMIUM],[PREMIUM],79818,SUV,Platinum White Pearl,Black,,,,,,,dealership,[PREMIUM],Fresno,CA,/vehicles/vehicle-type-5.webp,,[],,,[PREMIUM]
2a98448e-07e9-436f-9a4c-bd9e678f1e32,2026-04-24 21:59:48.199,2026-04-30 22:00:01.559,2a98448e-07e9-436f-9a4c-bd9e678f1e32,[PREMIUM],Used,2021,Toyota,RAV4,XLE,[PREMIUM],[PREMIUM],78620,SUV,Lunar Rock,Ash,All-wheel Drive,,,Gasoline,,,dealership,[PREMIUM],Oakland,CA,/vehicles/vehicle-type-5.webp,,[],,,[PREMIUM]
9c29e8e9-0993-4355-b30e-4f5b1f19ea54,2026-04-24 21:59:48.180,2026-04-30 22:00:12.163,9c29e8e9-0993-4355-b30e-4f5b1f19ea54,[PREMIUM],Used,2021,Mazda,CX-5,Carbon Edition Turbo,[PREMIUM],[PREMIUM],37710,SUV,Gray,RED,Four-wheel Drive,,,Gasoline,,,dealership,[PREMIUM],Schaumburg,IL,/vehicles/vehicle-type-1.webp,,[],,,[PREMIUM]
0cd589fe-9e34-4a39-a63d-8bf3adb84e6f,2026-04-24 21:59:48.178,2026-04-27 21:59:58.630,0cd589fe-9e34-4a39-a63d-8bf3adb84e6f,[PREMIUM],Used,2021,Chrysler,300,S,[PREMIUM],[PREMIUM],88084,Sedan,Gloss Black,Black,Rear-wheel Drive,,,Gasoline,,,dealership,[PREMIUM],Baton Rouge,LA,/vehicles/vehicle-type-7.webp,,[],,,[PREMIUM]
5ebda33d-71cf-46eb-8325-db8b6c761f66,2026-04-24 21:59:48.165,2026-04-27 21:59:58.575,5ebda33d-71cf-46eb-8325-db8b6c761f66,[PREMIUM],Used,2021,Jeep,Gladiator,Willys 4x4,[PREMIUM],[PREMIUM],52368,Truck,Sting-Gray Clearcoat,Black,Four-wheel Drive,,,Gasoline,,,dealership,[PREMIUM],Norco,CA,/vehicles/vehicle-type-3.webp,,[],,,[PREMIUM]
99b8a3d1-3f68-4627-b89a-fb762f91089e,2026-04-24 21:59:38.082,2026-04-27 21:59:58.255,99b8a3d1-3f68-4627-b89a-fb762f91089e,[PREMIUM],Used,2021,Tesla,Model Y,Long Range,[PREMIUM],[PREMIUM],67346,SUV,White,BLACK,Four-wheel Drive,,,Electric,,,dealership,[PREMIUM],Palmdale,CA,/vehicles/vehicle-type-7.webp,,[],,,[PREMIUM]
b8333065-b10e-469f-b260-2dbd6373713b,2026-04-24 21:59:37.806,2026-04-27 21:59:58.249,b8333065-b10e-469f-b260-2dbd6373713b,[PREMIUM],Used,2021,Ford,Explorer,Limited,[PREMIUM],[PREMIUM],55503,SUV,Gray,BLACK,Rear-wheel Drive,,,Gasoline,,,dealership,[PREMIUM],Jacksonville,NC,/vehicles/vehicle-type-6.webp,,[],,,[PREMIUM]
f91458e0-43db-4f09-930d-9af750c1aefe,2026-04-24 21:59:37.757,2026-04-24 21:59:37.757,f91458e0-43db-4f09-930d-9af750c1aefe,[PREMIUM],Used,2021,Tesla,Model 3,Performance,[PREMIUM],[PREMIUM],24882,Sedan,Black,WHITE,Four-wheel Drive,,,Electric,,,dealership,[PREMIUM],Reno,NV,/vehicles/vehicle-type-5.webp,,[],,,[PREMIUM]
5bb73e74-2744-430d-a319-d96d045edc01,2026-04-24 21:59:37.747,2026-04-24 21:59:37.747,5bb73e74-2744-430d-a319-d96d045edc01,[PREMIUM],Used,2021,Jaguar,F-PACE,S P250 AWD Automatic,[PREMIUM],[PREMIUM],68974,SUV,,,All-wheel Drive,,,Gasoline,,,dealership,[PREMIUM],Riverside,CA,/vehicles/vehicle-type-2.webp,,[],,,[PREMIUM]
f4420267-23ef-42b8-b181-2745104b7f7d,2026-04-24 21:59:37.704,2026-04-24 21:59:37.704,f4420267-23ef-42b8-b181-2745104b7f7d,[PREMIUM],Used,2021,Dodge,Charger,R/T,[PREMIUM],[PREMIUM],52037,Sedan,Blue,BLACK,Rear-wheel Drive,,,Gasoline,,,dealership,[PREMIUM],Canoga Park,CA,/vehicles/vehicle-type-6.webp,,[],,,[PREMIUM]
5b72512b-6ef7-410b-85b9-f069b43e8bc2,2026-04-24 21:59:37.696,2026-04-27 21:59:58.249,5b72512b-6ef7-410b-85b9-f069b43e8bc2,[PREMIUM],Used,2021,Chevrolet,Silverado 1500,Custom,[PREMIUM],[PREMIUM],81587,Truck,Burgundy,BLACK,Four-wheel Drive,,,Gasoline,,,dealership,[PREMIUM],Tinley Park,IL,/vehicles/vehicle-type-3.webp,,[],,,[PREMIUM]
0315b125-eccb-438f-9b3e-8c86f999beae,2026-04-24 21:59:37.693,2026-04-24 21:59:37.693,0315b125-eccb-438f-9b3e-8c86f999beae,[PREMIUM],Used,2021,Lexus,UX 250h,,[PREMIUM],[PREMIUM],47956,SUV,White,BLACK,Four-wheel Drive,,,Hybrid,,,dealership,[PREMIUM],Newark,DE,/vehicles/vehicle-type-5.webp,,[],,,[PREMIUM]
9a1a5328-8342-4fcb-a8fd-93b937098a6d,2026-04-24 21:59:37.693,2026-04-27 21:59:47.856,9a1a5328-8342-4fcb-a8fd-93b937098a6d,[PREMIUM],Used,2021,Mercedes-Benz,GLA 250,,[PREMIUM],[PREMIUM],31534,SUV,Blue,TAN,Four-wheel Drive,,,Gasoline,,,dealership,[PREMIUM],Raleigh,NC,/vehicles/vehicle-type-3.webp,,[],,,[PREMIUM]
939d6fde-eba4-4885-bd3e-878d60abe4f4,2026-04-24 21:59:37.687,2026-04-24 21:59:37.687,939d6fde-eba4-4885-bd3e-878d60abe4f4,[PREMIUM],Used,2021,Mercedes-Benz,GLB 250,,[PREMIUM],[PREMIUM],34606,SUV,White,TAN,Rear-wheel Drive,,,Gasoline,,,dealership,[PREMIUM],Clearwater,FL,/vehicles/vehicle-type-7.webp,,[],,,[PREMIUM]
274f793d-8a1b-4608-8bd8-768e90ff50fe,2026-04-24 21:59:37.681,2026-04-24 21:59:37.681,274f793d-8a1b-4608-8bd8-768e90ff50fe,[PREMIUM],Used,2021,Mercedes-Benz,GLC 300,,[PREMIUM],[PREMIUM],51792,SUV,Silver,BLACK,Four-wheel Drive,,,Gasoline,,,dealership,[PREMIUM],West Carrollton,OH,/vehicles/vehicle-type-1.webp,,[],,,[PREMIUM]
6e2f96ee-a015-4f5c-921e-916e0538c764,2026-04-24 21:59:37.667,2026-04-24 21:59:37.667,6e2f96ee-a015-4f5c-921e-916e0538c764,[PREMIUM],Used,2021,Kia,Sedona,SX,[PREMIUM],[PREMIUM],46886,Passenger Van,White,TAN,Rear-wheel Drive,,,Gasoline,,,dealership,[PREMIUM],Lynnwood,WA,/vehicles/vehicle-type-5.webp,,[],,,[PREMIUM]
ae589ad2-d435-42b6-8ea4-dff1f6d1fa6a,2026-04-24 21:58:57.003,2026-04-27 21:59:07.498,ae589ad2-d435-42b6-8ea4-dff1f6d1fa6a,[PREMIUM],Used,2022,Dodge,Challenger,SXT,[PREMIUM],[PREMIUM],22764,Coupe,Hellraisin,Black,Rear-wheel Drive,,,Gasoline,,,dealership,[PREMIUM],Santa Fe,NM,/vehicles/vehicle-type-5.webp,,[],,,[PREMIUM]
c999284a-30d7-467e-aa4b-9f01828fb2fc,2026-04-24 21:58:36.907,2026-04-30 21:59:41.039,c999284a-30d7-467e-aa4b-9f01828fb2fc,[PREMIUM],Used,2022,Chevrolet,Colorado,ZR2,[PREMIUM],[PREMIUM],74119,Truck,Black,Jet Black,Four-wheel Drive,,,Gasoline,,,dealership,[PREMIUM],White Plains,NY,/vehicles/vehicle-type-4.webp,,[],,,[PREMIUM]
16432a24-5cad-4cfd-bb60-6942566cc694,2026-04-24 21:58:36.903,2026-04-24 21:58:36.903,16432a24-5cad-4cfd-bb60-6942566cc694,[PREMIUM],Used,2022,Mazda,CX-5,2.5 Turbo,[PREMIUM],[PREMIUM],39861,SUV,Deep Crystal Blue Mica,Black,AWD,,,Gasoline,,,dealership,[PREMIUM],Fort Worth,TX,/vehicles/vehicle-type-2.webp,,[],,,[PREMIUM]
993769d4-16f6-4a39-9aa3-f511de78e013,2026-04-24 21:58:36.882,2026-04-27 21:58:47.450,993769d4-16f6-4a39-9aa3-f511de78e013,[PREMIUM],Used,2022,Nissan,Frontier,SV,[PREMIUM],[PREMIUM],5712,Truck,Red Alert,Charcoal,Rear-wheel Drive,,,Gasoline,,,dealership,[PREMIUM],Gonzales,LA,/vehicles/vehicle-type-4.webp,,[],,,[PREMIUM]
40a31901-cf79-4c12-902f-8211681c261f,2026-04-24 21:58:36.849,2026-04-24 21:58:36.849,40a31901-cf79-4c12-902f-8211681c261f,[PREMIUM],Used,2022,Ford,Explorer,XLT,[PREMIUM],[PREMIUM],49746,SUV,,,4WD,,,Gasoline,,,dealership,[PREMIUM],Decatur,IN,/vehicles/vehicle-type-5.webp,,[],,,[PREMIUM]
e1f12f73-9a1c-4782-ab14-0c2f974c0a39,2026-04-24 21:58:36.832,2026-04-24 21:58:36.832,e1f12f73-9a1c-4782-ab14-0c2f974c0a39,[PREMIUM],Used,2022,Tesla,Model 3,,[PREMIUM],[PREMIUM],46681,Sedan,Blue,BLACK,2WD,,,Electric,,,dealership,[PREMIUM],Houston,TX,/vehicles/vehicle-type-5.webp,,[],,,[PREMIUM]
ea3f1f18-f114-4a85-be86-6eaa5727990d,2026-04-24 21:58:36.823,2026-04-24 21:58:36.823,ea3f1f18-f114-4a85-be86-6eaa5727990d,[PREMIUM],Used,2022,Chevrolet,Silverado 1500,Custom,[PREMIUM],[PREMIUM],36447,Truck,Summit White,Jet Black,Rear-wheel Drive,,,Gasoline,,,dealership,[PREMIUM],Miami,FL,/vehicles/vehicle-type-4.webp,,[],,,[PREMIUM]
7c4e70bb-9507-4ee2-a26d-242f8dd2e523,2026-04-24 21:58:36.822,2026-04-27 21:58:47.360,7c4e70bb-9507-4ee2-a26d-242f8dd2e523,[PREMIUM],Used,2022,Honda,Accord Hybrid,Sport,[PREMIUM],[PREMIUM],53293,Sedan,Platinum White Pearl,Black,Front-wheel Drive,,,Hybrid,,,dealership,[PREMIUM],Daytona Beach,FL,/vehicles/vehicle-type-1.webp,,[],,,[PREMIUM]
022c1f8b-9fbd-4220-a550-db18debf9ef7,2026-04-24 21:58:36.804,2026-04-24 21:58:36.804,022c1f8b-9fbd-4220-a550-db18debf9ef7,[PREMIUM],Used,2022,BMW,330,I xDrive,[PREMIUM],[PREMIUM],42217,Sedan,Blue,BLACK,Four-wheel Drive,,,Gasoline,,,dealership,[PREMIUM],Hamilton,NJ,/vehicles/vehicle-type-1.webp,,[],,,[PREMIUM]
5518ceb4-5050-4bd9-b2a1-ec0939ede979,2026-04-24 21:58:36.782,2026-04-24 21:58:36.782,5518ceb4-5050-4bd9-b2a1-ec0939ede979,[PREMIUM],Used,2022,Honda,Accord,Sport,[PREMIUM],[PREMIUM],30578,Sedan,Black,BLACK,Rear-wheel Drive,,,Gasoline,,,dealership,[PREMIUM],Kenosha,WI,/vehicles/vehicle-type-2.webp,,[],,,[PREMIUM]
5a465b3c-350c-432f-8cf6-d9dc1e09e062,2026-04-24 21:58:36.771,2026-04-27 21:58:47.348,5a465b3c-350c-432f-8cf6-d9dc1e09e062,[PREMIUM],Used,2022,Nissan,Frontier,PRO-X,[PREMIUM],[PREMIUM],77275,Truck,Black,Gray,Rear-wheel Drive,,,Gasoline,,,dealership,[PREMIUM],Poway,CA,/vehicles/vehicle-type-6.webp,,[],,,[PREMIUM]
a222c4f6-ea4f-4397-8b3e-53ceed79b6b4,2026-04-24 21:58:26.400,2026-04-24 21:58:26.400,a222c4f6-ea4f-4397-8b3e-53ceed79b6b4,[PREMIUM],Used,2022,Volkswagen,Atlas,SE w/Tech,[PREMIUM],[PREMIUM],30978,SUV,Silver,BLACK,Rear-wheel Drive,,,Gasoline,,,dealership,[PREMIUM],Hoover,AL,/vehicles/vehicle-type-6.webp,,[],,,[PREMIUM]
be9d6091-4151-455e-835f-baca42b4f9f4,2026-04-24 21:58:26.399,2026-04-24 21:58:26.399,be9d6091-4151-455e-835f-baca42b4f9f4,[PREMIUM],Used,2022,Honda,Accord,Sport SE,[PREMIUM],[PREMIUM],46534,Sedan,Gray,BLACK,Rear-wheel Drive,,,Gasoline,,,dealership,[PREMIUM],Bakersfield,CA,/vehicles/vehicle-type-6.webp,,[],,,[PREMIUM]
9cfb1f3a-a16f-4941-8fd1-ede9870fd945,2026-04-24 21:58:26.384,2026-04-24 21:58:26.384,9cfb1f3a-a16f-4941-8fd1-ede9870fd945,[PREMIUM],Used,2022,Mitsubishi,Outlander,SEL,[PREMIUM],[PREMIUM],55256,SUV,Gray,BLACK,Four-wheel Drive,,,Gasoline,,,dealership,[PREMIUM],Tinley Park,IL,/vehicles/vehicle-type-5.webp,,[],,,[PREMIUM]
444900ce-1afd-4288-ada3-b6867a6c16f0,2026-04-24 21:58:26.356,2026-04-30 21:58:47.111,444900ce-1afd-4288-ada3-b6867a6c16f0,[PREMIUM],Used,2022,Subaru,Forester,Limited,[PREMIUM],[PREMIUM],24043,SUV,Magnetite Gray Metallic,Gray,,,,,,,dealership,[PREMIUM],Tucson,AZ,/vehicles/vehicle-type-3.webp,,[],,,[PREMIUM]
9009e952-2437-41a1-ab91-4845107e72e8,2026-04-24 21:58:26.345,2026-05-03 21:59:01.346,9009e952-2437-41a1-ab91-4845107e72e8,[PREMIUM],Used,2022,Subaru,Forester,Premium,[PREMIUM],[PREMIUM],38809,SUV,Crimson Red Pearl,Gray,,,,,,,dealership,[PREMIUM],Frederick,MD,/vehicles/vehicle-type-4.webp,,[],,,[PREMIUM]
659b9327-f774-4a9c-ad15-86dbc1752b82,2026-04-24 21:58:26.345,2026-04-30 21:59:51.287,659b9327-f774-4a9c-ad15-86dbc1752b82,[PREMIUM],Used,2022,Subaru,Forester,Touring,[PREMIUM],[PREMIUM],44860,SUV,Green,BROWN,Four-wheel Drive,,,Gasoline,,,dealership,[PREMIUM],Omaha,NE,/vehicles/vehicle-type-4.webp,,[],,,[PREMIUM]
d4b62cb5-6582-4ad0-9a33-154274e12e4a,2026-04-24 21:58:26.344,2026-04-27 21:58:37.269,d4b62cb5-6582-4ad0-9a33-154274e12e4a,[PREMIUM],Used,2022,Mercedes-Benz,GLC 300,,[PREMIUM],[PREMIUM],54081,SUV,Gray,BROWN,Four-wheel Drive,,,Gasoline,,,dealership,[PREMIUM],Renton,WA,/vehicles/vehicle-type-3.webp,,[],,,[PREMIUM]
30b98705-bc23-442d-a71d-38259b4875bc,2026-04-24 21:58:26.324,2026-04-24 21:58:26.324,30b98705-bc23-442d-a71d-38259b4875bc,[PREMIUM],Used,2022,Honda,Accord,,[PREMIUM],[PREMIUM],21080,Sedan,Crystal Black Pearl,Black,,,,,,,dealership,[PREMIUM],El Cajon,CA,/vehicles/vehicle-type-7.webp,,[],,,[PREMIUM]
60ec0c25-7dce-420e-8017-ace3590876a7,2026-04-24 21:58:26.320,2026-04-24 21:58:26.320,60ec0c25-7dce-420e-8017-ace3590876a7,[PREMIUM],Used,2022,Genesis,G70,2.0T,[PREMIUM],[PREMIUM],39120,Sedan,Blue,BLACK,Rear-wheel Drive,,,Gasoline,,,dealership,[PREMIUM],Clermont,FL,/vehicles/vehicle-type-4.webp,,[],,,[PREMIUM]
91e071d0-d006-46f6-b4f5-fa162aa6e2d1,2026-04-24 21:58:26.310,2026-04-24 21:58:26.310,91e071d0-d006-46f6-b4f5-fa162aa6e2d1,[PREMIUM],Used,2022,BMW,X3,sDrive30i,[PREMIUM],[PREMIUM],50364,SUV,White,BLACK,Rear-wheel Drive,,,Gasoline,,,dealership,[PREMIUM],Greenville,SC,/vehicles/vehicle-type-5.webp,,[],,,[PREMIUM]
6de3d50c-147e-490c-b197-4411f89aea79,2026-04-24 21:58:16.049,2026-04-27 21:58:37.052,6de3d50c-147e-490c-b197-4411f89aea79,[PREMIUM],Used,2022,Subaru,Forester,Premium,[PREMIUM],[PREMIUM],21263,SUV,Gray,GRAY,Four-wheel Drive,,,Gasoline,,,dealership,[PREMIUM],Stockton,CA,/vehicles/vehicle-type-1.webp,,[],,,[PREMIUM]
29091b4a-3684-4d76-8573-407134a713f5,2026-04-24 21:58:15.974,2026-04-24 21:58:15.974,29091b4a-3684-4d76-8573-407134a713f5,[PREMIUM],Used,2022,RAM,1500,Lonestar,[PREMIUM],[PREMIUM],46730,Truck,Gray,BLACK,Rear-wheel Drive,,,Gasoline,,,dealership,[PREMIUM],San Antonio,TX,/vehicles/vehicle-type-7.webp,,[],,,[PREMIUM]
627fc870-c5c4-47cb-a058-e0e3ad3cd528,2026-04-24 21:58:15.960,2026-04-24 21:58:15.960,627fc870-c5c4-47cb-a058-e0e3ad3cd528,[PREMIUM],Used,2022,Volvo,S60,B5 Inscription,[PREMIUM],[PREMIUM],8343,Sedan,Blue,BLACK,Four-wheel Drive,,,Gasoline,,,dealership,[PREMIUM],Parker,CO,/vehicles/vehicle-type-5.webp,,[],,,[PREMIUM]
980d4237-4246-4425-b03c-5bfcfe37cd0a,2026-04-24 21:58:15.955,2026-04-24 21:58:15.955,980d4237-4246-4425-b03c-5bfcfe37cd0a,[PREMIUM],Used,2022,Ford,Ranger,XLT,[PREMIUM],[PREMIUM],27090,Truck,Silver,BLACK,2WD,,,Gas,,,dealership,[PREMIUM],Murrieta,CA,/vehicles/vehicle-type-3.webp,,[],,,[PREMIUM]
f6e8d93a-2b0b-46de-913c-4a0bc72ccbaa,2026-04-24 21:58:15.939,2026-04-24 21:58:15.939,f6e8d93a-2b0b-46de-913c-4a0bc72ccbaa,[PREMIUM],Used,2022,Volkswagen,Atlas Cross Sport,SEL,[PREMIUM],[PREMIUM],48586,SUV,White,BLACK,4WD,,,Gas,,,dealership,[PREMIUM],Houston,TX,/vehicles/vehicle-type-7.webp,,[],,,[PREMIUM]
a6f8af97-21a5-40d5-b5ec-eea24e34919d,2026-04-24 21:58:15.937,2026-04-24 21:58:15.937,a6f8af97-21a5-40d5-b5ec-eea24e34919d,[PREMIUM],Used,2022,Mazda,MX-5 Miata,Grand Touring,[PREMIUM],[PREMIUM],4670,Convertible,White,BROWN,Rear-wheel Drive,,,Gasoline,,,dealership,[PREMIUM],Henderson,NV,/vehicles/vehicle-type-6.webp,,[],,,[PREMIUM]
b5d6b6e4-9cd0-4d25-a231-26b9ab0d1172,2026-04-24 21:58:15.929,2026-04-24 21:58:15.929,b5d6b6e4-9cd0-4d25-a231-26b9ab0d1172,[PREMIUM],Used,2022,Audi,A3,Premium Plus,[PREMIUM],[PREMIUM],28704,Sedan,Blue,BLACK,Four-wheel Drive,,,Gasoline,,,dealership,[PREMIUM],Gaithersburg,MD,/vehicles/vehicle-type-5.webp,,[],,,[PREMIUM]
ce106955-ee2c-417d-94e6-417401b078f6,2026-04-24 21:58:15.925,2026-04-24 21:58:15.925,ce106955-ee2c-417d-94e6-417401b078f6,[PREMIUM],Used,2022,Mercedes-Benz,GLB 250,,[PREMIUM],[PREMIUM],52896,SUV,Black,BLACK,Four-wheel Drive,,,Gasoline,,,dealership,[PREMIUM],Kenner,LA,/vehicles/vehicle-type-1.webp,,[],,,[PREMIUM]
70f08469-c207-417e-9fbe-33c83f79f205,2026-04-24 21:57:55.848,2026-04-27 21:58:06.711,70f08469-c207-417e-9fbe-33c83f79f205,[PREMIUM],Used,2023,Jeep,Grand Cherokee,Limited,[PREMIUM],[PREMIUM],42671,SUV,Red,BLACK,Four-wheel Drive,,,Gasoline,,,dealership,[PREMIUM],Chattanooga,TN,/vehicles/vehicle-type-6.webp,,[],,,[PREMIUM]
f6274168-a485-4d36-8a74-b75dc3d07e9a,2026-04-24 21:57:55.833,2026-04-24 21:57:55.833,f6274168-a485-4d36-8a74-b75dc3d07e9a,[PREMIUM],Used,2023,Toyota,Camry,SE,[PREMIUM],[PREMIUM],31507,Sedan,Celestial Silver Metallic,Black,Front-wheel Drive,,,Gasoline,,,dealership,[PREMIUM],Houston,TX,/vehicles/vehicle-type-5.webp,,[],,,[PREMIUM]
32850a02-0376-434c-8517-82b0897303cf,2026-04-24 21:57:55.819,2026-04-24 21:57:55.819,32850a02-0376-434c-8517-82b0897303cf,[PREMIUM],Used,2023,Chevrolet,Traverse,LS,[PREMIUM],[PREMIUM],49095,SUV,White,GRAY,Rear-wheel Drive,,,Gasoline,,,dealership,[PREMIUM],Greenville,SC,/vehicles/vehicle-type-6.webp,,[],,,[PREMIUM]
0e6edc9b-84b4-4efb-96cc-afda15b63c3e,2026-04-24 21:57:55.785,2026-04-24 21:57:55.785,0e6edc9b-84b4-4efb-96cc-afda15b63c3e,[PREMIUM],Used,2023,Honda,Civic,,[PREMIUM],[PREMIUM],34871,Sedan,Meteorite Gray Metallic,Black,,,,,,,dealership,[PREMIUM],Vancouver,WA,/vehicles/vehicle-type-6.webp,,[],,,[PREMIUM]
0c7462a6-b581-4e74-920e-09a30b9a4d3f,2026-04-24 21:57:55.524,2026-04-27 21:58:06.748,0c7462a6-b581-4e74-920e-09a30b9a4d3f,[PREMIUM],Used,2023,Mazda,CX-5,2.5 S Preferred Package,[PREMIUM],[PREMIUM],38425,SUV,Rhodium White Metallic,Black,All-wheel Drive,,,Gasoline,,,dealership,[PREMIUM],Wellesley,MA,/vehicles/vehicle-type-3.webp,,[],,,[PREMIUM]
f79d62a3-0f94-4fc2-a026-823858689336,2026-04-24 21:57:55.512,2026-04-24 21:57:55.512,f79d62a3-0f94-4fc2-a026-823858689336,[PREMIUM],Used,2023,Hyundai,IONIQ 5,SEL,[PREMIUM],[PREMIUM],41761,SUV,Atlas White,Gray,All-wheel Drive,,,Electric,,,dealership,[PREMIUM],Seattle,WA,/vehicles/vehicle-type-4.webp,,[],,,[PREMIUM]
d0fd90bc-adf6-446d-a474-e7480a3bc8a7,2026-04-24 21:57:55.453,2026-04-27 21:58:06.795,d0fd90bc-adf6-446d-a474-e7480a3bc8a7,[PREMIUM],Used,2023,Honda,Accord Hybrid,Sport,[PREMIUM],[PREMIUM],38864,Sedan,Blue,BLACK,Rear-wheel Drive,,,Hybrid,,,dealership,[PREMIUM],Columbia,SC,/vehicles/vehicle-type-7.webp,,[],,,[PREMIUM]
882ba9fe-f50a-4853-88ed-77f562fbbf6d,2026-04-24 21:57:55.434,2026-04-24 21:57:55.434,882ba9fe-f50a-4853-88ed-77f562fbbf6d,[PREMIUM],Used,2023,Kia,Sportage Hybrid,SX-Prestige,[PREMIUM],[PREMIUM],31808,SUV,Gravity Gray,Black,All-wheel Drive,,,,,,dealership,[PREMIUM],Plattsburgh,NY,/vehicles/vehicle-type-5.webp,,[],,,[PREMIUM]
ff987749-f0d1-4aa5-83dc-e32db8d71734,2026-04-24 21:57:45.212,2026-04-24 21:57:45.212,ff987749-f0d1-4aa5-83dc-e32db8d71734,[PREMIUM],Used,2023,Honda,Civic,Sport,[PREMIUM],[PREMIUM],19154,Hatchback,Black,BLACK,Rear-wheel Drive,,,Gasoline,,,dealership,[PREMIUM],Fremont,CA,/vehicles/vehicle-type-1.webp,,[],,,[PREMIUM]
3fe701e1-eb02-440d-b410-67abc601c7fb,2026-04-24 21:57:45.179,2026-05-03 21:58:20.131,3fe701e1-eb02-440d-b410-67abc601c7fb,[PREMIUM],Used,2023,Toyota,Camry,XSE,[PREMIUM],[PREMIUM],52356,Sedan,Silver,RED,Rear-wheel Drive,,,Gasoline,,,dealership,[PREMIUM],Memphis,TN,/vehicles/vehicle-type-6.webp,,[],,,[PREMIUM]
54718e1b-5887-40ca-8c4b-ac585eb4e635,2026-04-24 21:57:45.177,2026-04-30 21:58:17.032,54718e1b-5887-40ca-8c4b-ac585eb4e635,[PREMIUM],Used,2023,Kia,Telluride,SX X-Line,[PREMIUM],[PREMIUM],101209,SUV,Black,GRAY,Four-wheel Drive,,,Gasoline,,,dealership,[PREMIUM],Santa Rosa,CA,/vehicles/vehicle-type-4.webp,,[],,,[PREMIUM]
feb6d23f-2417-449b-b605-b633902b8b33,2026-04-24 21:57:45.171,2026-04-24 21:57:45.171,feb6d23f-2417-449b-b605-b633902b8b33,[PREMIUM],Used,2023,Honda,HR-V,EX-L,[PREMIUM],[PREMIUM],16250,SUV,Gray,BLACK,Four-wheel Drive,,,Gasoline,,,dealership,[PREMIUM],Frederick,MD,/vehicles/vehicle-type-4.webp,,[],,,[PREMIUM]
cb0fd2c2-7b68-46e5-8b35-30cf8c7a5ba7,2026-04-24 21:57:45.149,2026-04-30 21:58:06.726,cb0fd2c2-7b68-46e5-8b35-30cf8c7a5ba7,[PREMIUM],Used,2023,Subaru,Crosstrek,Limited,[PREMIUM],[PREMIUM],23215,SUV,Crystal White Pearl,Gray w Orange Stitching,,,,,,,dealership,[PREMIUM],Klamath Falls,OR,/vehicles/vehicle-type-5.webp,,[],,,[PREMIUM]
f55aa4ac-ec09-4683-8194-fcbdce10c5aa,2026-04-24 21:57:45.146,2026-04-24 21:57:45.146,f55aa4ac-ec09-4683-8194-fcbdce10c5aa,[PREMIUM],Used,2023,Hyundai,IONIQ 6,Limited,[PREMIUM],[PREMIUM],27171,Sedan,White,RED,Rear-wheel Drive,,,Electric,,,dealership,[PREMIUM],Torrance,CA,/vehicles/vehicle-type-4.webp,,[],,,[PREMIUM]
01d7e40a-c7ee-454b-9581-fbc69df38203,2026-04-24 21:57:45.142,2026-04-24 21:57:45.142,01d7e40a-c7ee-454b-9581-fbc69df38203,[PREMIUM],Used,2023,Subaru,Outback,Limited,[PREMIUM],[PREMIUM],40348,SUV,Black,TAN,Four-wheel Drive,,,Gasoline,,,dealership,[PREMIUM],Newark,DE,/vehicles/vehicle-type-2.webp,,[],,,[PREMIUM]
37045490-ab1c-4e67-ad48-1bc0a983cdd3,2026-04-24 21:57:45.128,2026-04-24 21:57:45.128,37045490-ab1c-4e67-ad48-1bc0a983cdd3,[PREMIUM],Used,2023,Subaru,Ascent,Premium,[PREMIUM],[PREMIUM],43538,SUV,White,TAN,Four-wheel Drive,,,Gasoline,,,dealership,[PREMIUM],Brooklyn Park,MN,/vehicles/vehicle-type-2.webp,,[],,,[PREMIUM]
e6c6a2f9-193d-4506-9730-6532c1fed7c8,2026-04-24 21:57:45.124,2026-04-30 21:58:06.762,e6c6a2f9-193d-4506-9730-6532c1fed7c8,[PREMIUM],Used,2023,Mazda,CX-50,2.5 S Premium Plus Package,[PREMIUM],[PREMIUM],34475,SUV,Red,BLACK,Four-wheel Drive,,,Gasoline,,,dealership,[PREMIUM],Houston,TX,/vehicles/vehicle-type-6.webp,,[],,,[PREMIUM]
ee4d6d1e-fb76-4280-9720-bb9a27719371,2026-04-24 21:57:45.123,2026-04-27 21:57:56.377,ee4d6d1e-fb76-4280-9720-bb9a27719371,[PREMIUM],Used,2023,Subaru,Forester,Premium,[PREMIUM],[PREMIUM],46231,SUV,White,BLACK,Four-wheel Drive,,,Gasoline,,,dealership,[PREMIUM],Oxnard,CA,/vehicles/vehicle-type-1.webp,,[],,,[PREMIUM]
dc7601ad-d81f-4c5e-8617-8ba766a8795a,2026-04-24 21:57:45.104,2026-04-24 21:57:45.104,dc7601ad-d81f-4c5e-8617-8ba766a8795a,[PREMIUM],Used,2023,Subaru,Crosstrek,Premium,[PREMIUM],[PREMIUM],7516,SUV,White,BLACK,Four-wheel Drive,,,Gasoline,,,dealership,[PREMIUM],Lithia Springs,GA,/vehicles/vehicle-type-2.webp,,[],,,[PREMIUM]
d7f66a7f-84ac-46fc-b7a2-c8772289a5a1,2026-04-24 21:57:45.097,2026-04-30 21:58:17.017,d7f66a7f-84ac-46fc-b7a2-c8772289a5a1,[PREMIUM],Used,2023,Subaru,Forester,Premium,[PREMIUM],[PREMIUM],20964,SUV,Cascade Green Silica,Gray,,,,,,,dealership,[PREMIUM],Woolwich,ME,/vehicles/vehicle-type-1.webp,,[],,,[PREMIUM]
9dcf1190-0bf5-4651-9372-cbd4c223ddbb,2026-04-24 21:57:45.093,2026-04-24 21:57:45.093,9dcf1190-0bf5-4651-9372-cbd4c223ddbb,[PREMIUM],Used,2023,Honda,CR-V,EX,[PREMIUM],[PREMIUM],53842,SUV,Platinum White Pearl,Gray,All-wheel Drive,,,Gasoline,,,dealership,[PREMIUM],Simi Valley,CA,/vehicles/vehicle-type-2.webp,,[],,,[PREMIUM]
4483b17c-533f-4aec-bedd-ad4879882c3e,2026-04-24 21:57:45.092,2026-04-24 21:57:45.092,4483b17c-533f-4aec-bedd-ad4879882c3e,[PREMIUM],Used,2023,Nissan,Altima,SR,[PREMIUM],[PREMIUM],37179,Sedan,Gray,BLACK,Four-wheel Drive,,,Gasoline,,,dealership,[PREMIUM],Naperville,IL,/vehicles/vehicle-type-4.webp,,[],,,[PREMIUM]
e23a7e34-61b2-41ce-8bda-70e2cf0f8d8f,2026-04-24 21:57:45.089,2026-04-24 21:57:45.089,e23a7e34-61b2-41ce-8bda-70e2cf0f8d8f,[PREMIUM],Used,2023,Nissan,Rogue,Platinum,[PREMIUM],[PREMIUM],19316,SUV,White,BROWN,Four-wheel Drive,,,Gasoline,,,dealership,[PREMIUM],Lexington,KY,/vehicles/vehicle-type-6.webp,,[],,,[PREMIUM]
7fde3433-81c4-44b2-ac18-8649cae61f86,2026-04-24 21:57:45.081,2026-05-03 21:58:20.204,7fde3433-81c4-44b2-ac18-8649cae61f86,[PREMIUM],Used,2023,Ford,Edge,SEL,[PREMIUM],[PREMIUM],20329,SUV,Blue,BLACK,Four-wheel Drive,,,Gasoline,,,dealership,[PREMIUM],Hartford,CT,/vehicles/vehicle-type-3.webp,,[],,,[PREMIUM]
21ca6497-b54c-49a6-b48d-46764e96ebe5,2026-04-24 21:57:45.080,2026-04-24 21:57:45.080,21ca6497-b54c-49a6-b48d-46764e96ebe5,[PREMIUM],Used,2023,Audi,Q5,Premium,[PREMIUM],[PREMIUM],49454,SUV,Silver,BLACK,Four-wheel Drive,,,Gasoline,,,dealership,[PREMIUM],Gilbert,AZ,/vehicles/vehicle-type-1.webp,,[],,,[PREMIUM]
b0f22c92-8b57-44d5-bb57-2a5327bec9e4,2026-04-24 21:57:45.075,2026-04-24 21:57:45.075,b0f22c92-8b57-44d5-bb57-2a5327bec9e4,[PREMIUM],Used,2023,Ford,Explorer,XLT,[PREMIUM],[PREMIUM],46690,SUV,Black,BLACK,Four-wheel Drive,,,Gasoline,,,dealership,[PREMIUM],Gastonia,NC,/vehicles/vehicle-type-5.webp,,[],,,[PREMIUM]
79533635-a908-4a5f-98e5-d37466a98f4d,2026-04-24 21:57:45.066,2026-04-24 21:57:45.066,79533635-a908-4a5f-98e5-d37466a98f4d,[PREMIUM],Used,2023,Mazda,CX-9,Touring,[PREMIUM],[PREMIUM],24299,SUV,Blue,BLACK,Four-wheel Drive,,,Gasoline,,,dealership,[PREMIUM],Harrisonburg,VA,/vehicles/vehicle-type-3.webp,,[],,,[PREMIUM]
5ed6d2a0-318c-4004-a707-570584fef8c8,2026-04-24 21:57:34.667,2026-04-24 21:57:34.667,5ed6d2a0-318c-4004-a707-570584fef8c8,[PREMIUM],Used,2023,Nissan,Rogue,SL,[PREMIUM],[PREMIUM],21093,SUV,White,GRAY,Four-wheel Drive,,,Gasoline,,,dealership,[PREMIUM],Hartford,CT,/vehicles/vehicle-type-4.webp,,[],,,[PREMIUM]
51a7ccfc-a75e-4ab5-89d3-733265f87d34,2026-04-24 21:57:34.642,2026-04-24 21:57:34.642,51a7ccfc-a75e-4ab5-89d3-733265f87d34,[PREMIUM],Used,2023,Mazda,CX-5,2.5 S Preferred Package,[PREMIUM],[PREMIUM],18529,SUV,White,BLACK,Four-wheel Drive,,,Gasoline,,,dealership,[PREMIUM],Knoxville,TN,/vehicles/vehicle-type-1.webp,,[],,,[PREMIUM]
bfac4fa6-6545-4cf0-8177-49830a219ba2,2026-04-24 21:57:34.621,2026-04-24 21:57:34.621,bfac4fa6-6545-4cf0-8177-49830a219ba2,[PREMIUM],Used,2023,Honda,Accord,LX,[PREMIUM],[PREMIUM],29594,Sedan,Gray,BLACK,Rear-wheel Drive,,,Gasoline,,,dealership,[PREMIUM],Gilbert,AZ,/vehicles/vehicle-type-5.webp,,[],,,[PREMIUM]
6d900fb4-18c7-4759-aab1-8f98a189f287,2026-04-24 21:57:34.620,2026-04-24 21:57:34.620,6d900fb4-18c7-4759-aab1-8f98a189f287,[PREMIUM],Used,2023,Chrysler,Pacifica,Touring L,[PREMIUM],[PREMIUM],59114,Passenger Van,Gray,BLACK,Rear-wheel Drive,,,Gasoline,,,dealership,[PREMIUM],Richmond,TX,/vehicles/vehicle-type-1.webp,,[],,,[PREMIUM]
0421dbbf-7401-4a7f-84f5-bfeb70d2757f,2026-04-24 21:57:34.588,2026-04-24 21:57:34.588,0421dbbf-7401-4a7f-84f5-bfeb70d2757f,[PREMIUM],Used,2023,Mitsubishi,Outlander,SE,[PREMIUM],[PREMIUM],19310,SUV,White,BLACK,4WD,,,Gas,,,dealership,[PREMIUM],Oklahoma City,OK,/vehicles/vehicle-type-7.webp,,[],,,[PREMIUM]
b0a940d0-4122-45ac-8f31-a38eed6d7636,2026-04-24 21:57:34.568,2026-04-24 21:57:34.568,b0a940d0-4122-45ac-8f31-a38eed6d7636,[PREMIUM],Used,2023,Honda,CR-V,LX,[PREMIUM],[PREMIUM],38876,SUV,Black,BLACK,Rear-wheel Drive,,,Gasoline,,,dealership,[PREMIUM],Amarillo,TX,/vehicles/vehicle-type-7.webp,,[],,,[PREMIUM]
b6484eb0-a78d-4ae3-902b-550bb32890c0,2026-04-24 21:57:34.566,2026-04-24 21:57:34.566,b6484eb0-a78d-4ae3-902b-550bb32890c0,[PREMIUM],Used,2023,Hyundai,SANTA FE,SEL,[PREMIUM],[PREMIUM],49554,SUV,White,BLACK,Four-wheel Drive,,,Gasoline,,,dealership,[PREMIUM],Gaithersburg,MD,/vehicles/vehicle-type-2.webp,,[],,,[PREMIUM]
c00da3af-9ddc-483f-8a2d-c0d34fc65957,2026-04-24 21:57:34.563,2026-04-24 21:57:34.563,c00da3af-9ddc-483f-8a2d-c0d34fc65957,[PREMIUM],Used,2023,Chevrolet,Traverse,LT Cloth,[PREMIUM],[PREMIUM],28430,SUV,Blue,GRAY,Rear-wheel Drive,,,Gasoline,,,dealership,[PREMIUM],Hillside,IL,/vehicles/vehicle-type-4.webp,,[],,,[PREMIUM]
d0ebd7c1-cffb-453b-b256-3e80938194e4,2026-04-24 21:57:34.550,2026-04-24 21:57:34.550,d0ebd7c1-cffb-453b-b256-3e80938194e4,[PREMIUM],Used,2023,Audi,Q5,Premium,[PREMIUM],[PREMIUM],24773,SUV,Black,,Four-wheel Drive,,,Gasoline,,,dealership,[PREMIUM],Irving,TX,/vehicles/vehicle-type-6.webp,,[],,,[PREMIUM]
b25b659e-166b-444e-a608-72c66b5182fe,2026-04-24 21:57:34.537,2026-04-24 21:57:34.537,b25b659e-166b-444e-a608-72c66b5182fe,[PREMIUM],Used,2023,Audi,Q5,S-Line Premium,[PREMIUM],[PREMIUM],38608,SUV,Black,BLACK,Four-wheel Drive,,,Gasoline,,,dealership,[PREMIUM],Hoover,AL,/vehicles/vehicle-type-6.webp,,[],,,[PREMIUM]
ef3d525e-80d7-4355-8b58-da8a4d3e0515,2026-04-24 21:57:34.537,2026-04-24 21:57:34.537,ef3d525e-80d7-4355-8b58-da8a4d3e0515,[PREMIUM],Used,2023,Acura,Integra,A-Spec,[PREMIUM],[PREMIUM],49788,Hatchback,Blue,GRAY,Rear-wheel Drive,,,Gasoline,,,dealership,[PREMIUM],Harrisonburg,VA,/vehicles/vehicle-type-7.webp,,[],,,[PREMIUM]
c187b867-9a32-4c3d-a468-b47c23d24795,2026-04-24 21:57:34.468,2026-05-03 21:58:20.178,c187b867-9a32-4c3d-a468-b47c23d24795,[PREMIUM],Used,2023,MINI,Hardtop,S,[PREMIUM],[PREMIUM],26906,Hatchback,White,GRAY,Rear-wheel Drive,,,Gasoline,,,dealership,[PREMIUM],Glen Allen,VA,/vehicles/vehicle-type-6.webp,,[],,,[PREMIUM]
48cb3935-a00b-44e9-8f92-a219d82d91c9,2026-04-24 21:57:24.206,2026-04-24 21:57:24.206,48cb3935-a00b-44e9-8f92-a219d82d91c9,[PREMIUM],Used,2024,Subaru,Outback,Touring XT,[PREMIUM],[PREMIUM],58751,SUV,Crystal Black Silica,Java,All-wheel Drive,,,Gasoline,,,dealership,[PREMIUM],White Plains,NY,/vehicles/vehicle-type-7.webp,,[],,,[PREMIUM]
dac7d2a4-5126-48df-9ed4-07b187040094,2026-04-24 21:57:24.201,2026-04-24 21:57:24.201,dac7d2a4-5126-48df-9ed4-07b187040094,[PREMIUM],Used,2024,Chrysler,Voyager,LX,[PREMIUM],[PREMIUM],52703,Passenger Van,Bright White Clearcoat,Black/Alloy/Black,Front-wheel Drive,,,Gasoline,,,dealership,[PREMIUM],North Branch,MN,/vehicles/vehicle-type-6.webp,,[],,,[PREMIUM]
a6b69ef9-bad8-43ec-945c-f519158ded4c,2026-04-24 21:57:13.998,2026-04-24 21:57:13.998,a6b69ef9-bad8-43ec-945c-f519158ded4c,[PREMIUM],Used,2024,GMC,Savana 2500,Work Van,[PREMIUM],[PREMIUM],17212,Cargo Van,Summit White,Jet Black/Medium Dark Pewter,Rear-wheel Drive,,,Gasoline,,,dealership,[PREMIUM],White Plains,NY,/vehicles/vehicle-type-2.webp,,[],,,[PREMIUM]
c941437a-ec2f-4e63-bb5c-f59b29b7366c,2026-04-24 21:57:13.974,2026-04-24 21:57:13.974,c941437a-ec2f-4e63-bb5c-f59b29b7366c,[PREMIUM],Used,2024,Chrysler,Voyager,LX,[PREMIUM],[PREMIUM],60340,Passenger Van,Silver Mist Clearcoat,Black/Alloy/Black,Front-wheel Drive,,,Gasoline,,,dealership,[PREMIUM],North Branch,MN,/vehicles/vehicle-type-2.webp,,[],,,[PREMIUM]
d012243f-1a78-443e-b892-b05a783b55be,2026-04-24 21:57:13.970,2026-04-24 21:57:13.970,d012243f-1a78-443e-b892-b05a783b55be,[PREMIUM],Used,2024,Chrysler,Voyager,LX,[PREMIUM],[PREMIUM],68550,Passenger Van,Diamond Black Crystal Pearlcoat,Black/Alloy/Black,Front-wheel Drive,,,Gasoline,,,dealership,[PREMIUM],North Branch,MN,/vehicles/vehicle-type-4.webp,,[],,,[PREMIUM]
2ad31394-b2a9-4a34-a243-66260ebace14,2026-04-24 21:57:13.957,2026-04-27 21:57:26.455,2ad31394-b2a9-4a34-a243-66260ebace14,[PREMIUM],Used,2024,Chrysler,Voyager,LX,[PREMIUM],[PREMIUM],57669,Passenger Van,Silver Mist Clearcoat,Black/Alloy/Black,Front-wheel Drive,,,Gasoline,,,dealership,[PREMIUM],North Branch,MN,/vehicles/vehicle-type-2.webp,,[],,,[PREMIUM]
3af5e3d8-0236-44c3-8841-9ef2703b057d,2026-04-24 21:57:03.733,2026-04-30 21:57:26.635,3af5e3d8-0236-44c3-8841-9ef2703b057d,[PREMIUM],Used,2024,Honda,CR-V,EX,[PREMIUM],[PREMIUM],43188,SUV,Gray,BLACK,Four-wheel Drive,,,Gasoline,,,dealership,[PREMIUM],Orlando,FL,/vehicles/vehicle-type-3.webp,,[],,,[PREMIUM]
678d7bdb-d570-4981-896b-f0a97bfb3dea,2026-04-24 21:57:03.725,2026-04-24 21:57:03.725,678d7bdb-d570-4981-896b-f0a97bfb3dea,[PREMIUM],Used,2024,Honda,CR-V Hybrid,Sport-L,[PREMIUM],[PREMIUM],63620,SUV,Red,BLACK,Rear-wheel Drive,,,Hybrid,,,dealership,[PREMIUM],San Jose,CA,/vehicles/vehicle-type-1.webp,,[],,,[PREMIUM]
0439babd-d890-4193-912b-d5f5a5157d92,2026-04-24 21:57:03.715,2026-04-24 21:57:03.715,0439babd-d890-4193-912b-d5f5a5157d92,[PREMIUM],Used,2024,Honda,CR-V,EX,[PREMIUM],[PREMIUM],33566,SUV,Gray,BLACK,Four-wheel Drive,,,Gasoline,,,dealership,[PREMIUM],Indianapolis,IN,/vehicles/vehicle-type-4.webp,,[],,,[PREMIUM]
2e1e50be-115f-4404-b3bd-97d517e94138,2026-04-24 21:56:53.571,2026-04-24 21:56:53.571,2e1e50be-115f-4404-b3bd-97d517e94138,[PREMIUM],Used,2024,Honda,HR-V,Sport,[PREMIUM],[PREMIUM],29938,SUV,White,BLACK,Four-wheel Drive,,,Gasoline,,,dealership,[PREMIUM],Rochester,NY,/vehicles/vehicle-type-2.webp,,[],,,[PREMIUM]
85b0cee2-7eca-4fda-ba1b-5a14a56b1c98,2026-04-24 21:56:53.571,2026-04-24 21:56:53.571,85b0cee2-7eca-4fda-ba1b-5a14a56b1c98,[PREMIUM],Used,2024,Subaru,Crosstrek,Limited,[PREMIUM],[PREMIUM],7213,SUV,Red,Black,,,,,,,dealership,[PREMIUM],Orchard Park,NY,/vehicles/vehicle-type-1.webp,,[],,,[PREMIUM]
6a23f8fc-f46b-4d5f-b9bd-cc6bf6c16a7a,2026-04-24 21:56:53.553,2026-04-24 21:56:53.553,6a23f8fc-f46b-4d5f-b9bd-cc6bf6c16a7a,[PREMIUM],Used,2024,Toyota,RAV4,LE,[PREMIUM],[PREMIUM],39539,SUV,Red,BLACK,Four-wheel Drive,,,Gasoline,,,dealership,[PREMIUM],Colma,CA,/vehicles/vehicle-type-7.webp,,[],,,[PREMIUM]
a6df658f-9771-487e-8b64-9749a57969e3,2026-04-24 21:56:53.550,2026-04-24 21:56:53.550,a6df658f-9771-487e-8b64-9749a57969e3,[PREMIUM],Used,2024,Subaru,Outback,Premium,[PREMIUM],[PREMIUM],17987,SUV,Green,BLACK,Four-wheel Drive,,,Gasoline,,,dealership,[PREMIUM],Greensboro,NC,/vehicles/vehicle-type-3.webp,,[],,,[PREMIUM]
01fd3363-09e6-4a04-89a8-12e3db7c2089,2026-04-24 21:56:53.533,2026-04-24 21:56:53.533,01fd3363-09e6-4a04-89a8-12e3db7c2089,[PREMIUM],Used,2024,Subaru,Crosstrek,Premium,[PREMIUM],[PREMIUM],25821,SUV,Pure Red,Black,,,,,,,dealership,[PREMIUM],Tucson,AZ,/vehicles/vehicle-type-7.webp,,[],,,[PREMIUM]
0fda6656-0f2f-4967-9b64-2a70bae7f341,2026-04-24 21:56:53.512,2026-04-24 21:56:53.512,0fda6656-0f2f-4967-9b64-2a70bae7f341,[PREMIUM],Used,2024,Honda,Accord,EX,[PREMIUM],[PREMIUM],13844,Sedan,White,BLACK,Rear-wheel Drive,,,Gasoline,,,dealership,[PREMIUM],Chattanooga,TN,/vehicles/vehicle-type-4.webp,,[],,,[PREMIUM]
53e0db4a-59c0-477e-9a9c-809eefde3b3a,2026-04-24 21:56:53.455,2026-04-24 21:56:53.455,53e0db4a-59c0-477e-9a9c-809eefde3b3a,[PREMIUM],Used,2024,Subaru,Crosstrek,Premium,[PREMIUM],[PREMIUM],12212,SUV,Magnetite Gray Metallic,Gray,,,,,,,dealership,[PREMIUM],Marquette,MI,/vehicles/vehicle-type-6.webp,,[],,,[PREMIUM]
f46204b3-be4e-46f6-abb1-cf246639a638,2026-04-24 21:56:53.452,2026-04-24 21:56:53.452,f46204b3-be4e-46f6-abb1-cf246639a638,[PREMIUM],Used,2024,Subaru,Forester,w/ Alloy Wheel Package,[PREMIUM],[PREMIUM],37329,SUV,Crystal White Pearl,Gray,,,,,,,dealership,[PREMIUM],Tucson,AZ,/vehicles/vehicle-type-7.webp,,[],,,[PREMIUM]
c6b53d97-91c3-4068-bd81-20ca4bbca38a,2026-04-24 21:56:53.450,2026-04-24 21:56:53.450,c6b53d97-91c3-4068-bd81-20ca4bbca38a,[PREMIUM],Used,2024,Subaru,Crosstrek,Limited,[PREMIUM],[PREMIUM],11214,SUV,Crystal White Pearl,Gray w/Orange Stitching,,,,,,,dealership,[PREMIUM],Casper,WY,/vehicles/vehicle-type-5.webp,,[],,,[PREMIUM]
2efeff48-f5ac-4352-86ce-6d34562f9369,2026-04-24 21:56:53.445,2026-04-24 21:56:53.445,2efeff48-f5ac-4352-86ce-6d34562f9369,[PREMIUM],Used,2024,Honda,Civic,Sport,[PREMIUM],[PREMIUM],31265,Sedan,White,BLACK,Rear-wheel Drive,,,Gasoline,,,dealership,[PREMIUM],Modesto,CA,/vehicles/vehicle-type-3.webp,,[],,,[PREMIUM]
dba3d5bc-7396-423e-bc4d-f84bf204c7b5,2026-04-24 21:56:53.433,2026-04-24 21:56:53.433,dba3d5bc-7396-423e-bc4d-f84bf204c7b5,[PREMIUM],Used,2024,Honda,Accord Hybrid,Sport,[PREMIUM],[PREMIUM],32742,Sedan,Black,BLACK,Rear-wheel Drive,,,Hybrid,,,dealership,[PREMIUM],Hickory,NC,/vehicles/vehicle-type-3.webp,,[],,,[PREMIUM]
c895c6ca-9d62-4ae2-a244-3f665cf256c7,2026-04-24 21:56:53.433,2026-04-24 21:56:53.433,c895c6ca-9d62-4ae2-a244-3f665cf256c7,[PREMIUM],Used,2024,Subaru,Crosstrek,Premium AWD,[PREMIUM],[PREMIUM],26177,SUV,White,Black,,,,,,,dealership,[PREMIUM],Newton,NJ,/vehicles/vehicle-type-2.webp,,[],,,[PREMIUM]
74015898-95cc-4423-89b7-b79737774c5e,2026-04-24 21:56:53.398,2026-04-24 21:56:53.398,74015898-95cc-4423-89b7-b79737774c5e,[PREMIUM],Used,2024,Honda,Accord,,[PREMIUM],[PREMIUM],33038,Sedan,Meteorite Gray Metallic,Black,,,,,,,dealership,[PREMIUM],Fresno,CA,/vehicles/vehicle-type-6.webp,,[],,,[PREMIUM]
f38e3a48-25b7-41e6-a39e-e6d2431ede2f,2026-04-24 21:56:43.100,2026-04-24 21:56:43.100,f38e3a48-25b7-41e6-a39e-e6d2431ede2f,[PREMIUM],Used,2024,Subaru,Crosstrek,Premium,[PREMIUM],[PREMIUM],15989,SUV,Crystal White Pearl,Gray,,,,,,,dealership,[PREMIUM],LA Crosse,WI,/vehicles/vehicle-type-5.webp,,[],,,[PREMIUM]
c3e571db-9b55-489c-b1a8-77815870e4d5,2026-04-24 21:56:43.096,2026-04-24 21:56:43.096,c3e571db-9b55-489c-b1a8-77815870e4d5,[PREMIUM],Used,2024,Subaru,Crosstrek,Premium,[PREMIUM],[PREMIUM],7419,SUV,Sun Blaze Pearl,Black,,,,,,,dealership,[PREMIUM],Vero Beach,FL,/vehicles/vehicle-type-1.webp,,[],,,[PREMIUM]
1aa14df9-9906-4318-9cb5-14c5c6c96fc3,2026-04-24 21:56:43.058,2026-04-24 21:56:43.058,1aa14df9-9906-4318-9cb5-14c5c6c96fc3,[PREMIUM],Used,2024,Subaru,Crosstrek,Premium,[PREMIUM],[PREMIUM],22348,SUV,Gray,GRAY,Four-wheel Drive,,,Gasoline,,,dealership,[PREMIUM],Gulfport,MS,/vehicles/vehicle-type-4.webp,,[],,,[PREMIUM]
24494a7a-48a8-4c73-a626-f30009899a36,2026-04-24 21:56:43.045,2026-05-06 21:57:29.253,24494a7a-48a8-4c73-a626-f30009899a36,[PREMIUM],Used,2024,Subaru,Crosstrek,Base,[PREMIUM],[PREMIUM],22711,SUV,Pure Red,Gray,,,,,,,dealership,[PREMIUM],Newtown Square,PA,/vehicles/vehicle-type-5.webp,,[],,,[PREMIUM]
ff46b8e4-b8a4-470a-8d72-10e41cf84b66,2026-04-24 21:56:43.041,2026-04-24 21:56:43.041,ff46b8e4-b8a4-470a-8d72-10e41cf84b66,[PREMIUM],Used,2024,Subaru,Outback,Premium,[PREMIUM],[PREMIUM],25533,SUV,Blue,Gray,,,,,,,dealership,[PREMIUM],Lockport,NY,/vehicles/vehicle-type-2.webp,,[],,,[PREMIUM]
f0f46300-3bd9-40d2-a3c8-8274d44184c0,2026-04-24 21:56:43.035,2026-04-27 21:56:55.966,f0f46300-3bd9-40d2-a3c8-8274d44184c0,[PREMIUM],Used,2024,Mazda,CX-50,2.5 S Select Package,[PREMIUM],[PREMIUM],9960,SUV,Blue,BLACK,Four-wheel Drive,,,Gasoline,,,dealership,[PREMIUM],Newport News,VA,/vehicles/vehicle-type-1.webp,,[],,,[PREMIUM]
a63dc13e-1124-4e4a-ad34-af3eb89fe932,2026-04-24 21:56:43.017,2026-04-24 21:56:43.017,a63dc13e-1124-4e4a-ad34-af3eb89fe932,[PREMIUM],Used,2024,Chrysler,Pacifica,Touring L,[PREMIUM],[PREMIUM],34728,Passenger Van,Black,BLACK,Rear-wheel Drive,,,Gasoline,,,dealership,[PREMIUM],Fresno,CA,/vehicles/vehicle-type-5.webp,,[],,,[PREMIUM]
c13cb69b-366d-4059-abec-07daa944a9d8,2026-04-24 21:56:23.090,2026-04-24 21:56:23.090,c13cb69b-366d-4059-abec-07daa944a9d8,[PREMIUM],New,2025,Ford,Bronco Sport,Big Bend,[PREMIUM],[PREMIUM],3270,SUV,Desert Sand,Medium Light Smoked Truffle,Four-wheel Drive,,,Gasoline,,,dealership,[PREMIUM],Bradenton,FL,/vehicles/vehicle-type-3.webp,,[],,,[PREMIUM]
be051b75-5e88-49e7-838c-ca7ba74653d3,2026-04-24 21:56:22.933,2026-04-24 21:56:22.933,be051b75-5e88-49e7-838c-ca7ba74653d3,[PREMIUM],Used,2025,Toyota,Corolla,SE,[PREMIUM],[PREMIUM],7251,Sedan,Blueprint,,Front-wheel Drive,,,Gasoline,,,dealership,[PREMIUM],Peoria,AZ,/vehicles/vehicle-type-3.webp,,[],,,[PREMIUM]
90372898-eff5-41dc-8b66-0666bb6c8f80,2026-04-24 21:56:22.697,2026-04-24 21:56:22.697,90372898-eff5-41dc-8b66-0666bb6c8f80,[PREMIUM],Used,2025,Jeep,Compass,Limited,[PREMIUM],[PREMIUM],21986,SUV,Red Hot Pearlcoat,,Four-wheel Drive,,,Gasoline,,,dealership,[PREMIUM],Baton Rouge,LA,/vehicles/vehicle-type-2.webp,,[],,,[PREMIUM]
1739d2a9-d48c-4515-a523-3bdcb516073e,2026-04-24 21:56:12.585,2026-04-24 21:56:12.585,1739d2a9-d48c-4515-a523-3bdcb516073e,[PREMIUM],Used,2025,Mazda,CX-30,2.5 S Preferred Package,[PREMIUM],[PREMIUM],4814,SUV,Soul Red Crystal Metallic,Black/Black,AWD,,,Gasoline,,,dealership,[PREMIUM],Tallahassee,FL,/vehicles/vehicle-type-5.webp,,[],,,[PREMIUM]
281cbd17-6744-4f4d-8663-fcfa5a980d02,2026-04-24 21:56:02.327,2026-04-24 21:56:02.327,281cbd17-6744-4f4d-8663-fcfa5a980d02,[PREMIUM],Used,2025,Mitsubishi,Outlander,SE,[PREMIUM],[PREMIUM],25205,SUV,Black,BLACK,Rear-wheel Drive,,,Gasoline,,,dealership,[PREMIUM],Colorado Springs,CO,/vehicles/vehicle-type-4.webp,,[],,,[PREMIUM]
77246642-044f-4c95-a101-356cd9382061,2026-04-24 21:56:02.325,2026-04-24 21:56:02.325,77246642-044f-4c95-a101-356cd9382061,[PREMIUM],Used,2025,Toyota,RAV4,LE,[PREMIUM],[PREMIUM],17744,SUV,Black,BLACK,4WD,,,Gas,,,dealership,[PREMIUM],Roswell,GA,/vehicles/vehicle-type-4.webp,,[],,,[PREMIUM]
0d8e0db1-b3f1-406a-8a46-68fdfe4b188e,2026-04-24 21:56:02.307,2026-04-24 21:56:02.307,0d8e0db1-b3f1-406a-8a46-68fdfe4b188e,[PREMIUM],Used,2025,Subaru,Crosstrek,Premium,[PREMIUM],[PREMIUM],3149,SUV,DAYBREAK BLUE PEARL,BLACK,,,,,,,dealership,[PREMIUM],Lexington,KY,/vehicles/vehicle-type-7.webp,,[],,,[PREMIUM]
7afdef6e-4822-484c-9d26-c6f2173fff5b,2026-04-24 21:56:02.298,2026-04-30 21:56:25.958,7afdef6e-4822-484c-9d26-c6f2173fff5b,[PREMIUM],Used,2025,Toyota,Corolla,FX,[PREMIUM],[PREMIUM],11683,Sedan,Ice Cap/Midnight Black Metallic,Moonstone,Front-wheel Drive,,,Gasoline,,,dealership,[PREMIUM],Houston,TX,/vehicles/vehicle-type-1.webp,,[],,,[PREMIUM]
74e59790-7436-4dba-b4db-95bc8e9e0e0e,2026-04-24 21:56:02.275,2026-04-24 21:56:02.275,74e59790-7436-4dba-b4db-95bc8e9e0e0e,[PREMIUM],Used,2025,Honda,HR-V,Sport,[PREMIUM],[PREMIUM],4947,SUV,White,BLACK,Four-wheel Drive,,,Gasoline,,,dealership,[PREMIUM],Gastonia,NC,/vehicles/vehicle-type-2.webp,,[],,,[PREMIUM]
7f0cb141-90d7-4c49-9d2b-4e3a4e0c2be1,2026-04-24 21:56:02.233,2026-04-24 21:56:02.233,7f0cb141-90d7-4c49-9d2b-4e3a4e0c2be1,[PREMIUM],Used,2025,Honda,HR-V,Sport,[PREMIUM],[PREMIUM],32386,SUV,Gray,BLACK,Four-wheel Drive,,,Gasoline,,,dealership,[PREMIUM],Greenville,SC,/vehicles/vehicle-type-7.webp,,[],,,[PREMIUM]
9f3aa67b-92e8-4476-83f2-36e55e0a8365,2026-04-24 21:55:52.286,2026-04-24 21:55:52.286,9f3aa67b-92e8-4476-83f2-36e55e0a8365,[PREMIUM],Used,2025,Honda,Accord,SE,[PREMIUM],[PREMIUM],35787,Sedan,Red,TAN,Rear-wheel Drive,,,Gasoline,,,dealership,[PREMIUM],Raleigh,NC,/vehicles/vehicle-type-1.webp,,[],,,[PREMIUM]
7fee717b-2e77-4953-bd43-49d74bc57c0e,2026-04-24 21:55:52.228,2026-04-24 21:55:52.228,7fee717b-2e77-4953-bd43-49d74bc57c0e,[PREMIUM],Used,2025,Mazda,CX-5,2.5 S Select Package,[PREMIUM],[PREMIUM],18618,SUV,Black,BLACK,Four-wheel Drive,,,Gasoline,,,dealership,[PREMIUM],Rochester,NY,/vehicles/vehicle-type-6.webp,,[],,,[PREMIUM]
32df523e-a5ff-4837-a863-724018b3e478,2026-04-24 21:55:51.924,2026-05-03 21:56:48.961,32df523e-a5ff-4837-a863-724018b3e478,[PREMIUM],Used,2025,Subaru,Crosstrek,Premium,[PREMIUM],[PREMIUM],4117,SUV,Gray,Black,,,,,,,dealership,[PREMIUM],Fort Walton Beach,FL,/vehicles/vehicle-type-1.webp,,[],,,[PREMIUM]
2082bcf1-4d25-476a-bdaa-217b6730c84c,2026-04-24 21:55:51.921,2026-04-24 21:55:51.921,2082bcf1-4d25-476a-bdaa-217b6730c84c,[PREMIUM],Used,2025,Nissan,Altima,SL,[PREMIUM],[PREMIUM],4156,Sedan,Red,BLACK,Rear-wheel Drive,,,Gasoline,,,dealership,[PREMIUM],Franklin,TN,/vehicles/vehicle-type-7.webp,,[],,,[PREMIUM]
bcdf8785-d17d-4ce4-aeb3-e51d816e6834,2026-04-24 21:55:51.918,2026-04-24 21:55:51.918,bcdf8785-d17d-4ce4-aeb3-e51d816e6834,[PREMIUM],Used,2025,Honda,Civic,Sport,[PREMIUM],[PREMIUM],24200,Sedan,Gray,BLACK,2WD,,,Gas,,,dealership,[PREMIUM],Hillside,IL,/vehicles/vehicle-type-6.webp,,[],,,[PREMIUM]
0569c8b4-830d-4675-b259-2796ac2e6cbc,2026-04-24 21:55:51.914,2026-04-24 21:55:51.914,0569c8b4-830d-4675-b259-2796ac2e6cbc,[PREMIUM],Used,2025,Subaru,Legacy,Premium,[PREMIUM],[PREMIUM],1083,Sedan,Crystal White Pearl,Black,,,,,,,dealership,[PREMIUM],Buffalo,NY,/vehicles/vehicle-type-7.webp,,[],,,[PREMIUM]
fdbd222a-05cb-464a-93f1-f5da41741bc5,2026-04-24 21:55:41.776,2026-04-24 21:55:41.776,fdbd222a-05cb-464a-93f1-f5da41741bc5,[PREMIUM],New,2026,Nissan,Kicks,SV,[PREMIUM],[PREMIUM],5,SUV,Aspen White Super Black,Charcoal,All-wheel Drive,,,Gasoline,,,dealership,[PREMIUM],Bellingham,WA,/vehicles/vehicle-type-4.webp,,[],,,[PREMIUM]
8b8ba136-d2b3-49c5-8e17-04c75e9dc981,2026-04-24 21:55:41.739,2026-04-27 21:55:45.445,8b8ba136-d2b3-49c5-8e17-04c75e9dc981,[PREMIUM],New,2026,Subaru,Impreza,Sport,[PREMIUM],[PREMIUM],5,Hatchback,Crystal White Pearl,Black,All-wheel Drive,,,Gasoline,,,dealership,[PREMIUM],Renfrew,PA,/vehicles/vehicle-type-4.webp,,[],,,[PREMIUM]
f359205c-f74d-4162-84ee-475b1a315f4d,2026-04-24 21:55:41.690,2026-04-24 21:55:41.690,f359205c-f74d-4162-84ee-475b1a315f4d,[PREMIUM],New,2026,Kia,K4,LXS,[PREMIUM],[PREMIUM],0,Sedan,White Pearl,Blk Clth,Front-wheel Drive,,,Gasoline,,,dealership,[PREMIUM],Hollywood,FL,/vehicles/vehicle-type-2.webp,,[],,,[PREMIUM]
629a37b3-e021-4a63-8e5f-b8501fc1538d,2026-04-24 21:55:41.661,2026-04-24 21:55:41.661,629a37b3-e021-4a63-8e5f-b8501fc1538d,[PREMIUM],Used,2026,Toyota,Corolla Hybrid,SE,[PREMIUM],[PREMIUM],4366,Sedan,Ice Cap,,Front-wheel Drive,,,Hybrid,,,dealership,[PREMIUM],Peoria,AZ,/vehicles/vehicle-type-2.webp,,[],,,[PREMIUM]
515665df-055d-4a85-9c87-433c88770c79,2026-04-24 21:55:41.602,2026-04-27 21:55:55.601,515665df-055d-4a85-9c87-433c88770c79,[PREMIUM],New,2026,Nissan,Kicks,SV,[PREMIUM],[PREMIUM],5,SUV,Super Black,Charcoal,All-wheel Drive,,,Gasoline,,,dealership,[PREMIUM],Bellingham,WA,/vehicles/vehicle-type-6.webp,,[],,,[PREMIUM]
3f31935c-4f18-480b-9ae6-c57e14d492c5,2026-04-24 21:55:41.584,2026-04-24 21:55:41.584,3f31935c-4f18-480b-9ae6-c57e14d492c5,[PREMIUM],New,2026,Toyota,Corolla,SE,[PREMIUM],[PREMIUM],0,Sedan,Underground/Midnight Black Metallic,Black/Red,Front-wheel Drive,,,Gasoline,,,dealership,[PREMIUM],Elmhurst,IL,/vehicles/vehicle-type-2.webp,,[],,,[PREMIUM]
4f4e3a72-2795-42e5-b71d-600a2b8be6d7,2026-04-24 21:55:41.576,2026-04-24 21:55:41.576,4f4e3a72-2795-42e5-b71d-600a2b8be6d7,[PREMIUM],New,2026,Honda,HR-V,2WD Sport,[PREMIUM],[PREMIUM],3,SUV,Crystal Black Pearl,Black,Front-wheel Drive,,,Gasoline,,,dealership,[PREMIUM],Greer,SC,/vehicles/vehicle-type-7.webp,,[],,,[PREMIUM]
aa30fab2-6dd4-4e28-9cea-f72e654bd192,2026-04-24 21:55:41.573,2026-04-24 21:55:41.573,aa30fab2-6dd4-4e28-9cea-f72e654bd192,[PREMIUM],New,2026,Nissan,Sentra,SV,[PREMIUM],[PREMIUM],10,Sedan,Gun Metallic,Charcoal,Front-wheel Drive,,,Gasoline,,,dealership,[PREMIUM],Hasbrouck Heights,NJ,/vehicles/vehicle-type-7.webp,,[],,,[PREMIUM]
2a93f81d-3228-4422-ae88-344c2a73316e,2026-04-24 21:55:41.519,2026-04-27 21:55:45.861,2a93f81d-3228-4422-ae88-344c2a73316e,[PREMIUM],New,2026,Honda,Accord,LX 1.5T,[PREMIUM],[PREMIUM],0,Sedan,Platinum White Pearl,Black,Front-wheel Drive,,,Gasoline,,,dealership,[PREMIUM],Egg Harbor Township,NJ,/vehicles/vehicle-type-4.webp,,[],,,[PREMIUM]
ec5506e3-22c8-40e8-bd90-2caf9f8022ca,2026-04-24 21:55:41.505,2026-04-24 21:55:41.505,ec5506e3-22c8-40e8-bd90-2caf9f8022ca,[PREMIUM],New,2026,Toyota,Corolla,SE,[PREMIUM],[PREMIUM],0,Sedan,Celestite,Moonstone,Front-wheel Drive,,,Gasoline,,,dealership,[PREMIUM],Auburn,AL,/vehicles/vehicle-type-1.webp,,[],,,[PREMIUM]
850681dd-74cd-45d8-b76a-c42dee513d05,2026-04-24 21:55:41.497,2026-04-30 21:55:55.237,850681dd-74cd-45d8-b76a-c42dee513d05,[PREMIUM],New,2026,Kia,Seltos,S,[PREMIUM],[PREMIUM],11,SUV,Mars Orange,Black,All-wheel Drive,,,Gasoline,,,dealership,[PREMIUM],Pittsburgh,PA,/vehicles/vehicle-type-4.webp,,[],,,[PREMIUM]
1f2a76d3-8c12-4dcf-954d-f9b52145f552,2026-04-24 21:55:41.477,2026-04-24 21:55:41.477,1f2a76d3-8c12-4dcf-954d-f9b52145f552,[PREMIUM],New,2026,Mazda,Mazda3,FWD w/Preferred Package,[PREMIUM],[PREMIUM],15,Sedan,Blue,Black Leatherette,Front-wheel Drive,,,Gasoline,,,dealership,[PREMIUM],Hartford,CT,/vehicles/vehicle-type-3.webp,,[],,,[PREMIUM]
58d159a9-d85f-4fc5-89ea-cb9754ef73bf,2026-04-24 21:55:41.462,2026-04-24 21:55:41.462,58d159a9-d85f-4fc5-89ea-cb9754ef73bf,[PREMIUM],New,2026,Kia,Seltos,S,[PREMIUM],[PREMIUM],16,SUV,White / Black,Black,Front-wheel Drive,,,Gasoline,,,dealership,[PREMIUM],Hollywood,FL,/vehicles/vehicle-type-3.webp,,[],,,[PREMIUM]
fa992083-6997-40ad-aec4-e96129098f0d,2026-04-24 21:55:30.871,2026-04-24 21:55:30.871,fa992083-6997-40ad-aec4-e96129098f0d,[PREMIUM],New,2026,Chevrolet,Trax,FWD 2RS,[PREMIUM],[PREMIUM],2,SUV,Mosaic Black Metallic,Jet Black w/Red Accents,Front-wheel Drive,,,Gasoline,,,dealership,[PREMIUM],North Branch,MN,/vehicles/vehicle-type-1.webp,,[],,,[PREMIUM]
f12ebf89-7d36-4975-91ab-ce8faf9e01dd,2026-04-24 21:55:10.674,2026-04-27 21:55:25.212,f12ebf89-7d36-4975-91ab-ce8faf9e01dd,[PREMIUM],New,2026,Toyota,Corolla Cross,LE,[PREMIUM],[PREMIUM],0,SUV,White,Black,Front-wheel Drive,,,Gasoline,,,dealership,[PREMIUM],Miami,FL,/vehicles/vehicle-type-5.webp,,[],,,[PREMIUM]
a0223893-6c2e-4d45-a74f-ea57133755fe,2026-04-24 21:55:10.534,2026-04-24 21:55:10.534,a0223893-6c2e-4d45-a74f-ea57133755fe,[PREMIUM],New,2026,Nissan,Kicks,SV,[PREMIUM],[PREMIUM],6,SUV,Super Black,Charcoal,Front-wheel Drive,,,Gasoline,,,dealership,[PREMIUM],Poway,CA,/vehicles/vehicle-type-7.webp,,[],,,[PREMIUM]
6889f6e8-f21f-4210-a892-910dfbe23fb7,2026-04-24 21:55:00.606,2026-04-24 21:55:00.606,6889f6e8-f21f-4210-a892-910dfbe23fb7,[PREMIUM],New,2026,Nissan,Kicks,SV,[PREMIUM],[PREMIUM],5,SUV,Super Black,Charcoal,Front-wheel Drive,,,Gasoline,,,dealership,[PREMIUM],Poway,CA,/vehicles/vehicle-type-6.webp,,[],,,[PREMIUM]
fe9b8a53-db62-4b49-a025-8a15803ac20f,2026-04-24 21:55:00.316,2026-04-24 21:55:00.316,fe9b8a53-db62-4b49-a025-8a15803ac20f,[PREMIUM],New,2026,Nissan,Rogue,SV,[PREMIUM],[PREMIUM],3,SUV,Black,Charcoal,FWD,,,Gasoline,,,dealership,[PREMIUM],Poway,CA,/vehicles/vehicle-type-5.webp,,[],,,[PREMIUM]
dbcd46c2-8b98-48fb-8cdb-790a7064e26c,2026-04-24 21:55:00.307,2026-04-24 21:55:00.307,dbcd46c2-8b98-48fb-8cdb-790a7064e26c,[PREMIUM],New,2026,Nissan,Kicks,SV,[PREMIUM],[PREMIUM],6,SUV,Super Black,Charcoal,Front-wheel Drive,,,Gasoline,,,dealership,[PREMIUM],Poway,CA,/vehicles/vehicle-type-7.webp,,[],,,[PREMIUM]
d74a7019-4725-4a0b-a7f4-8fd4bbebe353,2026-04-24 21:55:00.297,2026-04-24 21:55:00.297,d74a7019-4725-4a0b-a7f4-8fd4bbebe353,[PREMIUM],New,2026,Nissan,Rogue,SV,[PREMIUM],[PREMIUM],6,SUV,Black,Charcoal,FWD,,,Gasoline,,,dealership,[PREMIUM],Poway,CA,/vehicles/vehicle-type-2.webp,,[],,,[PREMIUM]
53c107e0-41f6-4055-b8ee-7695817646a3,2026-04-24 21:55:00.289,2026-04-24 21:55:00.289,53c107e0-41f6-4055-b8ee-7695817646a3,[PREMIUM],New,2026,Nissan,Kicks,SR,[PREMIUM],[PREMIUM],7,SUV,Gun Metallic,Sport,Front-wheel Drive,,,Gasoline,,,dealership,[PREMIUM],Poway,CA,/vehicles/vehicle-type-4.webp,,[],,,[PREMIUM]
5f0a038c-2d8b-4d91-80c9-f2e434517db6,2026-04-24 21:55:00.274,2026-04-27 21:55:15.120,5f0a038c-2d8b-4d91-80c9-f2e434517db6,[PREMIUM],New,2026,Nissan,Kicks,SR,[PREMIUM],[PREMIUM],6,SUV,Super Black,Sport,Front-wheel Drive,,,Gasoline,,,dealership,[PREMIUM],Poway,CA,/vehicles/vehicle-type-2.webp,,[],,,[PREMIUM]
1f099f24-4d1d-462a-bbaa-d60a3fadaf81,2026-04-24 21:55:00.268,2026-04-24 21:55:00.268,1f099f24-4d1d-462a-bbaa-d60a3fadaf81,[PREMIUM],New,2026,Nissan,Kicks,SR,[PREMIUM],[PREMIUM],8,SUV,Gun Metallic,Sport,Front-wheel Drive,,,Gasoline,,,dealership,[PREMIUM],Poway,CA,/vehicles/vehicle-type-7.webp,,[],,,[PREMIUM]
434ce5b7-24ca-4bf6-9bdc-645a405bd9fa,2026-04-24 21:54:50.332,2026-04-24 21:54:50.332,434ce5b7-24ca-4bf6-9bdc-645a405bd9fa,[PREMIUM],New,2026,Nissan,Kicks,SV,[PREMIUM],[PREMIUM],10,SUV,Gun Metallic,Charcoal,Front-wheel Drive,,,Gasoline,,,dealership,[PREMIUM],City of Industry,CA,/vehicles/vehicle-type-7.webp,,[],,,[PREMIUM]
25fd4146-644d-4c31-bc9a-2362d14b8861,2026-04-24 21:54:50.313,2026-04-24 21:54:50.313,25fd4146-644d-4c31-bc9a-2362d14b8861,[PREMIUM],New,2026,Nissan,Kicks,SV,[PREMIUM],[PREMIUM],10,SUV,Gun Metallic,Charcoal,Front-wheel Drive,,,Gasoline,,,dealership,[PREMIUM],City of Industry,CA,/vehicles/vehicle-type-7.webp,,[],,,[PREMIUM]
13a0ead9-f3c1-4e76-9d6d-dd094ba788a9,2026-04-24 21:54:50.098,2026-04-24 21:54:50.098,13a0ead9-f3c1-4e76-9d6d-dd094ba788a9,[PREMIUM],New,2026,Mitsubishi,Outlander,ES 1.5T 2WD,[PREMIUM],[PREMIUM],10,SUV,Alloy Silver Metallic,Black,Front Wheel Drive,,,Regular unleaded,,,dealership,[PREMIUM],Winter Park,FL,/vehicles/vehicle-type-1.webp,,[],,,[PREMIUM]
31be40bc-7284-475b-baa9-d867af2a896b,2026-04-24 21:54:50.076,2026-04-24 21:54:50.076,31be40bc-7284-475b-baa9-d867af2a896b,[PREMIUM],New,2026,Nissan,Kicks,SV,[PREMIUM],[PREMIUM],10,SUV,Gun Metallic,Charcoal,Front-wheel Drive,,,Gasoline,,,dealership,[PREMIUM],City of Industry,CA,/vehicles/vehicle-type-6.webp,,[],,,[PREMIUM]
c117a6d7-7278-4ce6-b0a6-58f393b80be0,2026-04-24 21:54:50.006,2026-04-24 21:54:50.006,c117a6d7-7278-4ce6-b0a6-58f393b80be0,[PREMIUM],New,2026,Nissan,Altima,SR FWD,[PREMIUM],[PREMIUM],62,Sedan,Gray Sky Pearl,Sport,Front-wheel Drive,,,Gasoline,,,dealership,[PREMIUM],Corinth,TX,/vehicles/vehicle-type-1.webp,,[],,,[PREMIUM]
3d3dce92-3f59-4c6d-8c86-9e3de92490d6,2026-04-24 21:54:50.005,2026-04-24 21:54:50.005,3d3dce92-3f59-4c6d-8c86-9e3de92490d6,[PREMIUM],New,2026,Mazda,Mazda3,FWD w/Preferred Package,[PREMIUM],[PREMIUM],,Sedan,Machine Gray Metallic,Black,FWD,,,Gasoline,,,dealership,[PREMIUM],Royal Palm Beach,FL,/vehicles/vehicle-type-7.webp,,[],,,[PREMIUM]
4177f7d9-ed98-4302-b5ef-2112956678ee,2026-04-24 21:54:49.998,2026-04-24 21:54:49.998,4177f7d9-ed98-4302-b5ef-2112956678ee,[PREMIUM],New,2026,Nissan,Kicks,SV,[PREMIUM],[PREMIUM],10,SUV,Gun Metallic,Charcoal,Front-wheel Drive,,,Gasoline,,,dealership,[PREMIUM],City of Industry,CA,/vehicles/vehicle-type-4.webp,,[],,,[PREMIUM]
ce230d50-65dd-49af-b66d-97516156a712,2026-04-24 21:54:49.991,2026-04-24 21:54:49.991,ce230d50-65dd-49af-b66d-97516156a712,[PREMIUM],New,2026,Mitsubishi,Outlander Sport,2.0 LE,[PREMIUM],[PREMIUM],5,SUV,White Diamond,Black,Four Wheel Drive,,,Regular unleaded,,,dealership,[PREMIUM],Winter Park,FL,/vehicles/vehicle-type-6.webp,,[],,,[PREMIUM]
292416c9-73dc-4279-839b-b81a7308e4bb,2026-04-24 21:54:49.988,2026-04-27 21:55:05.085,292416c9-73dc-4279-839b-b81a7308e4bb,[PREMIUM],New,2026,Mitsubishi,Outlander,ES 1.5T 2WD,[PREMIUM],[PREMIUM],10,SUV,White Diamond,Black,Front-wheel Drive,,,Gasoline,,,dealership,[PREMIUM],Winter Park,FL,/vehicles/vehicle-type-1.webp,,[],,,[PREMIUM]
8f073c76-c07e-41a1-a75d-80ba92630555,2026-04-24 21:54:39.976,2026-04-24 21:54:39.976,8f073c76-c07e-41a1-a75d-80ba92630555,[PREMIUM],New,2026,Mazda,CX-30,2.5 S Aire Edition,[PREMIUM],[PREMIUM],,SUV,Deep Crystal Blue Mica,Black/Melange Gray,AWD,,,Gasoline,,,dealership,[PREMIUM],Royal Palm Beach,FL,/vehicles/vehicle-type-6.webp,,[],,,[PREMIUM]
f91d826b-3596-4660-ab1f-152268657fed,2026-04-24 21:54:39.924,2026-04-27 21:54:55.025,f91d826b-3596-4660-ab1f-152268657fed,[PREMIUM],New,2026,Mitsubishi,Eclipse Cross,LE,[PREMIUM],[PREMIUM],10,SUV,Lightning Blue Metallic,Black,Four-wheel Drive,,,Gasoline,,,dealership,[PREMIUM],Winter Park,FL,/vehicles/vehicle-type-2.webp,,[],,,[PREMIUM]
aac458dd-ab5b-49b5-b7a6-b08d7c28ee47,2026-04-24 21:54:39.644,2026-04-27 21:54:55.009,aac458dd-ab5b-49b5-b7a6-b08d7c28ee47,[PREMIUM],New,2026,Mitsubishi,Outlander,ES 1.5T S-AWC,[PREMIUM],[PREMIUM],5,SUV,White Diamond,Black,All-wheel Drive,,,Gasoline,,,dealership,[PREMIUM],Winter Park,FL,/vehicles/vehicle-type-5.webp,,[],,,[PREMIUM]
741e2ce3-aca5-4d27-b87d-b4ae6d5cf3c4,2026-04-24 21:54:39.640,2026-04-24 21:54:39.640,741e2ce3-aca5-4d27-b87d-b4ae6d5cf3c4,[PREMIUM],New,2026,Chevrolet,Trailblazer,LS,[PREMIUM],[PREMIUM],0,SUV,Mosaic Black Metallic,Jet Black,All-wheel Drive,,,Gasoline,,,dealership,[PREMIUM],Somerset,PA,/vehicles/vehicle-type-3.webp,,[],,,[PREMIUM]
8cd35221-3d1f-484a-92c9-17b70d8cf916,2026-04-24 21:54:39.562,2026-04-24 21:54:39.562,8cd35221-3d1f-484a-92c9-17b70d8cf916,[PREMIUM],New,2026,Chevrolet,Trax,LT,[PREMIUM],[PREMIUM],0,SUV,Sterling Gray Metallic,Jet Black w/Yellow Accents,Front-wheel Drive,,,Gasoline,,,dealership,[PREMIUM],Somerset,PA,/vehicles/vehicle-type-4.webp,,[],,,[PREMIUM]
8cd05085-65f6-47d0-ac3f-48d139e74d03,2026-04-24 21:54:39.538,2026-04-27 21:54:55.024,8cd05085-65f6-47d0-ac3f-48d139e74d03,[PREMIUM],New,2026,Chevrolet,Trailblazer,LS,[PREMIUM],[PREMIUM],0,SUV,Cacti Green,Jet Black,All-wheel Drive,,,Gasoline,,,dealership,[PREMIUM],Somerset,PA,/vehicles/vehicle-type-4.webp,,[],,,[PREMIUM]
65d25041-478f-4f22-990b-bb07253d89e9,2026-04-24 21:52:38.794,2026-04-30 21:53:00.520,65d25041-478f-4f22-990b-bb07253d89e9,[PREMIUM],Used,2008,Toyota,Tundra,Limited,[PREMIUM],[PREMIUM],123995,Truck,Super White,Graphite,Four Wheel Drive,,,Regular unleaded,,,dealership,[PREMIUM],Olympia,WA,/vehicles/vehicle-type-1.webp,,[],,,[PREMIUM]
b1dd286a-8b84-46ee-a4fd-7d405154825b,2026-04-24 21:51:48.124,2026-04-27 21:52:04.454,b1dd286a-8b84-46ee-a4fd-7d405154825b,[PREMIUM],Used,2013,Cadillac,Escalade,Premium,[PREMIUM],[PREMIUM],93557,SUV,Sapphire Blue Metallic,Ebony/Ebony Accents,Rear-wheel Drive,,,Gasoline,,,dealership,[PREMIUM],Conway,AR,/vehicles/vehicle-type-1.webp,,[],,,[PREMIUM]
cc1385c9-4a92-48a9-b220-9efa8d18d5c6,2026-04-24 21:51:37.890,2026-04-24 21:51:37.890,cc1385c9-4a92-48a9-b220-9efa8d18d5c6,[PREMIUM],Used,2014,RAM,1500,Laramie,[PREMIUM],[PREMIUM],127800,Truck,Black Clearcoat,Black,Four-wheel Drive,,,Gasoline,,,dealership,[PREMIUM],Olympia,WA,/vehicles/vehicle-type-1.webp,,[],,,[PREMIUM]
b583eda7-45b2-4186-903b-b97d21095741,2026-04-24 21:51:37.872,2026-04-24 21:51:37.872,b583eda7-45b2-4186-903b-b97d21095741,[PREMIUM],Used,2014,RAM,3500,Big Horn,[PREMIUM],[PREMIUM],191959,Truck,Bright White Clearcoat,Diesel Gray/Black,Rear-wheel Drive,,,Diesel,,,dealership,[PREMIUM],Dallas,TX,/vehicles/vehicle-type-2.webp,,[],,,[PREMIUM]
b27cf3bf-0776-483d-ad1b-49d31d2d2292,2026-04-24 21:51:27.786,2026-04-24 21:51:27.786,b27cf3bf-0776-483d-ad1b-49d31d2d2292,[PREMIUM],Used,2014,GMC,Sierra 1500,SLT,[PREMIUM],[PREMIUM],102813,Truck,Burgundy,Tan,Four-wheel Drive,,,E85 Flex Fuel,,,dealership,[PREMIUM],Fresno,CA,/vehicles/vehicle-type-7.webp,,[],,,[PREMIUM]
646f2918-fce9-4c0b-9bd7-653d513c6078,2026-04-24 21:51:27.771,2026-04-27 21:51:34.011,646f2918-fce9-4c0b-9bd7-653d513c6078,[PREMIUM],Used,2015,Nissan,Xterra,PRO-4X,[PREMIUM],[PREMIUM],83135,SUV,White,BLACK,Four-wheel Drive,,,Gasoline,,,dealership,[PREMIUM],Tampa,FL,/vehicles/vehicle-type-4.webp,,[],,,[PREMIUM]
dd23e60a-309e-4401-b5b6-39699092054e,2026-04-24 21:51:27.756,2026-04-30 21:52:39.401,dd23e60a-309e-4401-b5b6-39699092054e,[PREMIUM],Used,2015,Jeep,Wrangler Unlimited,Rubicon,[PREMIUM],[PREMIUM],79223,SUV,Black Clearcoat,White,4WD,,,Gasoline,,,dealership,[PREMIUM],Bonne Terre,MO,/vehicles/vehicle-type-3.webp,,[],,,[PREMIUM]
df0e9395-9f39-4c4e-8f83-cfa97ce94180,2026-04-24 21:51:27.675,2026-04-24 21:51:27.675,df0e9395-9f39-4c4e-8f83-cfa97ce94180,[PREMIUM],Used,2015,RAM,2500,Tradesman,[PREMIUM],[PREMIUM],55515,Truck,Bright White Clearcoat,Diesel Gray/Black,Rear-wheel Drive,,,Gasoline,,,dealership,[PREMIUM],Memphis,TN,/vehicles/vehicle-type-5.webp,,[],,,[PREMIUM]
c4dc683b-1756-46a9-8c17-1c96476efa9f,2026-04-24 21:50:57.614,2026-04-24 21:50:57.614,c4dc683b-1756-46a9-8c17-1c96476efa9f,[PREMIUM],Used,2016,Toyota,Highlander,XLE,[PREMIUM],[PREMIUM],89443,SUV,Midnight Black Metallic,Black,All Wheel Drive,,,Regular unleaded,,,dealership,[PREMIUM],Naperville,IL,/vehicles/vehicle-type-7.webp,,[],,,[PREMIUM]
9ac3c111-dbbe-4123-90dd-17318e287c5f,2026-04-24 21:50:57.414,2026-04-30 21:52:49.660,9ac3c111-dbbe-4123-90dd-17318e287c5f,[PREMIUM],Used,2016,Mercedes-Benz,C-Class,,[PREMIUM],[PREMIUM],66030,Sedan,White,BLACK,Four-wheel Drive,,,Gasoline,,,dealership,[PREMIUM],St. Peters,MO,/vehicles/vehicle-type-4.webp,,[],,,[PREMIUM]
c95e8fda-ed9b-4a82-9c9e-5d4c964a7977,2026-04-24 21:50:57.405,2026-04-24 21:50:57.405,c95e8fda-ed9b-4a82-9c9e-5d4c964a7977,[PREMIUM],Used,2016,Lexus,RX 350,,[PREMIUM],[PREMIUM],84360,SUV,Black,BLACK,Four-wheel Drive,,,Gasoline,,,dealership,[PREMIUM],Norcross,GA,/vehicles/vehicle-type-7.webp,,[],,,[PREMIUM]
9b108ad1-0bd8-48fa-acbd-32fa1a88b4fe,2026-04-24 21:50:57.398,2026-04-24 21:50:57.398,9b108ad1-0bd8-48fa-acbd-32fa1a88b4fe,[PREMIUM],Used,2016,Acura,TLX,,[PREMIUM],[PREMIUM],67271,Sedan,White,BROWN,Four-wheel Drive,,,Gasoline,,,dealership,[PREMIUM],East Haven,CT,/vehicles/vehicle-type-5.webp,,[],,,[PREMIUM]
fd7fce4a-f69f-4348-a61c-e62a2c1b6624,2026-04-24 21:50:57.390,2026-04-24 21:50:57.390,fd7fce4a-f69f-4348-a61c-e62a2c1b6624,[PREMIUM],Used,2016,Toyota,RAV4,XLE,[PREMIUM],[PREMIUM],71351,SUV,Silver,GRAY,Rear-wheel Drive,,,Gasoline,,,dealership,[PREMIUM],Oxnard,CA,/vehicles/vehicle-type-6.webp,,[],,,[PREMIUM]
bae511b9-57f4-47a0-a0d0-64d8e0b7aade,2026-04-24 21:50:47.045,2026-04-24 21:50:47.045,bae511b9-57f4-47a0-a0d0-64d8e0b7aade,[PREMIUM],Used,2016,Honda,CR-V,EX,[PREMIUM],[PREMIUM],65533,SUV,Blue,GRAY,Four-wheel Drive,,,Gasoline,,,dealership,[PREMIUM],Salem,OR,/vehicles/vehicle-type-1.webp,,[],,,[PREMIUM]
0b2ae89d-1d0d-42c2-8552-6baa2c5cd993,2026-04-24 21:50:47.034,2026-04-27 21:51:03.853,0b2ae89d-1d0d-42c2-8552-6baa2c5cd993,[PREMIUM],Used,2016,Jeep,Wrangler Unlimited,Rubicon,[PREMIUM],[PREMIUM],101864,SUV,White,Black,Four-wheel Drive,,,Gasoline,,,dealership,[PREMIUM],Fresno,CA,/vehicles/vehicle-type-1.webp,,[],,,[PREMIUM]
a35cf05d-3956-431d-bc8c-b0e1a1b355d7,2026-04-24 21:50:47.032,2026-04-24 21:50:47.032,a35cf05d-3956-431d-bc8c-b0e1a1b355d7,[PREMIUM],Used,2016,Mercedes-Benz,E-Class,Sport,[PREMIUM],[PREMIUM],27713,Sedan,White,BLACK,Four-wheel Drive,,,Gasoline,,,dealership,[PREMIUM],Raleigh,NC,/vehicles/vehicle-type-1.webp,,[],,,[PREMIUM]
cd190ae6-1535-4235-a643-19229f401ec1,2026-04-24 21:50:16.921,2026-04-30 21:52:39.028,cd190ae6-1535-4235-a643-19229f401ec1,[PREMIUM],Used,2017,Toyota,Sienna,LE,[PREMIUM],[PREMIUM],86263,Passenger Van,White,GRAY,Rear-wheel Drive,,,Gasoline,,,dealership,[PREMIUM],Torrance,CA,/vehicles/vehicle-type-3.webp,,[],,,[PREMIUM]
26a88b7b-5964-4eb7-a82c-e49e14347b32,2026-04-24 21:50:16.862,2026-04-27 21:50:33.650,26a88b7b-5964-4eb7-a82c-e49e14347b32,[PREMIUM],Used,2017,Honda,CR-V,EX-L,[PREMIUM],[PREMIUM],83723,SUV,Black,BLACK,Four-wheel Drive,,,Gasoline,,,dealership,[PREMIUM],Urbandale,IA,/vehicles/vehicle-type-2.webp,,[],,,[PREMIUM]
2e3e05d9-998b-4a85-b75e-e0c780508f8d,2026-04-24 21:50:16.838,2026-04-27 21:50:33.598,2e3e05d9-998b-4a85-b75e-e0c780508f8d,[PREMIUM],Used,2017,Dodge,Challenger,R/T,[PREMIUM],[PREMIUM],82472,Coupe,Gray,Dark Gray,Rear-wheel Drive,,,Gasoline,,,dealership,[PREMIUM],Fresno,CA,/vehicles/vehicle-type-2.webp,,[],,,[PREMIUM]
342dd172-f999-4664-82dc-040ce2ffbb55,2026-04-24 21:50:16.779,2026-04-30 21:52:38.974,342dd172-f999-4664-82dc-040ce2ffbb55,[PREMIUM],Used,2017,Mercedes-Benz,GLC 300,4MATIC Coupe,[PREMIUM],[PREMIUM],93848,SUV,Black,Black,All-wheel Drive,,,Gasoline,,,dealership,[PREMIUM],Aurora,CO,/vehicles/vehicle-type-6.webp,,[],,,[PREMIUM]
678989fb-1ecb-4517-8e23-1d3e2036515d,2026-04-24 21:50:16.774,2026-04-24 21:50:16.774,678989fb-1ecb-4517-8e23-1d3e2036515d,[PREMIUM],Used,2017,INFINITI,QX50,,[PREMIUM],[PREMIUM],38524,SUV,White,TAN,Four-wheel Drive,,,Gasoline,,,dealership,[PREMIUM],Glen Allen,VA,/vehicles/vehicle-type-6.webp,,[],,,[PREMIUM]
fd41b8b9-88a2-476b-a9ec-1da21f804f28,2026-04-24 21:50:16.738,2026-05-06 21:53:07.347,fd41b8b9-88a2-476b-a9ec-1da21f804f28,[PREMIUM],Used,2017,Dodge,Charger,R/T,[PREMIUM],[PREMIUM],90558,Sedan,Black,Black,Rear-wheel Drive,,,Gasoline,,,dealership,[PREMIUM],Fresno,CA,/vehicles/vehicle-type-3.webp,,[],,,[PREMIUM]
4fe62a6c-09f3-41ca-a5ff-b8b235b0bebe,2026-04-24 21:50:06.793,2026-04-30 21:52:38.960,4fe62a6c-09f3-41ca-a5ff-b8b235b0bebe,[PREMIUM],Used,2017,Ford,Explorer,Limited,[PREMIUM],[PREMIUM],75972,SUV,Red,BLACK,Rear-wheel Drive,,,E85 Flex Fuel,,,dealership,[PREMIUM],Tulsa,OK,/vehicles/vehicle-type-3.webp,,[],,,[PREMIUM]
9ea4b515-cc9c-48fc-8ee2-eaf424d62344,2026-04-24 21:50:06.537,2026-04-24 21:50:06.537,9ea4b515-cc9c-48fc-8ee2-eaf424d62344,[PREMIUM],Used,2017,RAM,2500,Tradesman 4x4 Crew Cab 6&#39;4&quot; Box,[PREMIUM],[PREMIUM],103339,,Blue Streak Pearlcoat,Diesel Gray/Black,Four-wheel Drive,,,Gasoline,,,dealership,[PREMIUM],Bucyrus,OH,/vehicles/vehicle-type-3.webp,,[],,,[PREMIUM]
9b7710b0-0e7c-4b59-83e6-f16e1d829e72,2026-04-24 21:50:06.491,2026-04-30 21:52:39.093,9b7710b0-0e7c-4b59-83e6-f16e1d829e72,[PREMIUM],Used,2017,Honda,CR-V,EX-L,[PREMIUM],[PREMIUM],89794,SUV,Blue,TAUPE,Four-wheel Drive,,,Gasoline,,,dealership,[PREMIUM],Brooklyn Park,MN,/vehicles/vehicle-type-2.webp,,[],,,[PREMIUM]
0cf597fc-9a82-4b21-92cd-b0a9af494eb8,2026-04-24 21:50:06.486,2026-04-24 21:50:06.486,0cf597fc-9a82-4b21-92cd-b0a9af494eb8,[PREMIUM],Used,2017,Toyota,RAV4,XLE,[PREMIUM],[PREMIUM],85250,SUV,Red,GRAY,Four-wheel Drive,,,Gasoline,,,dealership,[PREMIUM],Lynnwood,WA,/vehicles/vehicle-type-6.webp,,[],,,[PREMIUM]
d0e7c5e5-580b-4294-901c-4394716e43b0,2026-04-24 21:50:06.463,2026-04-24 21:50:06.463,d0e7c5e5-580b-4294-901c-4394716e43b0,[PREMIUM],Used,2017,RAM,ProMaster City,Tradesman,[PREMIUM],[PREMIUM],64168,Cargo Van,White,BLACK,Rear-wheel Drive,,,Gasoline,,,dealership,[PREMIUM],Houston,TX,/vehicles/vehicle-type-6.webp,,[],,,[PREMIUM]
3f308256-6bcd-48d8-924d-40dab19bc2a7,2026-04-24 21:49:56.334,2026-04-24 21:49:56.334,3f308256-6bcd-48d8-924d-40dab19bc2a7,[PREMIUM],Used,2018,Chevrolet,Colorado,ZR2,[PREMIUM],[PREMIUM],84408,Truck,Black,Jet Black,Four-wheel Drive,,,Gasoline,,,dealership,[PREMIUM],Gainesville,GA,/vehicles/vehicle-type-3.webp,,[],,,[PREMIUM]
8f164637-5332-4ce5-aebb-0313bd2a5604,2026-04-24 21:49:56.324,2026-04-24 21:49:56.324,8f164637-5332-4ce5-aebb-0313bd2a5604,[PREMIUM],Used,2018,Mercedes-Benz,C-Class,C 300 4MATIC,[PREMIUM],[PREMIUM],27556,Sedan,designo Cardinal Red Metallic,Silk Beige/Black,All-wheel Drive,,,Gasoline,,,dealership,[PREMIUM],Parker,CO,/vehicles/vehicle-type-5.webp,,[],,,[PREMIUM]
56139c41-9729-402c-a122-9573cd39ab37,2026-04-24 21:49:36.145,2026-04-24 21:49:36.145,56139c41-9729-402c-a122-9573cd39ab37,[PREMIUM],Used,2018,Toyota,Highlander,XLE,[PREMIUM],[PREMIUM],107029,SUV,Predawn Gray Mica,Ash,AWD,,,Gasoline,,,dealership,[PREMIUM],Boise,ID,/vehicles/vehicle-type-3.webp,,[],,,[PREMIUM]
10872a94-cab4-458b-958c-2def4dcd0e64,2026-04-24 21:49:36.143,2026-04-24 21:49:36.143,10872a94-cab4-458b-958c-2def4dcd0e64,[PREMIUM],Used,2018,Jeep,Grand Cherokee,Altitude,[PREMIUM],[PREMIUM],86168,SUV,Rhino Clearcoat,Black,Four-wheel Drive,,,Gasoline,,,dealership,[PREMIUM],North Branch,MN,/vehicles/vehicle-type-5.webp,,[],,,[PREMIUM]
091c9d98-67dd-4ade-aefc-48c2bfc6cd25,2026-04-24 21:49:26.271,2026-04-24 21:49:26.271,091c9d98-67dd-4ade-aefc-48c2bfc6cd25,[PREMIUM],Used,2018,Mazda,Mazda3,Grand Touring,[PREMIUM],[PREMIUM],28673,Hatchback,Blue,BLACK,Rear-wheel Drive,,,Gasoline,,,dealership,[PREMIUM],Roseville,CA,/vehicles/vehicle-type-2.webp,,[],,,[PREMIUM]
e0da72aa-41fb-4665-ac05-8d9e2f85d677,2026-04-24 21:49:26.017,2026-04-24 21:49:26.017,e0da72aa-41fb-4665-ac05-8d9e2f85d677,[PREMIUM],Used,2018,Honda,CR-V,EX-L,[PREMIUM],[PREMIUM],83045,SUV,Gray,GRAY,2WD,,,Gas,,,dealership,[PREMIUM],Greensboro,NC,/vehicles/vehicle-type-6.webp,,[],,,[PREMIUM]
ff7cf14b-eaae-405c-84b2-55a92885771d,2026-04-24 21:49:25.968,2026-04-24 21:49:25.968,ff7cf14b-eaae-405c-84b2-55a92885771d,[PREMIUM],Used,2018,Toyota,Camry,XSE,[PREMIUM],[PREMIUM],76186,Sedan,Pearl,Red,Front-wheel Drive,,,Gasoline,,,dealership,[PREMIUM],Riverside,CA,/vehicles/vehicle-type-5.webp,,[],,,[PREMIUM]
6578c8d8-f771-4946-9c15-4f9c93094d82,2026-04-24 21:49:25.946,2026-04-27 21:49:53.423,6578c8d8-f771-4946-9c15-4f9c93094d82,[PREMIUM],Used,2018,Honda,CR-V,EX,[PREMIUM],[PREMIUM],40174,SUV,White,TAN,Four-wheel Drive,,,Gasoline,,,dealership,[PREMIUM],Roseville,CA,/vehicles/vehicle-type-6.webp,,[],,,[PREMIUM]
6921d6e2-29b3-4466-bf99-9839f21f35d9,2026-04-24 21:49:25.945,2026-04-24 21:49:25.945,6921d6e2-29b3-4466-bf99-9839f21f35d9,[PREMIUM],Used,2018,Honda,Accord,EX-L,[PREMIUM],[PREMIUM],97703,Sedan,White,WHITE,Rear-wheel Drive,,,Gasoline,,,dealership,[PREMIUM],Tulsa,OK,/vehicles/vehicle-type-1.webp,,[],,,[PREMIUM]
a26098ba-5100-4d6e-84b5-6ae5eda96432,2026-04-24 21:49:25.940,2026-04-27 21:49:43.201,a26098ba-5100-4d6e-84b5-6ae5eda96432,[PREMIUM],Used,2018,Chevrolet,Equinox,Premier,[PREMIUM],[PREMIUM],55122,SUV,Black,BLACK,Four-wheel Drive,,,Gasoline,,,dealership,[PREMIUM],Federal Heights,CO,/vehicles/vehicle-type-1.webp,,[],,,[PREMIUM]
0ac868c4-2d07-49b1-9938-3c2b3556945f,2026-04-24 21:49:15.654,2026-04-24 21:49:15.654,0ac868c4-2d07-49b1-9938-3c2b3556945f,[PREMIUM],Used,2018,Subaru,Forester,2.5I,[PREMIUM],[PREMIUM],46645,SUV,Blue,GRAY,Four-wheel Drive,,,Gasoline,,,dealership,[PREMIUM],Renton,WA,/vehicles/vehicle-type-4.webp,,[],,,[PREMIUM]
bc0b068a-2023-40fc-9366-57952b05cc6e,2026-04-24 21:49:15.576,2026-04-24 21:49:15.576,bc0b068a-2023-40fc-9366-57952b05cc6e,[PREMIUM],Used,2018,Jeep,Grand Cherokee,Altitude,[PREMIUM],[PREMIUM],88293,SUV,Black,BLACK,Four-wheel Drive,,,Gasoline,,,dealership,[PREMIUM],Franklin,TN,/vehicles/vehicle-type-2.webp,,[],,,[PREMIUM]
1e52c7fd-887a-4339-bb86-6dee275894e8,2026-04-24 21:49:05.511,2026-04-24 21:49:05.511,1e52c7fd-887a-4339-bb86-6dee275894e8,[PREMIUM],Used,2019,BMW,540,i xDrive,[PREMIUM],[PREMIUM],83668,Sedan,White,Brown,All-wheel Drive,,,Gasoline,,,dealership,[PREMIUM],Mchenry,IL,/vehicles/vehicle-type-5.webp,,[],,,[PREMIUM]
818311d8-8773-4277-b406-b8b46ecb0d4a,2026-04-24 21:48:55.415,2026-04-24 21:48:55.415,818311d8-8773-4277-b406-b8b46ecb0d4a,[PREMIUM],Used,2019,Toyota,RAV4,XLE Premium,[PREMIUM],[PREMIUM],77653,SUV,Ruby Flare Pearl,Black,All-wheel Drive,,,Gasoline,,,dealership,[PREMIUM],Bradenton,FL,/vehicles/vehicle-type-1.webp,,[],,,[PREMIUM]
7a91d2cc-6b92-4f78-b4bf-865a826b74c7,2026-04-24 21:48:35.361,2026-04-24 21:48:35.361,7a91d2cc-6b92-4f78-b4bf-865a826b74c7,[PREMIUM],Used,2019,Acura,RDX,,[PREMIUM],[PREMIUM],94629,SUV,Black,TAN,Rear-wheel Drive,,,Gasoline,,,dealership,[PREMIUM],Wichita,KS,/vehicles/vehicle-type-5.webp,,[],,,[PREMIUM]
cff4876a-d44a-48d3-a15c-1c7601199c7f,2026-04-24 21:48:35.271,2026-04-24 21:48:35.271,cff4876a-d44a-48d3-a15c-1c7601199c7f,[PREMIUM],Used,2019,Honda,Civic,EX,[PREMIUM],[PREMIUM],65529,Sedan,Silver,BLACK,Rear-wheel Drive,,,Gasoline,,,dealership,[PREMIUM],Lynchburg,VA,/vehicles/vehicle-type-3.webp,,[],,,[PREMIUM]
57a84737-7aa4-40bc-acd1-fd2db5439f88,2026-04-24 21:48:25.156,2026-04-27 21:48:43.293,57a84737-7aa4-40bc-acd1-fd2db5439f88,[PREMIUM],Used,2019,GMC,Terrain,SLE,[PREMIUM],[PREMIUM],37697,SUV,Gray,BLACK,Rear-wheel Drive,,,Gasoline,,,dealership,[PREMIUM],Gulfport,MS,/vehicles/vehicle-type-1.webp,,[],,,[PREMIUM]
1898c0a8-fa4b-4daf-90fd-addaae696346,2026-04-24 21:48:25.115,2026-04-30 21:48:56.543,1898c0a8-fa4b-4daf-90fd-addaae696346,[PREMIUM],Used,2019,Toyota,RAV4,XLE,[PREMIUM],[PREMIUM],83304,SUV,Silver,GRAY,Rear-wheel Drive,,,Gasoline,,,dealership,[PREMIUM],El Paso,TX,/vehicles/vehicle-type-3.webp,,[],,,[PREMIUM]
26b6b433-6f6c-4bd3-a62e-fe4b9c56133f,2026-04-24 21:48:25.108,2026-04-24 21:48:25.108,26b6b433-6f6c-4bd3-a62e-fe4b9c56133f,[PREMIUM],Used,2019,Ford,F-150,XLT,[PREMIUM],[PREMIUM],120189,Truck,Black,BLACK,2WD,,,Gas,,,dealership,[PREMIUM],Wilmington,NC,/vehicles/vehicle-type-5.webp,,[],,,[PREMIUM]
33b2ff3b-287c-46ad-b051-6aae9ee04f12,2026-04-24 21:48:25.099,2026-04-24 21:48:25.099,33b2ff3b-287c-46ad-b051-6aae9ee04f12,[PREMIUM],Used,2019,Porsche,Cayenne,Base,[PREMIUM],[PREMIUM],97706,SUV,Quartzite Metallic,Slate Gray,All-wheel Drive,,,Gasoline,,,dealership,[PREMIUM],Miami,FL,/vehicles/vehicle-type-1.webp,,[],,,[PREMIUM]
86b43231-1c57-46b3-a3d5-38bb137db607,2026-04-24 21:48:25.050,2026-04-24 21:48:25.050,86b43231-1c57-46b3-a3d5-38bb137db607,[PREMIUM],Used,2019,Toyota,RAV4,LE,[PREMIUM],[PREMIUM],75865,SUV,Red,CREAM,Four-wheel Drive,,,Gasoline,,,dealership,[PREMIUM],Omaha,NE,/vehicles/vehicle-type-1.webp,,[],,,[PREMIUM]
fa5587b3-3db3-4b4b-8736-23becc047f44,2026-04-24 21:48:25.031,2026-04-24 21:48:25.031,fa5587b3-3db3-4b4b-8736-23becc047f44,[PREMIUM],Used,2019,Toyota,Camry,SE,[PREMIUM],[PREMIUM],77215,Sedan,Blue,BLACK,2WD,,,Gas,,,dealership,[PREMIUM],Gilbert,AZ,/vehicles/vehicle-type-5.webp,,[],,,[PREMIUM]
a98f4d4f-cc1a-4251-9ba1-e77bdc9eda0f,2026-04-24 21:48:25.027,2026-04-24 21:48:25.027,a98f4d4f-cc1a-4251-9ba1-e77bdc9eda0f,[PREMIUM],Used,2019,Honda,Accord,Sport,[PREMIUM],[PREMIUM],48199,Sedan,White,BLACK,Rear-wheel Drive,,,Gasoline,,,dealership,[PREMIUM],El Paso,TX,/vehicles/vehicle-type-1.webp,,[],,,[PREMIUM]
6160c1c8-fb6a-4115-aba0-69ce9bc4e469,2026-04-24 21:48:25.016,2026-04-24 21:48:25.016,6160c1c8-fb6a-4115-aba0-69ce9bc4e469,[PREMIUM],Used,2020,Cadillac,XT4,Premium Luxury,[PREMIUM],[PREMIUM],61509,SUV,Crystal White Tricoat,Sedona/Jet Black,All-wheel Drive,,,Gasoline,,,dealership,[PREMIUM],Wooster,OH,/vehicles/vehicle-type-6.webp,,[],,,[PREMIUM]
a32ed4b8-7770-446d-8865-b31f90471429,2026-04-24 21:48:25.015,2026-04-24 21:48:25.015,a32ed4b8-7770-446d-8865-b31f90471429,[PREMIUM],Used,2019,Chevrolet,Silverado 1500,Custom,[PREMIUM],[PREMIUM],70542,Truck,White,BLACK,Rear-wheel Drive,,,Gasoline,,,dealership,[PREMIUM],Canoga Park,CA,/vehicles/vehicle-type-3.webp,,[],,,[PREMIUM]
13c0096e-9772-4d17-9853-028ae1692e94,2026-04-24 21:48:25.014,2026-04-24 21:48:25.014,13c0096e-9772-4d17-9853-028ae1692e94,[PREMIUM],Used,2019,Volkswagen,Atlas,SE,[PREMIUM],[PREMIUM],32919,SUV,Black,TAN,Four-wheel Drive,,,Gasoline,,,dealership,[PREMIUM],Sterling,VA,/vehicles/vehicle-type-3.webp,,[],,,[PREMIUM]
c6c8bad6-b3cc-4318-bdd0-fa215c201707,2026-04-24 21:48:25.007,2026-04-24 21:48:25.007,c6c8bad6-b3cc-4318-bdd0-fa215c201707,[PREMIUM],Used,2019,Mazda,CX-5,Touring,[PREMIUM],[PREMIUM],29805,SUV,Blue,BLACK,Four-wheel Drive,,,Gasoline,,,dealership,[PREMIUM],Frederick,MD,/vehicles/vehicle-type-6.webp,,[],,,[PREMIUM]
b9d5fe20-13cd-4554-9f3e-45f04c808ddd,2026-04-24 21:48:24.993,2026-04-24 21:48:24.993,b9d5fe20-13cd-4554-9f3e-45f04c808ddd,[PREMIUM],Used,2019,Mercedes-Benz,GLA 250,,[PREMIUM],[PREMIUM],57027,SUV,White,TAN,Rear-wheel Drive,,,Gasoline,,,dealership,[PREMIUM],Huntsville,AL,/vehicles/vehicle-type-1.webp,,[],,,[PREMIUM]
57a6114c-4e19-4cdf-a154-b1946dec1b51,2026-04-24 21:48:24.988,2026-04-24 21:48:24.988,57a6114c-4e19-4cdf-a154-b1946dec1b51,[PREMIUM],Used,2019,Volvo,S60 Hybrid,T8 Inscription,[PREMIUM],[PREMIUM],85558,Sedan,White,BROWN,Four-wheel Drive,,,Plug-In Hybrid,,,dealership,[PREMIUM],Bakersfield,CA,/vehicles/vehicle-type-3.webp,,[],,,[PREMIUM]
eba83e36-5678-4f5d-a933-fb02f779c0b6,2026-04-24 21:48:14.592,2026-04-27 21:48:22.939,eba83e36-5678-4f5d-a933-fb02f779c0b6,[PREMIUM],Used,2020,Chrysler,Pacifica,Touring L,[PREMIUM],[PREMIUM],28986,Minivan,Brilliant Black Crystal Pearlcoat,Cognac/Alloy,Front-wheel Drive,,,Gasoline,,,dealership,[PREMIUM],Hamilton,NJ,/vehicles/vehicle-type-7.webp,,[],,,[PREMIUM]
427f3ad3-8665-484c-9844-06873d88bf73,2026-04-24 21:48:14.514,2026-04-24 21:48:14.514,427f3ad3-8665-484c-9844-06873d88bf73,[PREMIUM],Used,2020,Tesla,Model 3,Long Range,[PREMIUM],[PREMIUM],50647,Sedan,Red,BLACK,Four-wheel Drive,,,Electric,,,dealership,[PREMIUM],Gilbert,AZ,/vehicles/vehicle-type-5.webp,,[],,,[PREMIUM]
65d1428c-d33d-4b83-a439-4b2fe9509ab2,2026-04-24 21:48:14.477,2026-04-27 21:48:22.853,65d1428c-d33d-4b83-a439-4b2fe9509ab2,[PREMIUM],Used,2020,Audi,Q5,40 Premium Plus,[PREMIUM],[PREMIUM],37014,SUV,Manhattan Gray Metallic,Black,All-wheel Drive,,,Gasoline,,,dealership,[PREMIUM],Fort Worth,TX,/vehicles/vehicle-type-4.webp,,[],,,[PREMIUM]
b8a377d2-b553-47a8-8b08-4e207a20d846,2026-04-24 21:48:14.454,2026-04-24 21:48:14.454,b8a377d2-b553-47a8-8b08-4e207a20d846,[PREMIUM],Used,2020,Jeep,Grand Cherokee,Trailhawk,[PREMIUM],[PREMIUM],103857,SUV,Bright White Clearcoat,Ruby Red/Black,Four-wheel Drive,,,Gasoline,,,dealership,[PREMIUM],Madison,WI,/vehicles/vehicle-type-5.webp,,[],,,[PREMIUM]
e51ed5eb-74ba-4e81-a993-3512ae22b18d,2026-04-24 21:48:14.418,2026-04-24 21:48:14.418,e51ed5eb-74ba-4e81-a993-3512ae22b18d,[PREMIUM],Used,2020,Nissan,NV200,SV,[PREMIUM],[PREMIUM],31041,Minivan,Brilliant Silver Metallic,Grey,Front-wheel Drive,,,Gasoline,,,dealership,[PREMIUM],Sykesville,MD,/vehicles/vehicle-type-4.webp,,[],,,[PREMIUM]
3a15a5f7-e815-49ed-8143-f8df24ab9710,2026-04-24 21:48:14.402,2026-04-24 21:48:14.402,3a15a5f7-e815-49ed-8143-f8df24ab9710,[PREMIUM],Used,2020,Honda,CR-V,AWD EX-L,[PREMIUM],[PREMIUM],57867,SUV,Crystal Black Pearl,,All-wheel Drive,,,Gasoline,,,dealership,[PREMIUM],Roslyn,NY,/vehicles/vehicle-type-5.webp,,[],,,[PREMIUM]
27d1c546-9c31-4037-b1c1-25c6b235e0dd,2026-04-24 21:48:04.481,2026-04-24 21:48:04.481,27d1c546-9c31-4037-b1c1-25c6b235e0dd,[PREMIUM],Used,2020,Audi,A6,Premium Plus,[PREMIUM],[PREMIUM],48317,Sedan,White,BROWN,Four-wheel Drive,,,Gasoline,,,dealership,[PREMIUM],Fort Myers,FL,/vehicles/vehicle-type-6.webp,,[],,,[PREMIUM]
c60ba040-a86c-4c0b-b5c6-778921f9c4f8,2026-04-24 21:48:04.361,2026-04-24 21:48:04.361,c60ba040-a86c-4c0b-b5c6-778921f9c4f8,[PREMIUM],Used,2020,INFINITI,QX60,Luxe,[PREMIUM],[PREMIUM],42032,SUV,White,BLACK,Rear-wheel Drive,,,Gasoline,,,dealership,[PREMIUM],Murrieta,CA,/vehicles/vehicle-type-5.webp,,[],,,[PREMIUM]
5826f954-d22f-42c9-955d-e3c9f45439ad,2026-04-24 21:48:04.360,2026-04-24 21:48:04.360,5826f954-d22f-42c9-955d-e3c9f45439ad,[PREMIUM],Used,2020,Toyota,Tacoma,SR5,[PREMIUM],[PREMIUM],98177,Truck,Magnetic Gray Metallic,Cement,Rear-wheel Drive,,,Gasoline,,,dealership,[PREMIUM],West Palm Beach,FL,/vehicles/vehicle-type-4.webp,,[],,,[PREMIUM]
052961f1-f64b-44f4-ba86-829ed4c42f98,2026-04-24 21:48:04.202,2026-05-03 21:48:39.051,052961f1-f64b-44f4-ba86-829ed4c42f98,[PREMIUM],Used,2020,Honda,CR-V,2WD Touring,[PREMIUM],[PREMIUM],81640,SUV,Sonic Gray Pearl,Black,Front-wheel Drive,,,Gasoline,,,dealership,[PREMIUM],Katy,TX,/vehicles/vehicle-type-3.webp,,[],,,[PREMIUM]
8ea8c128-d0aa-4d64-a713-a1a0d0762bd6,2026-04-24 21:48:04.198,2026-04-27 21:48:13.163,8ea8c128-d0aa-4d64-a713-a1a0d0762bd6,[PREMIUM],Used,2020,Jeep,Grand Cherokee,Overland,[PREMIUM],[PREMIUM],70482,SUV,White,BLACK,Four-wheel Drive,,,Gasoline,,,dealership,[PREMIUM],Milwaukie,OR,/vehicles/vehicle-type-5.webp,,[],,,[PREMIUM]
b01355a4-e979-4904-9072-c30eb267326b,2026-04-24 21:48:04.187,2026-04-24 21:48:04.187,b01355a4-e979-4904-9072-c30eb267326b,[PREMIUM],Used,2020,Jeep,Wrangler,Sport S,[PREMIUM],[PREMIUM],105530,SUV,Blue,BLACK,Four-wheel Drive,,,Gasoline,,,dealership,[PREMIUM],Winterville,NC,/vehicles/vehicle-type-3.webp,,[],,,[PREMIUM]
5adacb5f-5e3c-48b1-980c-3b8dfc2b6b58,2026-04-24 21:48:04.173,2026-05-06 21:48:53.148,5adacb5f-5e3c-48b1-980c-3b8dfc2b6b58,[PREMIUM],Used,2020,Nissan,Altima,SR,[PREMIUM],[PREMIUM],20914,Sedan,Red,BLACK,Four-wheel Drive,,,Gasoline,,,dealership,[PREMIUM],Hamilton,NJ,/vehicles/vehicle-type-7.webp,,[],,,[PREMIUM]
1cceba29-8864-433a-806c-918a6e94800b,2026-04-24 21:48:04.171,2026-04-24 21:48:04.171,1cceba29-8864-433a-806c-918a6e94800b,[PREMIUM],Used,2020,Lincoln,Corsair,Standard,[PREMIUM],[PREMIUM],52671,SUV,Silver,GRAY,Four-wheel Drive,,,Gasoline,,,dealership,[PREMIUM],Cincinnati,OH,/vehicles/vehicle-type-4.webp,,[],,,[PREMIUM]
8aaf47bd-e164-4c1a-a404-fabe67db76c3,2026-04-24 21:48:04.169,2026-04-24 21:48:04.169,8aaf47bd-e164-4c1a-a404-fabe67db76c3,[PREMIUM],Used,2020,Subaru,Impreza,Premium,[PREMIUM],[PREMIUM],60521,Hatchback,Pearl,TAN,Four-wheel Drive,,,Gasoline,,,dealership,[PREMIUM],Fairfield,CA,/vehicles/vehicle-type-1.webp,,[],,,[PREMIUM]
d5f7dcca-8382-41f6-a678-534e6366ab5b,2026-04-24 21:48:04.169,2026-04-24 21:48:04.169,d5f7dcca-8382-41f6-a678-534e6366ab5b,[PREMIUM],Used,2020,BMW,430,I Gran Coupe,[PREMIUM],[PREMIUM],72881,Hatchback,Black,BLACK,Rear-wheel Drive,,,Gasoline,,,dealership,[PREMIUM],Garland,TX,/vehicles/vehicle-type-7.webp,,[],,,[PREMIUM]
f1ef4e48-5a5d-4af8-8cd1-01f4e5c3de96,2026-04-24 21:48:04.163,2026-04-24 21:48:04.163,f1ef4e48-5a5d-4af8-8cd1-01f4e5c3de96,[PREMIUM],Used,2020,Hyundai,PALISADE,SEL,[PREMIUM],[PREMIUM],84986,SUV,Gray,GRAY,Rear-wheel Drive,,,Gasoline,,,dealership,[PREMIUM],Columbia,SC,/vehicles/vehicle-type-3.webp,,[],,,[PREMIUM]
